Date,High_^FCHI,Low_^FCHI,Open_^FCHI,Close_^FCHI,Volume_^FCHI
2020-01-02,6062.919921875,6011.2099609375,6016.60986328125,6041.5,63958300
2020-01-03,6044.16015625,5994.58984375,6007.9599609375,6044.16015625,60488000
2020-01-06,6017.97021484375,5955.25,6001.2099609375,6013.58984375,69063700
2020-01-07,6065.740234375,6000.0,6033.22021484375,6012.35009765625,69593800
2020-01-08,6031.0,5972.77001953125,5986.81005859375,6031.0,71431600
2020-01-09,6071.66015625,6034.14990234375,6066.75,6042.5498046875,67961100
2020-01-10,6057.830078125,6028.2900390625,6056.740234375,6037.10986328125,64393300
2020-01-13,6058.68994140625,6018.330078125,6040.91015625,6036.14013671875,65192400
2020-01-14,6046.1201171875,5980.0498046875,6037.4501953125,6040.89013671875,75439500
2020-01-15,6053.009765625,6011.27978515625,6042.72021484375,6032.60986328125,79851500
2020-01-16,6058.97021484375,6021.02978515625,6039.6201171875,6039.02978515625,76032900
2020-01-17,6109.81005859375,6066.2900390625,6066.2900390625,6100.72021484375,79316600
2020-01-20,6094.08984375,6071.169921875,6092.97021484375,6078.5400390625,41270000
2020-01-21,6045.990234375,5994.169921875,6034.240234375,6045.990234375,63922800
2020-01-22,6069.259765625,6005.77001953125,6053.85009765625,6010.97998046875,69408800
2020-01-23,6024.31982421875,5961.8701171875,5992.47021484375,5971.7900390625,90037200
2020-01-24,6064.5498046875,6016.77001953125,6019.60009765625,6024.259765625,82330600
2020-01-27,5942.830078125,5851.0,5924.06005859375,5863.02001953125,104036300
2020-01-28,5933.72021484375,5857.22998046875,5886.81005859375,5925.81982421875,84491600
2020-01-29,5969.72998046875,5916.22998046875,5921.97021484375,5954.89013671875,74107000
2020-01-30,5904.080078125,5846.4501953125,5886.02001953125,5871.77001953125,89992200
2020-01-31,5894.68994140625,5799.0400390625,5891.7099609375,5806.33984375,101862600
2020-02-03,5857.39990234375,5804.14013671875,5822.0400390625,5832.509765625,75677800
2020-02-04,5935.0498046875,5862.81982421875,5863.35986328125,5935.0498046875,85595000
2020-02-05,6004.330078125,5912.490234375,5919.06005859375,5985.39990234375,107839000
2020-02-06,6050.93994140625,6008.5498046875,6045.0400390625,6038.18017578125,106153100
2020-02-07,6044.97021484375,5999.9501953125,6027.5400390625,6029.75,82348500
2020-02-10,6018.31005859375,5993.91015625,6008.47998046875,6015.669921875,65703100
2020-02-11,6060.97021484375,6032.7900390625,6047.9599609375,6054.759765625,81568400
2020-02-12,6104.72998046875,6062.97021484375,6064.25,6104.72998046875,92681200
2020-02-13,6098.259765625,6028.27978515625,6076.919921875,6093.14013671875,92665700
2020-02-14,6096.06982421875,6067.14013671875,6096.06982421875,6069.35009765625,77985500
2020-02-17,6088.60009765625,6064.919921875,6079.52978515625,6085.9501953125,58001900
2020-02-18,6079.5,6039.93994140625,6042.3798828125,6056.81982421875,89930300
2020-02-19,6111.41015625,6072.66015625,6086.10986328125,6111.240234375,80156900
2020-02-20,6110.9501953125,6062.2998046875,6105.169921875,6062.2998046875,91055800
2020-02-21,6067.2900390625,5995.14013671875,6035.02978515625,6029.72021484375,97327600
2020-02-24,5884.85986328125,5765.169921875,5875.85986328125,5791.8701171875,175269600
2020-02-25,5828.4599609375,5670.7099609375,5825.3701171875,5679.68017578125,143623800
2020-02-26,5707.31005859375,5526.14013671875,5646.14013671875,5684.5498046875,161976300
2020-02-27,5613.72021484375,5421.31005859375,5571.72021484375,5495.60009765625,216328100
2020-02-28,5376.0498046875,5229.56005859375,5310.81982421875,5309.89990234375,268468000
2020-03-02,5430.0498046875,5197.56982421875,5416.02001953125,5333.52001953125,201844000
2020-03-03,5509.27978515625,5371.66015625,5408.14990234375,5393.169921875,186265500
2020-03-04,5493.25,5357.35009765625,5400.43017578125,5464.89013671875,152463500
2020-03-05,5494.16015625,5329.240234375,5490.52001953125,5361.10009765625,155475900
2020-03-06,5284.080078125,5117.56982421875,5253.81982421875,5139.10986328125,198425500
2020-03-09,4863.33984375,4691.2001953125,4845.27001953125,4707.91015625,329160800
2020-03-10,4924.83984375,4615.16015625,4770.6201171875,4636.60986328125,280309600
2020-03-11,4766.0,4603.0498046875,4716.22021484375,4610.25,206895800
2020-03-12,4404.259765625,4025.889892578125,4374.669921875,4044.260009765625,371403200
2020-03-13,4438.509765625,4055.18994140625,4234.3701171875,4118.35986328125,326461800
2020-03-16,3962.010009765625,3632.06005859375,3886.820068359375,3881.4599609375,311603900
2020-03-17,4042.4599609375,3759.0,4041.330078125,3991.780029296875,225787000
2020-03-18,3908.719970703125,3726.449951171875,3905.530029296875,3754.840087890625,214274700
2020-03-19,3909.14990234375,3691.080078125,3833.989990234375,3855.5,199534100
2020-03-20,4109.10986328125,3984.300048828125,4066.7900390625,4048.800048828125,271872900
2020-03-23,4097.81982421875,3851.169921875,3869.010009765625,3914.31005859375,195845200
2020-03-24,4242.7001953125,4038.06005859375,4087.610107421875,4242.7001953125,185439800
2020-03-25,4453.009765625,4221.31982421875,4339.7099609375,4432.2998046875,176942500
2020-03-26,4543.580078125,4296.06005859375,4332.7900390625,4543.580078125,150657300
2020-03-27,4471.3701171875,4288.66015625,4433.9501953125,4351.490234375,144021100
2020-03-30,4379.14990234375,4216.41015625,4362.08984375,4378.509765625,119404100
2020-03-31,4468.52001953125,4309.72021484375,4437.77978515625,4396.1201171875,151397700
2020-04-01,4266.68994140625,4186.4501953125,4259.93994140625,4207.240234375,141856100
2020-04-02,4265.56005859375,4143.16015625,4243.83984375,4220.9599609375,135203200
2020-04-03,4214.58984375,4142.27978515625,4204.81005859375,4154.580078125,124037700
2020-04-06,4353.2099609375,4268.52001953125,4298.5,4346.14013671875,141469800
2020-04-07,4527.60009765625,4379.27001953125,4489.39990234375,4438.27001953125,146543100
2020-04-08,4442.75,4333.08984375,4397.35986328125,4442.75,96256500
2020-04-09,4543.68994140625,4409.0400390625,4512.2998046875,4506.85009765625,126589000
2020-04-14,4577.83984375,4497.56005859375,4553.5498046875,4523.91015625,104764600
2020-04-15,4525.5,4335.58984375,4511.8701171875,4353.72021484375,119358000
2020-04-16,4418.64990234375,4318.89990234375,4402.3798828125,4350.16015625,107745200
2020-04-17,4550.77978515625,4464.08984375,4470.919921875,4499.009765625,134393000
2020-04-20,4531.33984375,4426.240234375,4531.33984375,4528.2998046875,79833400
2020-04-21,4477.31005859375,4357.4599609375,4467.490234375,4357.4599609375,98896700
2020-04-22,4417.56982421875,4361.43994140625,4382.2001953125,4411.7998046875,84195800
2020-04-23,4495.89990234375,4395.75,4450.18994140625,4451.0,90083500
2020-04-24,4448.72998046875,4366.08984375,4387.02978515625,4393.31982421875,81295300
2020-04-27,4505.259765625,4448.0498046875,4479.85986328125,4505.259765625,75900400
2020-04-28,4601.93994140625,4493.509765625,4507.419921875,4569.7900390625,104388900
2020-04-29,4678.93017578125,4552.81005859375,4566.2900390625,4671.10986328125,111685100
2020-04-30,4719.740234375,4554.91015625,4693.27978515625,4572.18017578125,141611100
2020-05-04,4427.740234375,4362.1298828125,4413.14013671875,4378.22998046875,124810600
2020-05-05,4492.52001953125,4419.9501953125,4455.740234375,4483.1298828125,93373300
2020-05-06,4484.16015625,4425.77978515625,4484.16015625,4433.3798828125,83242500
2020-05-07,4503.93994140625,4440.97998046875,4456.43994140625,4501.43994140625,78225400
2020-05-08,4560.18994140625,4519.58984375,4538.08984375,4549.64013671875,49408600
2020-05-11,4569.759765625,4460.240234375,4561.18994140625,4490.22021484375,83493200
2020-05-12,4499.39013671875,4453.64990234375,4473.43017578125,4472.5,99269700
2020-05-13,4422.740234375,4336.56005859375,4420.5,4344.9501953125,103285300
2020-05-14,4313.259765625,4194.580078125,4294.009765625,4273.1298828125,127632000
2020-05-15,4335.77001953125,4255.18994140625,4314.97021484375,4277.6298828125,111236400
2020-05-18,4508.9501953125,4354.72998046875,4361.02978515625,4498.33984375,119506400
2020-05-19,4536.06982421875,4421.10986328125,4536.06982421875,4458.16015625,138767200
2020-05-20,4499.7900390625,4396.2001953125,4434.6201171875,4496.97998046875,107244100
2020-05-21,4498.080078125,4429.27001953125,4443.919921875,4445.4501953125,88243500
2020-05-22,4475.35009765625,4368.7998046875,4381.81982421875,4444.56005859375,99188200
2020-05-25,4539.91015625,4451.56005859375,4482.5400390625,4539.91015625,65971900
2020-05-26,4619.83984375,4573.89013671875,4588.2998046875,4606.240234375,140172500
2020-05-27,4711.990234375,4614.41015625,4621.77001953125,4688.740234375,177960100
2020-05-28,4784.08984375,4701.52001953125,4718.10986328125,4771.39013671875,127442900
2020-05-29,4768.85009765625,4695.35986328125,4733.97998046875,4695.43994140625,167179700
2020-06-01,4782.02978515625,4721.6298828125,4776.72021484375,4762.77978515625,75978000
2020-06-02,4880.14990234375,4795.27978515625,4799.8798828125,4858.97021484375,126839400
2020-06-03,5026.4501953125,4909.990234375,4911.4501953125,5022.3798828125,160112800
2020-06-04,5052.75,4966.81982421875,4994.18017578125,5011.97998046875,138794600
2020-06-05,5199.64990234375,5060.919921875,5060.919921875,5197.7900390625,186841500
2020-06-08,5213.669921875,5137.2001953125,5159.2998046875,5175.52001953125,152914400
2020-06-09,5203.419921875,5053.2099609375,5187.08984375,5095.10986328125,160534800
2020-06-10,5152.4501953125,5043.56982421875,5119.85986328125,5053.419921875,121335100
2020-06-11,4956.2998046875,4815.60009765625,4925.9501953125,4815.60009765625,161274600
2020-06-12,4940.7900390625,4759.169921875,4774.10986328125,4839.259765625,133164300
2020-06-15,4841.52978515625,4691.81005859375,4716.97998046875,4815.72021484375,111889900
2020-06-16,5006.7900390625,4887.56005859375,4922.7900390625,4952.4599609375,144445800
2020-06-17,5026.83984375,4952.56982421875,4952.56982421875,4995.97021484375,107060900
2020-06-18,5017.18017578125,4908.60009765625,4978.2998046875,4958.75,101195000
2020-06-19,5040.47021484375,4979.4501953125,4997.52978515625,4979.4501953125,219575400
2020-06-22,5006.39990234375,4902.06005859375,4928.009765625,4948.7001953125,84695500
2020-06-23,5046.31005859375,4962.60009765625,4972.8798828125,5017.68017578125,101534900
2020-06-24,5004.0400390625,4871.35986328125,4985.6298828125,4871.35986328125,97104300
2020-06-25,4941.9599609375,4795.0498046875,4860.16015625,4918.580078125,99381800
2020-06-26,5014.830078125,4908.14990234375,4965.72021484375,4909.64013671875,83954200
2020-06-29,4977.6298828125,4867.330078125,4887.22998046875,4945.4599609375,94421100
2020-06-30,4967.35009765625,4901.9599609375,4958.93994140625,4935.990234375,102399800
2020-07-01,4963.3701171875,4851.3701171875,4939.7998046875,4926.93994140625,94498400
2020-07-02,5072.7099609375,4956.66015625,4963.1298828125,5049.3798828125,115448500
2020-07-03,5062.509765625,4982.240234375,5056.669921875,5007.14013671875,61984900
2020-07-06,5121.72021484375,5059.06982421875,5112.5,5081.509765625,88519700
2020-07-07,5056.52001953125,5009.02978515625,5054.0400390625,5043.72998046875,75993100
2020-07-08,5040.52001953125,4969.830078125,5004.81982421875,4981.1298828125,79877900
2020-07-09,5014.85009765625,4911.56005859375,5006.52001953125,4921.009765625,83118100
2020-07-10,4974.3701171875,4882.5,4891.60986328125,4970.47998046875,82357100
2020-07-13,5060.43017578125,4980.1201171875,5026.2001953125,5056.22998046875,75191300
2020-07-14,5007.4599609375,4941.72998046875,4990.47998046875,5007.4599609375,83503800
2020-07-15,5145.330078125,5039.18994140625,5045.919921875,5108.97998046875,97819900
2020-07-16,5105.1201171875,5048.31982421875,5076.52001953125,5085.27978515625,69535800
2020-07-17,5091.1298828125,5045.06982421875,5088.0,5069.419921875,82550600
2020-07-20,5100.7900390625,5015.10986328125,5058.47998046875,5093.18017578125,65186800
2020-07-21,5172.97998046875,5097.419921875,5129.77978515625,5104.27978515625,85782100
2020-07-22,5099.2900390625,5028.47998046875,5098.47998046875,5037.1201171875,75799200
2020-07-23,5083.97021484375,5019.2099609375,5064.72021484375,5033.759765625,79473700
2020-07-24,4982.1201171875,4925.41015625,4973.72998046875,4956.43017578125,76465000
2020-07-27,4957.77001953125,4923.18994140625,4944.2998046875,4939.6201171875,74167000
2020-07-28,4950.009765625,4893.6298828125,4930.10009765625,4928.93994140625,78674500
2020-07-29,4978.5,4945.580078125,4948.47998046875,4958.740234375,75517100
2020-07-30,4952.3798828125,4801.02001953125,4952.080078125,4852.93994140625,137065700
2020-07-31,4902.89990234375,4783.68994140625,4866.240234375,4783.68994140625,129676300
2020-08-03,4899.52001953125,4763.60009765625,4797.06005859375,4875.93017578125,104619900
2020-08-04,4920.7998046875,4856.64990234375,4905.66015625,4889.52001953125,86945300
2020-08-05,4954.60009765625,4907.41015625,4916.9599609375,4933.33984375,74970100
2020-08-06,4951.85986328125,4860.97998046875,4919.41015625,4885.1298828125,80015300
2020-08-07,4896.2099609375,4843.89990234375,4873.10009765625,4889.52001953125,62365400
2020-08-10,4937.6298828125,4878.580078125,4905.27001953125,4909.509765625,62044500
2020-08-11,5052.1201171875,4949.0498046875,4952.41015625,5027.990234375,97809400
2020-08-12,5096.52978515625,5010.7998046875,5017.72998046875,5073.31005859375,76792800
2020-08-13,5079.02001953125,5037.5498046875,5055.419921875,5042.3798828125,57693500
2020-08-14,5018.9501953125,4921.580078125,5018.9501953125,4962.93017578125,66383400
2020-08-17,4995.5498046875,4937.72021484375,4972.58984375,4971.93994140625,51855600
2020-08-18,5001.2900390625,4924.14990234375,4951.97998046875,4938.06005859375,60466700
2020-08-19,4977.22998046875,4917.52978515625,4934.7900390625,4977.22998046875,53103600
2020-08-20,4937.9501953125,4888.14990234375,4914.68994140625,4911.240234375,66410900
2020-08-21,4939.25,4839.080078125,4927.60986328125,4896.330078125,72886800
2020-08-24,5013.7001953125,4948.7099609375,4948.7099609375,5007.89013671875,68837200
2020-08-25,5073.60986328125,5008.27001953125,5023.06005859375,5008.27001953125,64060000
2020-08-26,5050.10009765625,4977.93994140625,4991.6298828125,5048.43017578125,49317700
2020-08-27,5052.259765625,5005.4599609375,5052.259765625,5015.97021484375,67454700
2020-08-28,5031.52978515625,4970.64013671875,5031.31005859375,5002.93994140625,71208000
2020-08-31,5067.5498046875,4942.18017578125,5041.33984375,4947.22021484375,97432500
2020-09-01,4993.56005859375,4892.830078125,4974.419921875,4938.10009765625,91322100
2020-09-02,5062.009765625,4959.64013671875,4969.6201171875,5031.740234375,86998900
2020-09-03,5131.39013671875,4982.33984375,5074.64013671875,5009.52001953125,93616800
2020-09-04,5068.8798828125,4928.7900390625,4974.68994140625,4965.06982421875,108586000
2020-09-07,5064.64013671875,4979.8701171875,4979.8701171875,5053.72021484375,61686000
2020-09-08,5061.60009765625,4935.3798828125,5052.8798828125,4973.52001953125,85589800
2020-09-09,5058.35009765625,4973.35986328125,4980.4599609375,5042.97998046875,86318500
2020-09-10,5062.89013671875,5005.83984375,5039.47998046875,5023.93017578125,70699400
2020-09-11,5053.6298828125,4997.85986328125,5014.97021484375,5034.14013671875,70572900
2020-09-14,5087.52001953125,5034.91015625,5071.8701171875,5051.8798828125,57540800
2020-09-15,5087.990234375,5035.10009765625,5056.89990234375,5067.93017578125,79316700
2020-09-16,5091.52001953125,5029.56005859375,5065.75,5074.419921875,81456400
2020-09-17,5053.31982421875,4995.64990234375,5005.89013671875,5039.5,85821100
2020-09-18,5041.330078125,4978.18017578125,5035.93994140625,4978.18017578125,279158000
2020-09-21,4949.759765625,4779.2099609375,4949.759765625,4792.0400390625,128894100
2020-09-22,4827.0,4772.83984375,4809.56982421875,4772.83984375,92909500
2020-09-23,4871.4501953125,4802.259765625,4824.169921875,4802.259765625,86947200
2020-09-24,4806.830078125,4744.0400390625,4746.10009765625,4762.6201171875,97836800
2020-09-25,4758.0498046875,4666.259765625,4754.81005859375,4729.66015625,96957900
2020-09-28,4849.97021484375,4788.18017578125,4806.14013671875,4843.27001953125,96864500
2020-09-29,4846.6298828125,4806.4501953125,4832.8701171875,4832.06982421875,73788000
2020-09-30,4854.02001953125,4782.68994140625,4793.18994140625,4803.43994140625,98788900
2020-10-01,4871.830078125,4804.77001953125,4850.2001953125,4824.0400390625,90319600
2020-10-02,4824.8798828125,4757.22021484375,4769.43017578125,4824.8798828125,78027700
2020-10-05,4876.85986328125,4842.259765625,4863.6298828125,4871.8701171875,73984600
2020-10-06,4925.7099609375,4850.35986328125,4881.7998046875,4895.4599609375,88768400
2020-10-07,4915.6298828125,4865.259765625,4888.490234375,4882.0,90531200
2020-10-08,4936.0400390625,4877.10009765625,4910.490234375,4911.93994140625,76900000
2020-10-09,4954.02001953125,4918.06005859375,4925.41015625,4946.81005859375,82326900
2020-10-12,4998.509765625,4944.0,4952.47021484375,4979.2900390625,74090900
2020-10-13,4976.580078125,4928.64013671875,4976.27978515625,4947.60986328125,81146200
2020-10-14,4965.31982421875,4928.43017578125,4956.68994140625,4941.66015625,71558400
2020-10-15,4881.31005859375,4808.580078125,4873.02978515625,4837.419921875,106038500
2020-10-16,4957.60009765625,4875.759765625,4904.10009765625,4935.85986328125,103413300
2020-10-19,4993.39013671875,4881.4599609375,4955.39013671875,4942.6201171875,44905900
2020-10-20,4968.60986328125,4914.490234375,4932.8701171875,4929.27978515625,89484700
2020-10-21,4945.330078125,4849.009765625,4945.330078125,4853.9501953125,77277800
2020-10-22,4873.89990234375,4783.64990234375,4830.43994140625,4851.3798828125,89673900
2020-10-23,4934.7099609375,4843.14013671875,4843.27978515625,4909.64013671875,80388100
2020-10-26,4896.47021484375,4814.990234375,4844.64013671875,4816.1201171875,0
2020-10-27,4818.97998046875,4723.7001953125,4818.97998046875,4730.66015625,0
2020-10-28,4640.6298828125,4521.60986328125,4635.18994140625,4571.1201171875,0
2020-10-29,4606.72021484375,4512.56982421875,4571.1298828125,4569.669921875,0
2020-10-30,4601.740234375,4519.3701171875,4519.3701171875,4594.240234375,0
2020-11-02,4705.10986328125,4581.85986328125,4614.9501953125,4691.14013671875,0
2020-11-03,4812.2900390625,4730.22998046875,4743.85986328125,4805.60986328125,0
2020-11-04,4926.56005859375,4730.31005859375,4736.4599609375,4922.85009765625,0
2020-11-05,4998.18994140625,4942.18017578125,4956.02001953125,4983.990234375,0
2020-11-06,4997.740234375,4915.240234375,4964.259765625,4960.8798828125,0
2020-11-09,5387.490234375,5021.330078125,5036.919921875,5336.31982421875,0
2020-11-10,5439.080078125,5327.22021484375,5351.31005859375,5418.97021484375,0
2020-11-11,5462.9501953125,5408.669921875,5433.66015625,5445.2099609375,0
2020-11-12,5421.39990234375,5348.6298828125,5394.3701171875,5362.56982421875,0
2020-11-13,5411.1201171875,5343.25,5343.31982421875,5380.16015625,0
2020-11-16,5518.91015625,5402.31005859375,5430.56982421875,5471.47998046875,0
2020-11-17,5487.31005859375,5441.259765625,5468.2900390625,5483.0,0
2020-11-18,5521.009765625,5452.1201171875,5468.169921875,5511.4501953125,0
2020-11-19,5490.18017578125,5449.4501953125,5458.02001953125,5474.66015625,0
2020-11-20,5524.25,5461.39013671875,5463.990234375,5495.89013671875,0
2020-11-23,5555.830078125,5492.14990234375,5543.830078125,5492.14990234375,95986700
2020-11-24,5574.68994140625,5536.10986328125,5546.06982421875,5558.419921875,0
2020-11-25,5589.77978515625,5545.009765625,5577.97021484375,5571.2900390625,0
2020-11-26,5592.77978515625,5559.72021484375,5589.3798828125,5566.7900390625,65753800
2020-11-27,5612.759765625,5556.6201171875,5563.0400390625,5598.18017578125,84633600
2020-11-30,5599.93994140625,5518.5498046875,5564.16015625,5518.5498046875,0
2020-12-01,5589.68017578125,5529.25,5542.4599609375,5581.64013671875,0
2020-12-02,5585.8701171875,5549.7900390625,5563.0498046875,5583.009765625,0
2020-12-03,5584.10009765625,5546.2900390625,5581.52978515625,5574.35986328125,0
2020-12-04,5616.6201171875,5574.1201171875,5574.1201171875,5609.14990234375,0
2020-12-07,5595.830078125,5535.419921875,5594.5,5573.3798828125,86156600
2020-12-08,5574.56982421875,5521.8701171875,5553.7900390625,5560.669921875,0
2020-12-09,5599.41015625,5545.93994140625,5590.18994140625,5546.81982421875,90861600
2020-12-10,5572.7998046875,5511.47998046875,5558.9599609375,5549.64990234375,0
2020-12-11,5532.81005859375,5466.56005859375,5528.14013671875,5507.5498046875,96872800
2020-12-14,5577.18017578125,5527.83984375,5547.2998046875,5527.83984375,0
2020-12-15,5565.52001953125,5517.06005859375,5521.7900390625,5530.31005859375,0
2020-12-16,5589.759765625,5515.5,5551.4501953125,5547.68017578125,0
2020-12-17,5585.509765625,5547.58984375,5578.7900390625,5549.4599609375,0
2020-12-18,5581.9599609375,5519.169921875,5533.77978515625,5527.83984375,173234900
2020-12-21,5422.10009765625,5306.580078125,5392.5498046875,5393.33984375,122849400
2020-12-22,5477.8701171875,5411.14990234375,5411.14990234375,5466.85986328125,0
2020-12-23,5539.16015625,5472.02978515625,5472.14013671875,5527.58984375,59208500
2020-12-24,5545.7099609375,5517.009765625,5542.490234375,5522.009765625,0
2020-12-28,5601.0,5547.89990234375,5562.0400390625,5588.3798828125,44706900
2020-12-29,5625.52001953125,5603.740234375,5610.1298828125,5611.7900390625,0
2020-12-30,5625.60009765625,5594.10986328125,5603.72021484375,5599.41015625,35280300
2020-12-31,5598.93017578125,5551.41015625,5573.2001953125,5551.41015625,0
2021-01-04,5656.419921875,5567.97021484375,5614.0400390625,5588.9599609375,82741000
2021-01-05,5603.66015625,5530.47998046875,5561.60009765625,5564.60009765625,79263400
2021-01-06,5648.419921875,5553.39013671875,5601.009765625,5630.60009765625,116286300
2021-01-07,5689.27978515625,5629.490234375,5651.0400390625,5669.85009765625,91729600
2021-01-08,5721.89013671875,5676.14990234375,5711.580078125,5706.8798828125,87558400
2021-01-11,5704.08984375,5629.4599609375,5684.66015625,5662.43017578125,76382800
2021-01-12,5679.06005859375,5636.75,5672.2001953125,5650.97021484375,73935200
2021-01-13,5679.06982421875,5643.75,5648.9599609375,5662.669921875,109764000
2021-01-14,5690.490234375,5656.75,5662.169921875,5681.14013671875,104615600
2021-01-15,5656.4501953125,5563.740234375,5648.7001953125,5611.68994140625,127619000
2021-01-18,5618.419921875,5584.58984375,5584.85009765625,5617.27001953125,62122300
2021-01-19,5655.22021484375,5592.2001953125,5647.75,5598.60986328125,89498100
2021-01-20,5646.06005859375,5602.490234375,5615.41015625,5628.43994140625,78552400
2021-01-21,5665.97998046875,5589.7998046875,5660.27001953125,5590.7900390625,87605000
2021-01-22,5573.7099609375,5511.43994140625,5568.8798828125,5559.56982421875,89454700
2021-01-25,5584.39990234375,5453.240234375,5579.72998046875,5472.35986328125,103153900
2021-01-26,5555.27978515625,5471.08984375,5473.25,5523.52001953125,84017800
2021-01-27,5545.4501953125,5401.43017578125,5517.52978515625,5459.6201171875,123358200
2021-01-28,5525.9501953125,5379.22021484375,5407.740234375,5510.52001953125,113180800
2021-01-29,5474.7998046875,5399.2099609375,5421.52978515625,5399.2099609375,109393800
2021-02-01,5481.669921875,5429.77978515625,5441.43017578125,5461.68017578125,75051100
2021-02-02,5574.77001953125,5509.240234375,5510.6201171875,5563.10986328125,92321700
2021-02-03,5626.41015625,5554.08984375,5610.58984375,5563.0498046875,81321400
2021-02-04,5613.9501953125,5566.580078125,5568.39013671875,5608.5400390625,84653400
2021-02-05,5673.02978515625,5627.83984375,5638.740234375,5659.259765625,90026000
2021-02-08,5714.27978515625,5673.6298828125,5688.68017578125,5686.02978515625,75598300
2021-02-09,5703.52978515625,5674.43017578125,5703.52978515625,5691.5400390625,74734600
2021-02-10,5719.31982421875,5647.27978515625,5719.31982421875,5670.7998046875,80605800
2021-02-11,5692.0,5656.7998046875,5684.93994140625,5669.81982421875,85822100
2021-02-12,5705.02001953125,5627.990234375,5651.669921875,5703.669921875,74872400
2021-02-15,5801.3798828125,5722.16015625,5732.2998046875,5786.25,95598000
2021-02-16,5797.919921875,5768.9599609375,5796.43017578125,5786.52978515625,69738200
2021-02-17,5790.27001953125,5752.85009765625,5762.009765625,5765.83984375,89772300
2021-02-18,5779.009765625,5720.580078125,5757.75,5728.330078125,95205800
2021-02-19,5784.89990234375,5733.83984375,5737.18994140625,5773.5498046875,95515600
2021-02-22,5776.64013671875,5703.47998046875,5737.47021484375,5767.43994140625,83870900
2021-02-23,5804.89990234375,5721.919921875,5781.240234375,5779.83984375,0
2021-02-24,5804.14013671875,5758.2998046875,5769.2099609375,5797.97998046875,83298700
2021-02-25,5834.35986328125,5783.89013671875,5824.72021484375,5783.89013671875,99039600
2021-02-26,5768.02978515625,5688.259765625,5715.68994140625,5703.22021484375,126426700
2021-03-01,5804.35009765625,5765.7998046875,5770.89013671875,5792.7900390625,83783600
2021-03-02,5835.740234375,5773.52001953125,5774.6201171875,5809.72998046875,78464500
2021-03-03,5871.43017578125,5788.66015625,5841.2001953125,5830.06005859375,91437400
2021-03-04,5844.68994140625,5797.669921875,5800.72998046875,5830.64990234375,96687500
2021-03-05,5837.5498046875,5755.60009765625,5794.47998046875,5782.64990234375,99553700
2021-03-08,5912.5,5799.0498046875,5822.919921875,5902.990234375,0
2021-03-09,5937.81005859375,5895.330078125,5903.259765625,5924.97021484375,98009300
2021-03-10,5993.6298828125,5912.35009765625,5915.169921875,5990.5498046875,84108900
2021-03-11,6033.759765625,5995.41015625,6004.16015625,6033.759765625,85660900
2021-03-12,6046.5498046875,6017.41015625,6030.6298828125,6046.5498046875,72235700
2021-03-15,6089.2001953125,6018.5498046875,6069.08984375,6035.97021484375,78751000
2021-03-16,6061.18994140625,6034.759765625,6050.39990234375,6055.43017578125,846600
2021-03-17,6062.35986328125,6037.25,6048.31005859375,6054.81982421875,806600
2021-03-18,6082.919921875,6044.31982421875,6076.2099609375,6062.7900390625,91171900
2021-03-19,6047.64990234375,5983.60986328125,6021.1298828125,5997.9599609375,212881400
2021-03-22,5987.22998046875,5943.7099609375,5960.85009765625,5968.47998046875,76067200
2021-03-23,5968.56005859375,5921.830078125,5943.31005859375,5945.2998046875,75656900
2021-03-24,5948.669921875,5890.5498046875,5901.64013671875,5947.2900390625,80552800
2021-03-25,5952.41015625,5886.0,5911.0400390625,5952.41015625,73423600
2021-03-26,6002.9501953125,5962.4599609375,5979.22998046875,5988.81005859375,80680200
2021-03-29,6029.58984375,5985.35986328125,5995.0,6015.509765625,67745900
2021-03-30,6095.080078125,6041.39013671875,6044.5400390625,6088.0400390625,76904000
2021-03-31,6097.740234375,6060.240234375,6085.02001953125,6067.22998046875,85387300
2021-04-01,6106.1201171875,6063.85986328125,6079.669921875,6102.9599609375,75221700
2021-04-06,6159.10009765625,6125.740234375,6155.22021484375,6131.33984375,73632700
2021-04-07,6154.3798828125,6118.91015625,6137.6298828125,6130.66015625,0
2021-04-08,6171.4501953125,6146.22021484375,6153.35986328125,6165.72021484375,66071200
2021-04-09,6188.47998046875,6161.419921875,6171.60009765625,6169.41015625,65261400
2021-04-12,6183.02001953125,6151.52001953125,6167.31982421875,6161.68017578125,0
2021-04-13,6193.240234375,6156.490234375,6171.8798828125,6184.10009765625,74722300
2021-04-14,6217.740234375,6194.5498046875,6214.490234375,6208.580078125,0
2021-04-15,6244.22998046875,6209.58984375,6219.0400390625,6234.14013671875,66204600
2021-04-16,6299.56005859375,6229.2998046875,6229.64990234375,6287.06982421875,86378000
2021-04-19,6319.080078125,6293.169921875,6294.740234375,6296.68994140625,58527600
2021-04-20,6285.2900390625,6154.02978515625,6281.10009765625,6165.10986328125,0
2021-04-21,6227.0400390625,6178.66015625,6180.68994140625,6210.5498046875,77394900
2021-04-22,6274.18994140625,6225.58984375,6230.2099609375,6267.27978515625,67091000
2021-04-23,6280.81005859375,6227.18994140625,6259.6298828125,6257.93994140625,61769900
2021-04-26,6288.7900390625,6240.990234375,6256.0400390625,6275.52001953125,64366500
2021-04-27,6282.52001953125,6255.41015625,6273.35986328125,6273.759765625,66019200
2021-04-28,6320.10986328125,6283.6201171875,6293.2099609375,6306.97998046875,69450200
2021-04-29,6352.35986328125,6287.43994140625,6341.1201171875,6302.56982421875,78833300
2021-04-30,6320.14013671875,6268.85986328125,6316.31982421875,6269.47998046875,80057800
2021-05-03,6314.919921875,6252.66015625,6285.509765625,6307.89990234375,49980000
2021-05-04,6355.8701171875,6238.7900390625,6319.490234375,6251.75,85369200
2021-05-05,6339.47021484375,6275.14013671875,6284.5400390625,6339.47021484375,83862000
2021-05-06,6377.580078125,6321.72021484375,6348.89990234375,6357.08984375,86375500
2021-05-07,6390.0400390625,6342.3701171875,6388.919921875,6385.509765625,78606600
2021-05-10,6395.60009765625,6367.0400390625,6395.3798828125,6385.990234375,76551300
2021-05-11,6324.31005859375,6226.10986328125,6314.27001953125,6267.39013671875,100699500
2021-05-12,6299.240234375,6233.9599609375,6259.6298828125,6279.35009765625,80897700
2021-05-13,6303.7001953125,6150.43017578125,6219.72998046875,6288.330078125,64872900
2021-05-14,6385.669921875,6301.18994140625,6335.81982421875,6385.14013671875,66935700
2021-05-17,6410.2099609375,6349.330078125,6397.22021484375,6367.35009765625,62538700
2021-05-18,6412.91015625,6343.5498046875,6406.18017578125,6353.669921875,74129300
2021-05-19,6310.490234375,6192.330078125,6292.0498046875,6262.5498046875,92757600
2021-05-20,6343.580078125,6267.5498046875,6296.25,6343.580078125,68528400
2021-05-21,6402.10009765625,6351.9501953125,6360.8798828125,6386.41015625,75862000
2021-05-24,6408.490234375,6382.7099609375,6395.9599609375,6408.490234375,34996500
2021-05-25,6422.830078125,6390.27001953125,6416.60986328125,6390.27001953125,59097400
2021-05-26,6413.72021484375,6375.14013671875,6403.9501953125,6391.60009765625,58338700
2021-05-27,6467.72021484375,6379.830078125,6379.830078125,6435.7099609375,0
2021-05-28,6493.72021484375,6448.8701171875,6453.1201171875,6484.10986328125,64752500
2021-05-31,6496.31982421875,6441.759765625,6483.31982421875,6447.169921875,41777500
2021-06-01,6521.56982421875,6464.7099609375,6470.419921875,6489.39990234375,61099200
2021-06-02,6521.81982421875,6482.10009765625,6489.89990234375,6521.52001953125,55390700
2021-06-03,6522.22998046875,6473.669921875,6518.580078125,6507.919921875,55257300
2021-06-04,6517.93017578125,6497.39013671875,6514.27001953125,6515.66015625,51796200
2021-06-07,6560.39013671875,6485.7998046875,6509.97998046875,6543.56005859375,57848800
2021-06-08,6574.2099609375,6540.7099609375,6545.68994140625,6551.009765625,65450600
2021-06-09,6570.81982421875,6533.3701171875,6561.93017578125,6563.4501953125,61452400
2021-06-10,6574.58984375,6526.22998046875,6574.58984375,6546.490234375,75224400
2021-06-11,6607.60986328125,6549.830078125,6550.2998046875,6600.66015625,68896800
2021-06-14,6650.16015625,6599.27001953125,6625.5498046875,6616.35009765625,64515600
2021-06-15,6655.66015625,6634.4501953125,6643.419921875,6639.52001953125,67447800
2021-06-16,6659.3798828125,6632.35986328125,6657.52001953125,6652.64990234375,69886300
2021-06-17,6674.3701171875,6631.6298828125,6636.7001953125,6666.259765625,70681800
2021-06-18,6687.2900390625,6560.1201171875,6657.22998046875,6569.16015625,170613700
2021-06-21,6607.990234375,6511.93017578125,6525.02978515625,6602.5400390625,78939300
2021-06-22,6622.2001953125,6583.5,6609.97998046875,6611.5,65102500
2021-06-23,6619.02001953125,6551.06982421875,6616.72998046875,6551.06982421875,70376800
2021-06-24,6639.830078125,6572.81005859375,6576.06982421875,6631.14990234375,74425300
2021-06-25,6641.89990234375,6604.85986328125,6637.68017578125,6622.8701171875,0
2021-06-28,6633.72998046875,6556.8798828125,6611.990234375,6558.02001953125,63796100
2021-06-29,6599.8798828125,6561.08984375,6564.06982421875,6567.43017578125,61812500
2021-06-30,6575.83984375,6474.43017578125,6562.169921875,6507.830078125,88781800
2021-07-01,6588.14013671875,6502.0498046875,6549.81982421875,6553.81982421875,69789700
2021-07-02,6582.7900390625,6540.1201171875,6572.0,6552.85986328125,57451500
2021-07-05,6582.8701171875,6520.3798828125,6545.97998046875,6567.5400390625,45905300
2021-07-06,6561.509765625,6483.2001953125,6551.0,6507.47998046875,72349800
2021-07-07,6550.9501953125,6497.75,6529.490234375,6527.72021484375,82080600
2021-07-08,6483.31982421875,6348.64013671875,6479.39990234375,6396.72998046875,110791300
2021-07-09,6532.56005859375,6429.669921875,6435.2900390625,6529.419921875,84934900
2021-07-12,6567.97998046875,6479.5400390625,6525.10986328125,6559.25,61855900
2021-07-13,6569.3701171875,6536.4501953125,6561.740234375,6558.47021484375,62056500
2021-07-14,6565.2001953125,6530.91015625,6533.7998046875,6558.3798828125,0
2021-07-15,6554.7900390625,6471.06982421875,6538.41015625,6493.35986328125,0
2021-07-16,6526.759765625,6418.25,6524.9501953125,6460.080078125,0
2021-07-19,6403.509765625,6253.25,6398.83984375,6295.97021484375,0
2021-07-20,6386.4599609375,6304.85009765625,6325.16015625,6346.85009765625,82160100
2021-07-21,6471.64990234375,6381.93994140625,6382.35986328125,6464.47998046875,82556600
2021-07-22,6525.2099609375,6474.0498046875,6498.31005859375,6481.58984375,58412300
2021-07-23,6574.85986328125,6510.27001953125,6518.60009765625,6568.81982421875,56119000
2021-07-26,6588.08984375,6517.0498046875,6532.009765625,6578.60009765625,0
2021-07-27,6578.0400390625,6516.56982421875,6565.18994140625,6531.919921875,60870400
2021-07-28,6609.31005859375,6530.740234375,6547.47021484375,6609.31005859375,55290600
2021-07-29,6671.1201171875,6633.77001953125,6647.080078125,6633.77001953125,94988900
2021-07-30,6648.2001953125,6596.990234375,6608.16015625,6612.759765625,97436800
2021-08-02,6690.7998046875,6639.31005859375,6657.9501953125,6675.89990234375,72373600
2021-08-03,6749.8798828125,6688.1201171875,6692.60009765625,6723.81005859375,76009700
2021-08-04,6766.60986328125,6730.60009765625,6751.14990234375,6746.22998046875,68209400
2021-08-05,6788.68994140625,6750.85986328125,6750.85986328125,6781.18994140625,62368500
2021-08-06,6832.93994140625,6763.009765625,6772.490234375,6816.9599609375,67227300
2021-08-09,6832.77001953125,6806.97998046875,6818.5400390625,6813.18017578125,47885100
2021-08-10,6833.1201171875,6811.77001953125,6817.6298828125,6820.2099609375,48652800
2021-08-11,6867.10986328125,6821.2099609375,6840.27978515625,6857.990234375,54453800
2021-08-12,6891.2900390625,6854.990234375,6861.43994140625,6882.47021484375,53045300
2021-08-13,6913.669921875,6885.64013671875,6888.47998046875,6896.0400390625,49869700
2021-08-16,6863.740234375,6817.43017578125,6849.68017578125,6838.77001953125,49720100
2021-08-17,6827.490234375,6789.10986328125,6812.419921875,6819.83984375,56251300
2021-08-18,6828.330078125,6759.740234375,6824.64013671875,6770.10986328125,55662800
2021-08-19,6671.169921875,6560.740234375,6665.1201171875,6605.89013671875,96566200
2021-08-20,6633.18994140625,6567.93017578125,6602.9501953125,6626.10986328125,66755800
2021-08-23,6699.31982421875,6657.14013671875,6699.31982421875,6683.10009765625,56007000
2021-08-24,6717.77001953125,6634.68994140625,6717.77001953125,6664.31005859375,48958200
2021-08-25,6684.2099609375,6667.25,6683.18017578125,6676.47998046875,48823600
2021-08-26,6673.93994140625,6618.68994140625,6646.3701171875,6666.02978515625,50801600
2021-08-27,6682.14990234375,6644.68017578125,6658.27001953125,6681.919921875,43959300
2021-08-30,6697.52001953125,6675.31982421875,6690.27978515625,6687.2998046875,37296500
2021-08-31,6708.14013671875,6650.89990234375,6692.85009765625,6680.18017578125,96775900
2021-09-01,6784.66015625,6730.169921875,6736.43994140625,6758.68994140625,75866000
2021-09-02,6778.330078125,6747.169921875,6753.18017578125,6763.080078125,56090600
2021-09-03,6758.3798828125,6667.39013671875,6758.3798828125,6689.990234375,63290200
2021-09-06,6756.39990234375,6700.4501953125,6704.35009765625,6743.5,41892000
2021-09-07,6749.14013671875,6721.35009765625,6731.35986328125,6726.06982421875,48024800
2021-09-08,6712.0498046875,6628.97998046875,6688.83984375,6668.89013671875,68566500
2021-09-09,6708.330078125,6605.08984375,6618.81982421875,6684.72021484375,63555000
2021-09-10,6722.72998046875,6651.06005859375,6707.330078125,6663.77001953125,70636600
2021-09-13,6722.0,6670.85009765625,6688.77001953125,6676.93017578125,61573900
2021-09-14,6677.06982421875,6613.52001953125,6672.18994140625,6652.97021484375,63626300
2021-09-15,6659.27001953125,6577.02001953125,6654.830078125,6583.6201171875,81904200
2021-09-16,6663.41015625,6612.16015625,6613.7099609375,6622.58984375,79574500
2021-09-17,6697.080078125,6551.6201171875,6679.4501953125,6570.18994140625,214025500
2021-09-20,6471.08984375,6389.6201171875,6450.39013671875,6455.81005859375,120069400
2021-09-21,6570.1298828125,6513.75,6513.75,6552.72998046875,136740400
2021-09-22,6642.31005859375,6595.93017578125,6612.10009765625,6637.0,91076800
2021-09-23,6718.7998046875,6667.35986328125,6691.080078125,6701.97998046875,82926000
2021-09-24,6678.64990234375,6625.43017578125,6675.72998046875,6638.4599609375,70090500
2021-09-27,6688.759765625,6647.080078125,6683.85009765625,6650.91015625,89455000
2021-09-28,6643.580078125,6491.419921875,6634.72021484375,6506.5,117799600
2021-09-29,6590.81005859375,6538.10986328125,6549.41015625,6560.7998046875,86064200
2021-09-30,6621.75,6509.22998046875,6615.990234375,6520.009765625,112651000
2021-10-01,6535.4599609375,6412.7001953125,6421.10009765625,6517.68994140625,94022900
2021-10-04,6540.9599609375,6452.77978515625,6484.89990234375,6477.66015625,73993600
2021-10-05,6577.2900390625,6481.72021484375,6481.72021484375,6576.27978515625,86146000
2021-10-06,6510.47021484375,6421.64013671875,6509.60009765625,6493.1201171875,98813600
2021-10-07,6616.52978515625,6545.740234375,6563.240234375,6600.18994140625,91000400
2021-10-08,6617.33984375,6559.990234375,6609.509765625,6559.990234375,70183900
2021-10-11,6574.22021484375,6522.5498046875,6546.06982421875,6570.5400390625,68968500
2021-10-12,6548.10986328125,6491.580078125,6495.14990234375,6548.10986328125,69996000
2021-10-13,6606.35986328125,6510.27001953125,6539.60986328125,6597.3798828125,75938000
2021-10-14,6692.93994140625,6618.7900390625,6651.18017578125,6685.2099609375,71368900
2021-10-15,6746.81005859375,6703.259765625,6714.259765625,6727.52001953125,84105700
2021-10-18,6697.60009765625,6642.16015625,6697.2900390625,6673.10009765625,64526000
2021-10-19,6692.14013671875,6650.83984375,6690.9501953125,6669.85009765625,63597900
2021-10-20,6715.52001953125,6636.60986328125,6636.60986328125,6705.60986328125,65963400
2021-10-21,6699.2099609375,6658.9501953125,6673.14013671875,6686.169921875,63926300
2021-10-22,6765.4599609375,6716.14990234375,6720.919921875,6733.68994140625,65949700
2021-10-25,6752.97998046875,6707.31982421875,6752.97998046875,6712.8701171875,58586000
2021-10-26,6775.81982421875,6711.2099609375,6723.06005859375,6766.509765625,79339600
2021-10-27,6771.18994140625,6731.85986328125,6755.6298828125,6753.52001953125,68739200
2021-10-28,6804.22021484375,6750.77978515625,6750.77978515625,6804.22021484375,75981000
2021-10-29,6830.33984375,6748.52978515625,6778.7900390625,6830.33984375,89550100
2021-11-01,6908.64990234375,6859.43994140625,6870.27978515625,6893.2900390625,67294100
2021-11-02,6933.35009765625,6879.68994140625,6883.06005859375,6927.02978515625,64187800
2021-11-03,6955.10009765625,6917.75,6919.47021484375,6950.64990234375,65516400
2021-11-04,6993.009765625,6962.009765625,6977.6201171875,6987.7900390625,76559800
2021-11-05,7063.39990234375,6983.7998046875,6983.7998046875,7040.7900390625,79993700
2021-11-08,7067.10009765625,7037.669921875,7041.60009765625,7047.47998046875,66513600
2021-11-09,7079.580078125,7016.72998046875,7023.580078125,7043.27001953125,71276900
2021-11-10,7053.27001953125,7014.93994140625,7046.169921875,7045.16015625,85630200
2021-11-11,7072.6298828125,7032.35009765625,7038.83984375,7059.5498046875,74342900
2021-11-12,7097.4599609375,7056.93017578125,7062.5400390625,7091.39990234375,64249000
2021-11-15,7136.1298828125,7088.7099609375,7090.9599609375,7128.6298828125,64255100
2021-11-16,7164.27001953125,7136.2998046875,7146.3701171875,7152.60009765625,69021700
2021-11-17,7167.7998046875,7147.009765625,7149.2998046875,7156.85009765625,68243500
2021-11-18,7181.5498046875,7136.85986328125,7155.0498046875,7141.97998046875,75845600
2021-11-19,7183.080078125,7068.43017578125,7172.72021484375,7112.2900390625,117988000
2021-11-22,7143.60009765625,7087.669921875,7130.240234375,7105.0,85214100
2021-11-23,7112.490234375,7002.56005859375,7064.3798828125,7044.6201171875,73747800
2021-11-24,7089.10986328125,6983.97998046875,7052.18017578125,7042.22998046875,75264400
2021-11-25,7079.490234375,7047.85986328125,7067.60986328125,7075.8701171875,57485800
2021-11-26,6861.14990234375,6725.080078125,6814.89990234375,6739.72998046875,159605400
2021-11-29,6841.7900390625,6760.31005859375,6831.41015625,6776.25,108062500
2021-11-30,6780.8798828125,6655.85986328125,6679.02978515625,6721.16015625,182689600
2021-12-01,6902.4599609375,6750.64990234375,6774.7998046875,6881.8701171875,101765800
2021-12-02,6850.3701171875,6762.740234375,6794.77001953125,6795.75,101894500
2021-12-03,6872.7900390625,6730.6298828125,6860.72998046875,6765.52001953125,83342600
2021-12-06,6888.06982421875,6776.169921875,6810.93017578125,6865.77978515625,84991100
2021-12-07,7066.9501953125,6934.68017578125,6934.68017578125,7065.39013671875,96223300
2021-12-08,7104.06005859375,7014.56982421875,7064.1201171875,7014.56982421875,80200900
2021-12-09,7044.990234375,6983.330078125,7035.93017578125,7008.22998046875,64070600
2021-12-10,7025.8798828125,6960.39013671875,6960.39013671875,6991.68017578125,63499000
2021-12-13,7029.3798828125,6929.1298828125,7004.759765625,6942.91015625,75947300
2021-12-14,6993.2998046875,6891.33984375,6978.77001953125,6895.31005859375,88567300
2021-12-15,6949.919921875,6904.93994140625,6923.52001953125,6927.6298828125,74220800
2021-12-16,7054.919921875,6987.9501953125,7054.919921875,7005.06982421875,101536900
2021-12-17,7011.60986328125,6884.91015625,6982.06982421875,6926.6298828125,148484800
2021-12-20,6872.75,6747.68994140625,6783.830078125,6870.10009765625,86311700
2021-12-21,6967.93017578125,6888.52001953125,6935.66015625,6964.990234375,75487700
2021-12-22,7051.669921875,6963.7099609375,6982.52978515625,7051.669921875,55611500
2021-12-23,7119.8701171875,7049.919921875,7071.93017578125,7106.14990234375,54434100
2021-12-24,7116.8798828125,7086.580078125,7091.60009765625,7086.580078125,11954300
2021-12-27,7149.14013671875,7062.39990234375,7070.14013671875,7140.39013671875,34917800
2021-12-28,7187.759765625,7141.669921875,7141.85009765625,7181.10986328125,36149600
2021-12-29,7201.64990234375,7137.35009765625,7179.10986328125,7161.52001953125,37481200
2021-12-30,7189.83984375,7156.7900390625,7167.52978515625,7173.22998046875,35427000
2021-12-31,7163.72998046875,7139.60009765625,7153.66015625,7153.02978515625,18788700
2022-01-03,7245.66015625,7195.81982421875,7197.39990234375,7217.22021484375,54644700
2022-01-04,7332.2099609375,7250.240234375,7273.56982421875,7317.41015625,77540000
2022-01-05,7384.85986328125,7313.52978515625,7320.47998046875,7376.3701171875,0
2022-01-06,7316.06005859375,7240.8798828125,7264.0,7249.66015625,89793800
2022-01-07,7269.64990234375,7178.18017578125,7250.7900390625,7219.47998046875,78597800
2022-01-10,7250.240234375,7105.5498046875,7245.2099609375,7115.77001953125,80610700
2022-01-11,7227.7099609375,7160.43994140625,7185.2099609375,7183.3798828125,71633500
2022-01-12,7249.8798828125,7183.3798828125,7235.47021484375,7237.18994140625,85271800
2022-01-13,7227.35009765625,7166.93994140625,7215.47998046875,7201.14013671875,81834900
2022-01-14,7171.39990234375,7119.009765625,7132.58984375,7143.0,79772300
2022-01-17,7213.7001953125,7148.97998046875,7167.52978515625,7201.64013671875,53465300
2022-01-18,7175.4599609375,7098.18994140625,7172.43017578125,7133.830078125,78561500
2022-01-19,7211.240234375,7104.10986328125,7104.10986328125,7172.97998046875,84173800
2022-01-20,7199.97021484375,7123.6201171875,7190.02001953125,7194.16015625,76932800
2022-01-21,7122.06005859375,7013.490234375,7088.43994140625,7068.58984375,110697300
2022-01-24,7070.919921875,6754.240234375,7014.83984375,6787.7900390625,0
2022-01-25,6890.5400390625,6776.7998046875,6870.27001953125,6837.9599609375,98212900
2022-01-26,7024.14013671875,6901.740234375,6901.740234375,6981.9599609375,0
2022-01-27,7053.4501953125,6873.60009765625,6879.64013671875,7023.7998046875,100076500
2022-01-28,7053.0,6846.22021484375,7043.43017578125,6965.8798828125,106663500
2022-01-31,7043.22021484375,6937.10009765625,7039.7099609375,6999.2001953125,90912900
2022-02-01,7105.22998046875,7035.91015625,7052.2998046875,7099.490234375,81607500
2022-02-02,7150.5400390625,7109.2998046875,7117.4501953125,7115.27001953125,0
2022-02-03,7125.580078125,6995.41015625,7115.2998046875,7005.6298828125,88710000
2022-02-04,7066.43994140625,6914.77001953125,7049.7998046875,6951.3798828125,0
2022-02-07,7025.58984375,6929.7099609375,6987.169921875,7009.25,72651700
2022-02-08,7085.64013671875,6994.14990234375,7008.2001953125,7028.41015625,95664200
2022-02-09,7146.31005859375,7086.33984375,7086.33984375,7130.8798828125,86888200
2022-02-10,7169.6298828125,7051.60009765625,7141.68994140625,7101.5498046875,86508200
2022-02-11,7071.009765625,6992.08984375,7025.5,7011.60009765625,82859100
2022-02-14,6875.31005859375,6757.330078125,6868.06982421875,6852.2001953125,117972900
2022-02-15,6983.14013671875,6823.4501953125,6830.740234375,6979.97021484375,92474100
2022-02-16,7031.93017578125,6931.08984375,7009.68994140625,6964.97998046875,74789000
2022-02-17,7017.06982421875,6905.68994140625,6999.1298828125,6946.81982421875,90183200
2022-02-18,6995.6201171875,6895.08984375,6951.830078125,6929.6298828125,87348900
2022-02-21,6986.830078125,6744.1298828125,6984.31005859375,6788.33984375,0
2022-02-22,6834.77001953125,6633.740234375,6633.740234375,6787.60009765625,101457400
2022-02-23,6904.81005859375,6768.3798828125,6801.66015625,6780.669921875,86393600
2022-02-24,6617.08984375,6432.89013671875,6496.25,6521.0498046875,207949400
2022-02-25,6762.77978515625,6521.56005859375,6571.9501953125,6752.43017578125,152427400
2022-02-28,6684.5400390625,6516.16015625,6620.47998046875,6658.830078125,171929700
2022-03-01,6662.25,6396.490234375,6646.16015625,6396.490234375,171611200
2022-03-02,6544.14990234375,6312.2998046875,6359.97998046875,6498.02001953125,169994900
2022-03-03,6543.77001953125,6361.60009765625,6488.25,6378.3701171875,132457000
2022-03-04,6321.08984375,6061.66015625,6308.33984375,6061.66015625,180586100
2022-03-07,6115.22998046875,5756.3798828125,5887.830078125,5982.27001953125,243010200
2022-03-08,6169.60009765625,5903.10009765625,5906.6201171875,5962.9599609375,168209400
2022-03-09,6387.830078125,6122.7998046875,6131.27978515625,6387.830078125,189777300
2022-03-10,6380.77001953125,6166.10986328125,6376.56982421875,6207.2001953125,148747200
2022-03-11,6466.1201171875,6165.41015625,6233.1201171875,6260.25,136389500
2022-03-14,6421.080078125,6271.81982421875,6298.9599609375,6369.93994140625,113227400
2022-03-15,6383.75,6206.0498046875,6294.72021484375,6355.0,102702800
2022-03-16,6680.0,6481.7001953125,6484.330078125,6588.64013671875,145251100
2022-03-17,6635.31005859375,6530.7900390625,6617.22998046875,6612.52001953125,100583800
2022-03-18,6620.240234375,6499.58984375,6613.9501953125,6620.240234375,191790200
2022-03-21,6642.4599609375,6574.06982421875,6608.7900390625,6582.330078125,78342900
2022-03-22,6666.83984375,6578.91015625,6586.64990234375,6659.41015625,79017900
2022-03-23,6684.7001953125,6559.31005859375,6674.68017578125,6581.43017578125,76824400
2022-03-24,6636.580078125,6541.31982421875,6593.14990234375,6555.77001953125,82199900
2022-03-25,6615.89990234375,6538.7998046875,6569.4501953125,6553.68017578125,73936900
2022-03-28,6683.7001953125,6572.009765625,6578.72021484375,6589.10986328125,78385700
2022-03-29,6829.39990234375,6658.77978515625,6675.14990234375,6792.16015625,110146300
2022-03-30,6771.08984375,6705.68994140625,6771.08984375,6741.58984375,80090300
2022-03-31,6776.1298828125,6658.740234375,6759.419921875,6659.8701171875,81436400
2022-04-01,6708.56005859375,6635.27001953125,6672.97998046875,6684.31005859375,65149500
2022-04-04,6745.22021484375,6641.60986328125,6709.60009765625,6731.3701171875,65186300
2022-04-05,6743.6201171875,6603.43994140625,6731.33984375,6645.509765625,103817600
2022-04-06,6643.75,6442.43994140625,6634.830078125,6498.830078125,104806100
2022-04-07,6582.33984375,6451.10009765625,6530.81982421875,6461.68017578125,94476400
2022-04-08,6581.56005859375,6494.6298828125,6540.2001953125,6548.22021484375,91669300
2022-04-11,6614.9599609375,6502.14013671875,6558.52978515625,6555.81005859375,87321100
2022-04-12,6570.75,6424.97021484375,6454.25,6537.41015625,84720600
2022-04-13,6563.9599609375,6478.4501953125,6519.16015625,6542.14013671875,72469400
2022-04-14,6607.5498046875,6541.89990234375,6557.66015625,6589.35009765625,79048700
2022-04-19,6566.7998046875,6494.330078125,6545.97021484375,6534.7900390625,0
2022-04-20,6636.5498046875,6542.2099609375,6557.9599609375,6624.91015625,87010800
2022-04-21,6757.75,6636.7900390625,6642.7099609375,6715.10009765625,88762200
2022-04-22,6654.64013671875,6572.8701171875,6618.68994140625,6581.419921875,83469100
2022-04-25,6512.259765625,6408.7099609375,6450.89990234375,6449.3798828125,94933200
2022-04-26,6535.919921875,6412.490234375,6520.009765625,6414.56982421875,95230800
2022-04-27,6474.9599609375,6338.60986328125,6427.39990234375,6445.259765625,92040000
2022-04-28,6575.9501953125,6435.75,6520.52978515625,6508.14013671875,76048900
2022-04-29,6601.14990234375,6514.10009765625,6557.66015625,6533.77001953125,83799400
2022-05-02,6474.81005859375,6308.47021484375,6469.31005859375,6425.60986328125,87523700
2022-05-03,6507.1298828125,6423.02978515625,6463.72998046875,6476.18017578125,83360000
2022-05-04,6494.990234375,6395.68017578125,6482.259765625,6395.68017578125,72296900
2022-05-05,6558.91015625,6350.66015625,6549.490234375,6368.39990234375,96424000
2022-05-06,6322.43017578125,6213.64013671875,6318.66015625,6258.35986328125,113118300
2022-05-09,6260.85009765625,6086.02001953125,6207.14990234375,6086.02001953125,91595000
2022-05-10,6206.56005859375,6116.91015625,6151.52001953125,6116.91015625,90242000
2022-05-11,6269.72998046875,6137.240234375,6173.10009765625,6269.72998046875,106223700
2022-05-12,6238.25,6098.22021484375,6130.68994140625,6206.259765625,105839000
2022-05-13,6363.240234375,6238.7900390625,6250.16015625,6362.68017578125,85955800
2022-05-16,6369.0498046875,6286.02001953125,6315.68017578125,6347.77001953125,75092100
2022-05-17,6448.330078125,6373.72998046875,6379.33984375,6430.18994140625,86952900
2022-05-18,6455.7998046875,6342.669921875,6440.2998046875,6352.93994140625,80314700
2022-05-19,6288.990234375,6196.18994140625,6279.68994140625,6272.7099609375,86227400
2022-05-20,6377.580078125,6264.83984375,6305.4599609375,6285.240234375,92863400
2022-05-23,6358.740234375,6263.9599609375,6350.8798828125,6358.740234375,82641900
2022-05-24,6322.740234375,6243.83984375,6282.31982421875,6253.14013671875,72012900
2022-05-25,6319.2900390625,6229.83984375,6296.27978515625,6298.64013671875,75143000
2022-05-26,6424.8798828125,6298.4501953125,6301.490234375,6410.580078125,66120600
2022-05-27,6519.72998046875,6424.85009765625,6445.25,6515.75,70892100
2022-05-30,6582.0498046875,6536.77001953125,6547.85986328125,6562.39013671875,69803300
2022-05-31,6543.419921875,6457.52978515625,6539.85986328125,6468.7998046875,162340000
2022-06-01,6510.259765625,6414.22021484375,6509.18994140625,6418.89013671875,74750900
2022-06-02,6506.60009765625,6447.2998046875,6447.3701171875,6500.43994140625,57959900
2022-06-03,6547.81982421875,6473.740234375,6545.0,6485.2998046875,48236300
2022-06-06,6593.14990234375,6533.81982421875,6533.81982421875,6548.77978515625,60142400
2022-06-07,6523.60009765625,6459.919921875,6523.16015625,6500.35009765625,66096000
2022-06-08,6517.5498046875,6413.8701171875,6517.5498046875,6448.6298828125,73239600
2022-06-09,6456.91015625,6342.990234375,6412.580078125,6358.4599609375,72804300
2022-06-10,6325.89013671875,6177.31005859375,6316.41015625,6187.22998046875,103756400
2022-06-13,6122.259765625,6006.27978515625,6088.0498046875,6022.31982421875,106541000
2022-06-14,6075.3701171875,5934.1201171875,6063.7998046875,5949.83984375,85949300
2022-06-15,6062.6201171875,5972.31005859375,6022.83984375,6030.1298828125,93774600
2022-06-16,6018.10009765625,5872.2001953125,6003.66015625,5886.240234375,99480100
2022-06-17,5974.06005859375,5870.64013671875,5906.85986328125,5882.64990234375,181205900
2022-06-20,5920.08984375,5855.93017578125,5901.580078125,5920.08984375,65998500
2022-06-21,6032.240234375,5943.080078125,5943.52001953125,5964.66015625,63109500
2022-06-22,5938.4599609375,5834.4599609375,5879.08984375,5916.6298828125,87617200
2022-06-23,5957.1298828125,5830.8701171875,5880.2998046875,5883.330078125,89899600
2022-06-24,6085.990234375,5914.669921875,5918.259765625,6073.35009765625,85414200
2022-06-27,6156.60009765625,6030.60986328125,6105.2001953125,6047.31005859375,66242800
2022-06-28,6141.93994140625,6077.9501953125,6099.14990234375,6086.02001953125,64300400
2022-06-29,6071.91015625,5995.75,6021.68994140625,6031.47998046875,0
2022-06-30,5931.5498046875,5852.2998046875,5926.740234375,5922.85986328125,115328200
2022-07-01,5975.830078125,5857.33984375,5875.60009765625,5931.06005859375,72811500
2022-07-04,6002.06982421875,5943.91015625,5983.97998046875,5954.64990234375,54436800
2022-07-05,5981.509765625,5786.5,5979.2001953125,5794.9599609375,104293700
2022-07-06,5927.5,5846.10009765625,5872.27001953125,5912.3798828125,89619400
2022-07-07,6024.31005859375,5967.97998046875,5985.08984375,6006.7001953125,94857900
2022-07-08,6053.169921875,5952.89013671875,6007.64013671875,6033.1298828125,76855400
2022-07-11,6004.52001953125,5909.72998046875,5923.830078125,5996.2998046875,59496400
2022-07-12,6053.330078125,5930.97998046875,5960.08984375,6044.2001953125,71122100
2022-07-13,6025.72998046875,5922.93994140625,6015.52978515625,6000.240234375,70802000
2022-07-14,5997.31005859375,5874.68017578125,5979.990234375,5915.41015625,72944000
2022-07-15,6043.7998046875,5901.3798828125,5935.27978515625,6036.0,76205700
2022-07-18,6136.02001953125,6059.8701171875,6070.2099609375,6091.91015625,59881400
2022-07-19,6213.8798828125,6028.7900390625,6031.60009765625,6201.22021484375,74716500
2022-07-20,6245.47021484375,6151.35986328125,6229.7900390625,6184.66015625,76814600
2022-07-21,6233.97998046875,6143.06005859375,6160.3701171875,6201.10986328125,78627800
2022-07-22,6247.35009765625,6168.77001953125,6174.2900390625,6216.81982421875,68727100
2022-07-25,6260.1298828125,6177.14013671875,6198.830078125,6237.5498046875,60387200
2022-07-26,6243.85986328125,6194.9599609375,6225.169921875,6211.4501953125,60556300
2022-07-27,6267.7998046875,6199.93017578125,6206.25,6257.93994140625,69640600
2022-07-28,6339.2099609375,6236.56982421875,6304.1298828125,6339.2099609375,92169500
2022-07-29,6472.27001953125,6397.91015625,6413.10009765625,6448.5,103116600
2022-08-01,6484.080078125,6434.1201171875,6447.18017578125,6436.85986328125,64439900
2022-08-02,6429.0498046875,6381.43017578125,6424.68017578125,6409.7998046875,66079400
2022-08-03,6475.5400390625,6398.990234375,6404.10009765625,6472.06005859375,78438000
2022-08-04,6555.7099609375,6475.0498046875,6476.72021484375,6513.39013671875,75071500
2022-08-05,6523.02978515625,6449.72021484375,6512.6201171875,6472.35009765625,71657900
2022-08-08,6564.240234375,6503.27001953125,6510.4501953125,6524.43994140625,57501500
2022-08-09,6530.35009765625,6480.06005859375,6514.52001953125,6490.0,60132500
2022-08-10,6545.64013671875,6453.7900390625,6467.10009765625,6523.43994140625,67978700
2022-08-11,6562.31982421875,6499.6298828125,6560.2099609375,6544.669921875,63494500
2022-08-12,6587.83984375,6539.75,6553.240234375,6553.85986328125,59404000
2022-08-15,6586.9599609375,6532.47998046875,6582.6298828125,6569.9501953125,41045400
2022-08-16,6608.830078125,6568.580078125,6580.990234375,6592.580078125,56347800
2022-08-17,6608.64013671875,6517.990234375,6608.64013671875,6528.31982421875,62910000
2022-08-18,6576.3701171875,6519.56982421875,6530.580078125,6557.39990234375,52233900
2022-08-19,6549.1298828125,6488.0,6520.43994140625,6495.830078125,65894600
2022-08-22,6459.35986328125,6352.97021484375,6448.81005859375,6378.740234375,78589600
2022-08-23,6402.22021484375,6331.169921875,6331.169921875,6362.02001953125,60089800
2022-08-24,6396.6298828125,6319.7001953125,6332.43017578125,6386.759765625,52703400
2022-08-25,6440.68994140625,6361.52978515625,6432.16015625,6381.56005859375,49495300
2022-08-26,6429.7900390625,6252.58984375,6420.75,6274.259765625,67384400
2022-08-29,6232.25,6153.43994140625,6199.10986328125,6222.27978515625,54873600
2022-08-30,6303.66015625,6182.6298828125,6243.080078125,6210.22021484375,65574600
2022-08-31,6230.89990234375,6125.10009765625,6226.990234375,6125.10009765625,109610300
2022-09-01,6072.93017578125,6009.08984375,6068.33984375,6034.31005859375,74056000
2022-09-02,6178.2900390625,6051.02001953125,6075.72998046875,6167.509765625,76451600
2022-09-05,6105.58984375,6018.02001953125,6048.22021484375,6093.22021484375,65693400
2022-09-06,6138.22021484375,6060.43994140625,6083.02001953125,6104.60986328125,54762700
2022-09-07,6119.9501953125,6045.27001953125,6059.64013671875,6105.919921875,71611100
2022-09-08,6143.2900390625,6034.7900390625,6136.93017578125,6125.89990234375,75081400
2022-09-09,6239.10986328125,6138.8798828125,6140.8701171875,6212.330078125,72211000
2022-09-12,6352.4501953125,6224.509765625,6242.4599609375,6333.58984375,77476100
2022-09-13,6394.18017578125,6245.68994140625,6360.31005859375,6245.68994140625,79001400
2022-09-14,6249.2900390625,6183.5498046875,6210.77001953125,6222.41015625,75468700
2022-09-15,6249.52001953125,6143.35986328125,6212.2099609375,6157.83984375,74835300
2022-09-16,6114.35986328125,6052.419921875,6100.7900390625,6077.2998046875,153174600
2022-09-19,6093.39990234375,5974.72021484375,6049.0,6061.58984375,51601200
2022-09-20,6118.25,5970.22998046875,6084.41015625,5979.47021484375,77470600
2022-09-21,6034.27001953125,5915.56982421875,5928.5,6031.330078125,70185800
2022-09-22,6022.39013671875,5918.5,5928.5400390625,5918.5,72756700
2022-09-23,5913.7099609375,5765.64990234375,5906.18017578125,5783.41015625,92468500
2022-09-26,5828.0498046875,5736.0,5744.490234375,5769.39013671875,78603600
2022-09-27,5852.60986328125,5753.81982421875,5809.81982421875,5753.81982421875,85032200
2022-09-28,5773.080078125,5651.490234375,5692.5400390625,5765.009765625,106668700
2022-09-29,5746.2900390625,5628.419921875,5746.2900390625,5676.8701171875,102422800
2022-09-30,5770.77978515625,5688.33984375,5712.2001953125,5762.33984375,102731500
2022-10-03,5804.27001953125,5654.43994140625,5697.47021484375,5794.14990234375,80848100
2022-10-04,6039.68994140625,5852.919921875,5859.4501953125,6039.68994140625,95391900
2022-10-05,6034.93017578125,5953.5498046875,6006.1201171875,5985.4599609375,75121600
2022-10-06,6018.47021484375,5917.27001953125,6004.10986328125,5936.419921875,63735200
2022-10-07,5956.9501953125,5855.66015625,5911.9599609375,5866.93994140625,65700300
2022-10-10,5883.85009765625,5796.31005859375,5806.56982421875,5840.5498046875,64916700
2022-10-11,5849.580078125,5770.47998046875,5796.830078125,5833.2001953125,66016800
2022-10-12,5872.490234375,5788.66015625,5842.10009765625,5818.47021484375,70096900
2022-10-13,5899.81982421875,5704.8701171875,5792.5400390625,5879.18994140625,86713000
2022-10-14,6044.75,5921.14990234375,5965.7998046875,5931.919921875,80215500
2022-10-17,6068.3701171875,5910.39013671875,5949.64990234375,6040.66015625,63825900
2022-10-18,6139.77978515625,6057.3798828125,6098.60009765625,6067.0,66543800
2022-10-19,6109.97021484375,6040.72021484375,6092.77001953125,6040.72021484375,66384700
2022-10-20,6103.5,6029.52978515625,6046.81005859375,6086.89990234375,62634500
2022-10-21,6056.0400390625,5952.8798828125,6021.580078125,6035.39013671875,72699400
2022-10-24,6175.6201171875,6041.14013671875,6076.2001953125,6131.35986328125,78770900
2022-10-25,6253.1201171875,6135.3798828125,6172.64990234375,6250.5498046875,78255100
2022-10-26,6282.75,6219.330078125,6244.64013671875,6276.31005859375,68833800
2022-10-27,6272.2001953125,6194.330078125,6253.85009765625,6244.02978515625,85178900
2022-10-28,6278.77001953125,6183.41015625,6192.18017578125,6273.0498046875,72520200
2022-10-31,6293.14990234375,6244.080078125,6279.7001953125,6266.77001953125,66506100
2022-11-01,6383.7001953125,6306.0498046875,6329.759765625,6328.25,60553400
2022-11-02,6376.2900390625,6273.5498046875,6351.31005859375,6276.8798828125,68322300
2022-11-03,6245.68994140625,6191.72998046875,6209.6298828125,6243.27978515625,70824300
2022-11-04,6466.31982421875,6289.06982421875,6291.39013671875,6416.43994140625,99100700
2022-11-07,6442.41015625,6363.7001953125,6379.490234375,6416.60986328125,74724700
2022-11-08,6451.16015625,6378.31982421875,6391.75,6441.5,63537800
2022-11-09,6446.5,6405.83984375,6426.7998046875,6430.56982421875,65301500
2022-11-10,6573.85009765625,6381.419921875,6396.58984375,6556.830078125,115490300
2022-11-11,6636.81005859375,6573.8701171875,6612.93017578125,6594.6201171875,98336500
2022-11-14,6662.06982421875,6603.56005859375,6622.419921875,6609.169921875,78284400
2022-11-15,6684.08984375,6621.81982421875,6626.81982421875,6641.66015625,75504200
2022-11-16,6656.330078125,6587.2001953125,6647.39990234375,6607.22021484375,85200600
2022-11-17,6634.72998046875,6522.27978515625,6624.47021484375,6576.1201171875,70512200
2022-11-18,6667.2001953125,6601.56005859375,6620.580078125,6644.4599609375,83554600
2022-11-21,6649.759765625,6613.919921875,6625.10009765625,6634.4501953125,65020100
2022-11-22,6669.169921875,6615.580078125,6643.7001953125,6657.52978515625,63964600
2022-11-23,6681.41015625,6642.02978515625,6677.97021484375,6679.08984375,55283400
2022-11-24,6730.16015625,6679.7998046875,6683.43994140625,6707.31982421875,53784900
2022-11-25,6725.0,6686.6298828125,6710.35986328125,6712.47998046875,47928700
2022-11-28,6693.919921875,6641.2998046875,6678.10986328125,6665.2001953125,66210300
2022-11-29,6695.85986328125,6649.8798828125,6686.9599609375,6668.97021484375,64658900
2022-11-30,6743.60009765625,6678.75,6706.669921875,6738.5498046875,137628600
2022-12-01,6791.31005859375,6730.5498046875,6784.60009765625,6753.97021484375,76833000
2022-12-02,6767.72021484375,6689.759765625,6728.85986328125,6742.25,73971700
2022-12-05,6738.97021484375,6685.52001953125,6728.7099609375,6696.9599609375,64996300
2022-12-06,6704.740234375,6656.93017578125,6677.490234375,6687.7900390625,68966200
2022-12-07,6696.64990234375,6642.43994140625,6687.33984375,6660.58984375,70960500
2022-12-08,6679.56982421875,6629.35986328125,6677.0,6647.31005859375,67338600
2022-12-09,6680.08984375,6618.27001953125,6671.77978515625,6677.64013671875,73547100
2022-12-12,6681.2998046875,6634.97021484375,6647.89990234375,6650.5498046875,62590500
2022-12-13,6823.10009765625,6642.08984375,6672.22021484375,6744.97998046875,86739300
2022-12-14,6733.85009765625,6694.330078125,6727.75,6730.7900390625,76945400
2022-12-15,6680.22021484375,6503.0,6674.2900390625,6522.77001953125,103759900
2022-12-16,6515.7001953125,6418.9501953125,6505.6298828125,6452.6298828125,156200000
2022-12-19,6510.4599609375,6470.93017578125,6470.93017578125,6473.2900390625,64477300
2022-12-20,6468.93994140625,6388.22998046875,6418.68994140625,6450.43017578125,74259100
2022-12-21,6586.47998046875,6467.56982421875,6469.10986328125,6580.240234375,70962400
2022-12-22,6614.35009765625,6503.8798828125,6587.5,6517.97021484375,56190600
2022-12-23,6533.580078125,6476.0498046875,6513.2001953125,6504.89990234375,42984900
2022-12-27,6579.330078125,6543.259765625,6559.6298828125,6550.66015625,33013100
2022-12-28,6572.1201171875,6505.669921875,6561.5,6510.490234375,40109400
2022-12-29,6577.080078125,6474.72998046875,6486.64990234375,6573.47021484375,41261600
2022-12-30,6540.509765625,6470.64013671875,6533.1201171875,6473.759765625,42838300
2023-01-02,6601.10986328125,6518.2099609375,6521.06982421875,6594.56982421875,47388200
2023-01-03,6696.10009765625,6580.08984375,6580.08984375,6623.89013671875,73986700
2023-01-04,6780.830078125,6659.830078125,6660.60009765625,6776.43017578125,94387100
2023-01-05,6792.08984375,6732.0400390625,6744.5,6761.5,71666600
2023-01-06,6860.9501953125,6757.4599609375,6772.93994140625,6860.9501953125,0
2023-01-09,6928.43017578125,6851.66015625,6861.58984375,6907.35986328125,78531000
2023-01-10,6885.43994140625,6845.81005859375,6882.009765625,6869.14013671875,64470300
2023-01-11,6946.669921875,6874.7099609375,6879.10009765625,6924.18994140625,76436500
2023-01-12,7015.7001953125,6946.2998046875,6947.33984375,6975.68017578125,82168400
2023-01-13,7035.81982421875,6977.85986328125,6989.58984375,7023.5,76364900
2023-01-16,7052.52001953125,7016.31982421875,7036.47998046875,7043.31005859375,56440600
2023-01-17,7104.89990234375,7020.81982421875,7036.91015625,7077.16015625,82336900
2023-01-18,7115.2001953125,7072.4501953125,7073.6201171875,7083.39013671875,68097000
2023-01-19,7056.14013671875,6946.740234375,7047.64013671875,6951.8701171875,80486000
2023-01-20,7015.9599609375,6965.4501953125,6996.22021484375,6995.990234375,64034900
2023-01-23,7044.509765625,6988.509765625,7014.91015625,7032.02001953125,51105500
2023-01-24,7064.68994140625,7011.39990234375,7053.0400390625,7050.47998046875,57820900
2023-01-25,7070.83984375,6999.93017578125,7057.81982421875,7043.8798828125,55620400
2023-01-26,7117.52978515625,7078.02001953125,7095.10986328125,7095.990234375,68505600
2023-01-27,7117.47998046875,7062.68994140625,7085.47021484375,7097.2099609375,68167800
2023-01-30,7103.66015625,7030.9501953125,7054.240234375,7082.009765625,60633400
2023-01-31,7088.97021484375,7025.52978515625,7075.08984375,7082.419921875,78055900
2023-02-01,7110.2099609375,7059.60986328125,7087.2001953125,7077.10986328125,63651600
2023-02-02,7184.68994140625,7079.41015625,7110.02978515625,7166.27001953125,95949900
2023-02-03,7233.93994140625,7113.419921875,7136.39990234375,7233.93994140625,89988400
2023-02-06,7187.27001953125,7104.52001953125,7181.97021484375,7137.10009765625,68293300
2023-02-07,7154.509765625,7108.4599609375,7145.83984375,7132.35009765625,73508000
2023-02-08,7190.85986328125,7119.830078125,7181.580078125,7119.830078125,84748800
2023-02-09,7225.8798828125,7179.64013671875,7179.64013671875,7188.35986328125,81784900
2023-02-10,7182.919921875,7074.6298828125,7165.41015625,7129.72998046875,79146100
2023-02-13,7213.93994140625,7138.91015625,7147.47998046875,7208.58984375,57944800
2023-02-14,7271.47998046875,7204.509765625,7225.2998046875,7213.81005859375,73276800
2023-02-15,7318.77978515625,7200.72998046875,7206.830078125,7300.85986328125,75504300
2023-02-16,7387.2900390625,7325.75,7346.2998046875,7366.16015625,91730300
2023-02-17,7368.0,7267.77001953125,7311.14013671875,7347.72021484375,80226800
2023-02-20,7363.41015625,7318.72998046875,7361.2099609375,7335.60986328125,48622700
2023-02-21,7342.68017578125,7241.2099609375,7319.93017578125,7308.64990234375,68754800
2023-02-22,7307.81982421875,7231.6298828125,7282.490234375,7299.259765625,83809200
2023-02-23,7357.68017578125,7301.419921875,7309.02978515625,7317.43017578125,79939200
2023-02-24,7366.06982421875,7187.27001953125,7359.759765625,7187.27001953125,94517800
2023-02-27,7324.02978515625,7243.02978515625,7243.02978515625,7295.5498046875,69314300
2023-02-28,7317.97998046875,7249.47021484375,7253.5400390625,7267.93017578125,102729300
2023-03-01,7327.2900390625,7219.39990234375,7279.33984375,7234.25,79246600
2023-03-02,7286.240234375,7169.66015625,7176.41015625,7284.22021484375,70461500
2023-03-03,7358.0400390625,7308.14990234375,7313.47998046875,7348.1201171875,0
2023-03-06,7401.14990234375,7349.97998046875,7385.75,7373.2099609375,68683500
2023-03-07,7398.02978515625,7336.2001953125,7355.8701171875,7339.27001953125,64092400
2023-03-08,7346.6201171875,7305.919921875,7305.919921875,7324.759765625,56907200
2023-03-09,7333.22021484375,7274.0498046875,7317.43017578125,7315.8798828125,64735900
2023-03-10,7256.47998046875,7166.89013671875,7193.3701171875,7220.669921875,99781300
2023-03-13,7211.43994140625,6979.5498046875,7211.43994140625,7011.5,141250200
2023-03-14,7162.56982421875,6989.9599609375,7029.22021484375,7141.56982421875,100862300
2023-03-15,7123.2001953125,6861.6298828125,7123.2001953125,6885.7099609375,174797900
2023-03-16,7063.31005859375,6876.60986328125,6987.6298828125,7025.72021484375,132832700
2023-03-17,7104.75,6895.72998046875,7086.10009765625,6925.39990234375,203828600
2023-03-20,7049.759765625,6796.2099609375,6900.89990234375,7013.14013671875,0
2023-03-21,7150.330078125,7083.81005859375,7089.009765625,7112.91015625,94861700
2023-03-22,7157.72998046875,7080.18017578125,7105.31982421875,7131.1201171875,65186100
2023-03-23,7149.919921875,7073.5,7118.14013671875,7139.25,0
2023-03-24,7108.66015625,6953.580078125,7108.16015625,7015.10009765625,0
2023-03-27,7119.58984375,7039.08984375,7103.52978515625,7078.27001953125,80202400
2023-03-28,7154.56005859375,7066.27001953125,7145.66015625,7088.33984375,71634200
2023-03-29,7201.25,7125.1201171875,7141.0498046875,7186.990234375,78047700
2023-03-30,7292.39013671875,7222.68994140625,7222.68994140625,7263.3701171875,73846100
2023-03-31,7341.7900390625,7264.81982421875,7271.18994140625,7322.39013671875,84335300
2023-04-03,7362.39013671875,7332.64013671875,7341.68994140625,7345.9599609375,64074600
2023-04-04,7399.58984375,7344.33984375,7375.7900390625,7344.9599609375,66324100
2023-04-05,7359.39990234375,7300.330078125,7350.02978515625,7316.2998046875,76911000
2023-04-06,7344.33984375,7312.60986328125,7328.56982421875,7324.75,67271300
2023-04-11,7403.669921875,7370.08984375,7381.77001953125,7390.27978515625,73186100
2023-04-12,7463.669921875,7379.7900390625,7396.81005859375,7396.93994140625,63577700
2023-04-13,7485.58984375,7450.759765625,7450.759765625,7480.830078125,59146200
2023-04-14,7533.41015625,7491.43017578125,7500.77001953125,7519.60986328125,71857700
2023-04-17,7552.0,7498.06982421875,7535.39013671875,7498.18017578125,67745800
2023-04-18,7559.35009765625,7509.0,7509.0,7533.6298828125,67638400
2023-04-19,7558.9501953125,7513.77001953125,7530.5400390625,7549.43994140625,0
2023-04-20,7546.06982421875,7506.919921875,7541.68017578125,7538.7099609375,72892900
2023-04-21,7577.0,7518.31982421875,7551.5,7577.0,73188400
2023-04-24,7581.259765625,7545.60009765625,7545.60009765625,7573.85986328125,63568000
2023-04-25,7541.72021484375,7504.259765625,7528.14990234375,7531.60986328125,73945200
2023-04-26,7508.1298828125,7427.52978515625,7496.47998046875,7466.66015625,91913500
2023-04-27,7507.259765625,7446.66015625,7450.10009765625,7483.83984375,78104400
2023-04-28,7505.0498046875,7403.2001953125,7498.6201171875,7491.5,87006000
2023-05-02,7505.919921875,7374.06005859375,7466.81982421875,7383.2001953125,83037300
2023-05-03,7445.9501953125,7395.81982421875,7410.56005859375,7403.830078125,61108100
2023-05-04,7393.02001953125,7316.14013671875,7381.39990234375,7340.77001953125,79974300
2023-05-05,7437.60009765625,7354.60009765625,7388.009765625,7432.93017578125,70692800
2023-05-08,7456.4599609375,7416.22021484375,7427.9599609375,7440.91015625,46786900
2023-05-09,7419.89990234375,7358.4501953125,7415.009765625,7397.169921875,63457500
2023-05-10,7416.31982421875,7337.66015625,7403.6201171875,7361.2001953125,75389600
2023-05-11,7436.93994140625,7333.919921875,7383.580078125,7381.77978515625,0
2023-05-12,7463.7001953125,7395.60009765625,7420.41015625,7414.85009765625,0
2023-05-15,7455.6298828125,7397.85986328125,7443.3798828125,7418.2099609375,48638700
2023-05-16,7427.56982421875,7377.81005859375,7394.85009765625,7406.009765625,61261800
2023-05-17,7422.580078125,7354.5400390625,7378.830078125,7399.43994140625,57783800
2023-05-18,7481.77978515625,7426.39013671875,7440.75,7446.89013671875,59991600
2023-05-19,7523.56005859375,7463.9599609375,7469.77978515625,7491.9599609375,67973200
2023-05-22,7493.3798828125,7452.68994140625,7467.93017578125,7478.16015625,57439200
2023-05-23,7459.3701171875,7378.7099609375,7457.18017578125,7378.7099609375,65786700
2023-05-24,7308.58984375,7223.580078125,7306.14013671875,7253.4599609375,77511200
2023-05-25,7261.0498046875,7197.39990234375,7261.0498046875,7229.27001953125,59437600
2023-05-26,7334.31005859375,7208.43994140625,7256.5,7319.18017578125,58221500
2023-05-29,7356.56982421875,7292.10986328125,7352.93017578125,7303.81005859375,33459400
2023-05-30,7296.3798828125,7195.3798828125,7279.8798828125,7209.75,69222900
2023-05-31,7185.1298828125,7083.60009765625,7136.169921875,7098.7001953125,214675800
2023-06-01,7171.60009765625,7090.4599609375,7139.39013671875,7137.43017578125,58144900
2023-06-02,7278.0,7179.31005859375,7181.7998046875,7270.68994140625,71138500
2023-06-05,7294.81005859375,7193.3701171875,7294.81005859375,7200.91015625,54498100
2023-06-06,7219.3701171875,7175.60009765625,7189.6298828125,7209.0,53479000
2023-06-07,7227.58984375,7170.93994140625,7198.240234375,7202.7900390625,50824500
2023-06-08,7236.14990234375,7184.18994140625,7196.22021484375,7222.14990234375,51059700
2023-06-09,7239.52001953125,7185.259765625,7230.9501953125,7213.14013671875,0
2023-06-12,7283.330078125,7237.85009765625,7250.14990234375,7250.35009765625,56911400
2023-06-13,7308.0,7244.419921875,7290.31005859375,7290.7998046875,65501800
2023-06-14,7358.990234375,7288.4599609375,7290.93994140625,7328.52978515625,66153600
2023-06-15,7313.47021484375,7246.330078125,7304.97021484375,7290.91015625,60422800
2023-06-16,7403.8798828125,7297.72998046875,7312.06982421875,7388.64990234375,170731900
2023-06-19,7362.43994140625,7302.6298828125,7353.31005859375,7314.0498046875,0
2023-06-20,7322.56982421875,7281.1201171875,7303.240234375,7294.169921875,55853400
2023-06-21,7297.85009765625,7246.85986328125,7273.89013671875,7260.97021484375,48414000
2023-06-22,7206.89013671875,7145.06005859375,7194.259765625,7203.27978515625,53704500
2023-06-23,7193.77978515625,7128.64013671875,7165.3798828125,7163.419921875,51938700
2023-06-26,7203.4599609375,7105.72021484375,7175.8798828125,7184.35009765625,52606600
2023-06-27,7236.2099609375,7161.72021484375,7212.830078125,7215.580078125,49886400
2023-06-28,7292.89013671875,7250.68017578125,7250.68017578125,7286.31982421875,53588400
2023-06-29,7349.18017578125,7288.64990234375,7295.759765625,7312.72998046875,60930900
2023-06-30,7419.35986328125,7337.27978515625,7339.89013671875,7400.06005859375,0
2023-07-03,7426.60009765625,7386.7001953125,7415.169921875,7386.7001953125,46756600
2023-07-04,7401.4599609375,7368.97021484375,7390.91015625,7369.93017578125,38120100
2023-07-05,7352.1201171875,7294.60009765625,7327.77978515625,7310.81005859375,60271900
2023-07-06,7240.2001953125,7065.259765625,7239.89990234375,7082.2900390625,83220200
2023-07-07,7151.06982421875,7052.77001953125,7098.75,7111.8798828125,55691900
2023-07-10,7173.64990234375,7082.4599609375,7082.4599609375,7143.68994140625,41303800
2023-07-11,7244.9599609375,7172.14013671875,7176.18017578125,7220.009765625,43936800
2023-07-12,7348.06005859375,7231.330078125,7241.06005859375,7333.009765625,60353600
2023-07-13,7409.009765625,7335.60986328125,7346.56005859375,7369.7998046875,53762900
2023-07-14,7403.14990234375,7353.919921875,7353.919921875,7374.5400390625,38957900
2023-07-17,7332.5,7268.72998046875,7314.169921875,7291.66015625,35648100
2023-07-18,7326.72021484375,7275.52001953125,7280.18994140625,7319.18017578125,36847300
2023-07-19,7382.89013671875,7317.5400390625,7369.7998046875,7326.93994140625,44834900
2023-07-20,7391.4501953125,7301.1201171875,7302.22021484375,7384.91015625,52025800
2023-07-21,7433.31005859375,7379.6201171875,7389.509765625,7432.77001953125,50212100
2023-07-24,7435.93017578125,7390.81982421875,7405.66015625,7427.31005859375,0
2023-07-25,7450.3701171875,7401.830078125,7449.93994140625,7415.4501953125,46585200
2023-07-26,7369.06982421875,7251.02001953125,7363.5400390625,7315.06982421875,61674900
2023-07-27,7477.10986328125,7340.02978515625,7358.66015625,7465.240234375,81038100
2023-07-28,7498.93994140625,7416.2001953125,7449.2001953125,7476.47021484375,68278600
2023-07-31,7526.0498046875,7464.64990234375,7473.1201171875,7497.77978515625,60786100
2023-08-01,7499.52978515625,7403.16015625,7478.10009765625,7406.080078125,53827600
2023-08-02,7377.009765625,7287.0400390625,7312.91015625,7312.83984375,66100000
2023-08-03,7271.830078125,7213.8701171875,7256.06005859375,7260.52978515625,70017100
2023-08-04,7323.18994140625,7244.18994140625,7286.97998046875,7315.06982421875,67381300
2023-08-07,7330.240234375,7269.47998046875,7290.3701171875,7319.759765625,40392600
2023-08-08,7325.72998046875,7219.1201171875,7271.0498046875,7269.47021484375,59934000
2023-08-09,7381.3798828125,7317.3798828125,7351.02001953125,7322.0400390625,49539900
2023-08-10,7464.7900390625,7368.9501953125,7373.5498046875,7433.6201171875,55462200
2023-08-11,7406.89013671875,7317.759765625,7391.25,7340.18994140625,45994600
2023-08-14,7371.93017578125,7309.93994140625,7326.77978515625,7348.83984375,37852500
2023-08-15,7357.7099609375,7236.56005859375,7355.080078125,7267.7001953125,36007600
2023-08-16,7301.10986328125,7241.10009765625,7246.72998046875,7260.25,35669800
2023-08-17,7261.89990234375,7183.5,7229.06005859375,7191.740234375,44487100
2023-08-18,7172.990234375,7092.72021484375,7163.2099609375,7164.10986328125,49419000
2023-08-21,7259.31982421875,7165.06982421875,7165.06982421875,7198.06005859375,39845700
2023-08-22,7293.6298828125,7223.06982421875,7227.10009765625,7240.8798828125,39824300
2023-08-23,7295.35986328125,7224.06982421875,7265.97998046875,7246.6201171875,39128000
2023-08-24,7343.77001953125,7210.0,7309.60986328125,7214.4599609375,37453800
2023-08-25,7287.56005859375,7196.83984375,7199.58984375,7229.60009765625,32957800
2023-08-28,7340.35009765625,7261.5,7294.33984375,7324.7099609375,35231600
2023-08-29,7378.0498046875,7322.4501953125,7345.56982421875,7373.43017578125,47511000
2023-08-30,7405.4501953125,7321.35009765625,7396.14013671875,7364.39990234375,37841600
2023-08-31,7386.9501953125,7316.7001953125,7372.64990234375,7316.7001953125,97985800
2023-09-01,7358.52978515625,7294.490234375,7310.68017578125,7296.77001953125,45903600
2023-09-04,7358.89013671875,7267.25,7332.2001953125,7279.509765625,34351600
2023-09-05,7288.35009765625,7183.7998046875,7241.2001953125,7254.72021484375,51494100
2023-09-06,7221.43994140625,7168.83984375,7217.43994140625,7194.08984375,50998000
2023-09-07,7240.72021484375,7165.97998046875,7165.97998046875,7196.10009765625,50965400
2023-09-08,7246.740234375,7136.56005859375,7219.91015625,7240.77001953125,45098500
2023-09-11,7316.5,7253.64990234375,7275.3701171875,7278.27001953125,45367500
2023-09-12,7297.8701171875,7241.990234375,7290.6201171875,7252.8798828125,49023200
2023-09-13,7249.33984375,7184.56005859375,7224.6201171875,7222.56982421875,53756100
2023-09-14,7323.68017578125,7184.25,7216.080078125,7308.669921875,68698900
2023-09-15,7435.35986328125,7366.2099609375,7381.31982421875,7378.81982421875,0
2023-09-18,7353.5498046875,7255.02978515625,7353.5498046875,7276.14013671875,73474400
2023-09-19,7306.02001953125,7247.02001953125,7250.0498046875,7282.1201171875,53260300
2023-09-20,7351.2900390625,7272.68017578125,7278.919921875,7330.7900390625,58755900
2023-09-21,7270.06005859375,7199.10986328125,7252.41015625,7213.89990234375,60321000
2023-09-22,7203.97021484375,7133.64990234375,7157.39013671875,7184.81982421875,53604800
2023-09-25,7199.9501953125,7087.6298828125,7157.22998046875,7123.8798828125,50383800
2023-09-26,7095.4599609375,7033.830078125,7083.85986328125,7074.02001953125,49374400
2023-09-27,7106.3701171875,7053.10986328125,7070.39013671875,7071.7900390625,52633000
2023-09-28,7117.330078125,7042.740234375,7068.02978515625,7116.240234375,53878800
2023-09-29,7204.9599609375,7135.06005859375,7152.2998046875,7135.06005859375,62306100
2023-10-02,7197.0,7035.64990234375,7164.0498046875,7068.16015625,0
2023-10-03,7075.490234375,6989.77001953125,7031.58984375,6997.0498046875,60270400
2023-10-04,7050.68994140625,6948.02978515625,6959.52001953125,6996.72998046875,53552300
2023-10-05,7025.5,6970.58984375,7009.81982421875,6998.25,62848100
2023-10-06,7064.43994140625,6981.490234375,7022.06982421875,7060.14990234375,60655400
2023-10-09,7057.81005859375,6980.330078125,7041.3798828125,7021.39990234375,52188000
2023-10-10,7170.31982421875,7085.1298828125,7086.72021484375,7162.43017578125,62230600
2023-10-11,7166.5,7080.009765625,7090.18017578125,7131.2099609375,59889100
2023-10-12,7182.2998046875,7097.52978515625,7175.77001953125,7104.52978515625,51297700
2023-10-13,7108.759765625,6997.47998046875,7097.14990234375,7003.52978515625,67408900
2023-10-16,7048.33984375,6963.02001953125,7029.75,7022.18994140625,51422100
2023-10-17,7051.18017578125,6969.06982421875,7016.25,7029.7001953125,44928500
2023-10-18,7045.18017578125,6954.10009765625,7021.1298828125,6965.990234375,49961000
2023-10-19,6938.31005859375,6875.77001953125,6918.080078125,6921.3701171875,62442600
2023-10-20,6880.64013671875,6816.169921875,6850.1298828125,6816.22021484375,0
2023-10-23,6855.93017578125,6773.81982421875,6820.25,6850.47021484375,53038700
2023-10-24,6909.080078125,6833.91015625,6865.10009765625,6893.64990234375,58807000
2023-10-25,6927.27001953125,6846.509765625,6859.68994140625,6915.06982421875,69113800
2023-10-26,6915.240234375,6825.58984375,6835.52978515625,6888.9599609375,71582200
2023-10-27,6898.97998046875,6784.6201171875,6898.97998046875,6795.3798828125,68755200
2023-10-30,6854.60009765625,6809.83984375,6826.9501953125,6825.06982421875,59561000
2023-10-31,6903.2001953125,6831.669921875,6840.72998046875,6885.64990234375,66344100
2023-11-01,6954.83984375,6873.5498046875,6914.31982421875,6932.6298828125,50434500
2023-11-02,7097.39013671875,6982.0400390625,6991.4501953125,7060.68994140625,67508200
2023-11-03,7086.7099609375,7046.85986328125,7084.509765625,7047.5,67586800
2023-11-06,7069.66015625,7006.52978515625,7066.18017578125,7013.72998046875,49088200
2023-11-07,7011.7900390625,6963.8798828125,6970.66015625,6986.22998046875,0
