Date,High_^NYA,Low_^NYA,Open_^NYA,Close_^NYA,Volume_^NYA
2020-01-02,14003.3896484375,13913.0302734375,13913.0302734375,14002.490234375,3459930000
2020-01-03,13950.740234375,13870.740234375,13877.48046875,13917.0498046875,3484700000
2020-01-06,13943.2998046875,13852.73046875,13856.7197265625,13941.7998046875,3702460000
2020-01-07,13923.509765625,13880.5302734375,13911.1904296875,13898.4501953125,3435910000
2020-01-08,13986.6904296875,13896.58984375,13897.009765625,13934.4404296875,3726840000
2020-01-09,14004.419921875,13960.169921875,13974.0703125,13997.650390625,3641230000
2020-01-10,14021.650390625,13941.51953125,14018.1201171875,13957.9697265625,3214580000
2020-01-13,14042.650390625,13963.8701171875,13980.4697265625,14042.650390625,3459390000
2020-01-14,14068.580078125,14005.6298828125,14024.23046875,14037.1298828125,3687620000
2020-01-15,14089.9404296875,14021.1796875,14022.2998046875,14053.23046875,3721490000
2020-01-16,14142.3095703125,14094.8798828125,14103.5302734375,14141.7802734375,3540580000
2020-01-17,14183.259765625,14156.400390625,14168.1396484375,14183.2001953125,3726220000
2020-01-21,14153.01953125,14102.3896484375,14126.1201171875,14109.98046875,4104840000
2020-01-22,14168.2001953125,14104.0595703125,14147.8896484375,14110.240234375,3623780000
2020-01-23,14109.58984375,14003.2802734375,14064.2802734375,14102.0400390625,3766710000
2020-01-24,14120.01953125,13920.5703125,14120.01953125,13978.4697265625,3708780000
2020-01-27,13826.4296875,13742.009765625,13746.6298828125,13769.599609375,3831050000
2020-01-28,13913.58984375,13798.33984375,13812.650390625,13877.6103515625,3531570000
2020-01-29,13922.4404296875,13843.7900390625,13912.7900390625,13843.8095703125,3600250000
2020-01-30,13869.6396484375,13699.8095703125,13745.2001953125,13861.919921875,3790350000
2020-01-31,13788.2197265625,13573.0400390625,13783.8095703125,13614.099609375,4529700000
2020-02-03,13765.330078125,13655.8896484375,13655.8896484375,13677.919921875,3760460000
2020-02-04,13920.6298828125,13826.099609375,13826.099609375,13862.83984375,3996900000
2020-02-05,14029.91015625,13947.58984375,13964.0,14024.8603515625,4121480000
2020-02-06,14069.330078125,14023.48046875,14066.900390625,14034.9501953125,3887250000
2020-02-07,13987.509765625,13912.0400390625,13987.509765625,13931.9296875,3733920000
2020-02-10,13984.5498046875,13899.5302734375,13904.01953125,13984.48046875,3462730000
2020-02-11,14100.26953125,13984.48046875,13984.48046875,14054.080078125,3762940000
2020-02-12,14148.240234375,14108.51953125,14117.830078125,14136.98046875,3930910000
2020-02-13,14132.8798828125,14049.1298828125,14069.25,14099.0400390625,3500890000
2020-02-14,14110.1904296875,14046.599609375,14104.76953125,14097.33984375,3419700000
2020-02-18,14072.6904296875,13990.7001953125,14047.91015625,14039.009765625,3750400000
2020-02-19,14115.9501953125,14066.240234375,14077.509765625,14087.1298828125,3614200000
2020-02-20,14104.919921875,13955.75,14061.0400390625,14061.48046875,4019180000
2020-02-21,14014.6298828125,13931.1298828125,14014.6298828125,13975.7802734375,3908780000
2020-02-24,13654.0,13493.6796875,13654.0,13534.1201171875,4851160000
2020-02-25,13582.740234375,13110.08984375,13570.2099609375,13143.73046875,5596760000
2020-02-26,13323.33984375,13041.9404296875,13194.3095703125,13046.6201171875,5484650000
2020-02-27,12977.1796875,12544.990234375,12841.400390625,12547.25,7064710000
2020-02-28,12547.25,12024.4501953125,12547.25,12380.9697265625,8569570000
2020-03-02,12830.1298828125,12316.1796875,12441.4296875,12827.990234375,6381330000
2020-03-03,13015.66015625,12432.51953125,12845.0595703125,12542.740234375,6376510000
2020-03-04,13011.4501953125,12673.900390625,12696.6103515625,13009.9599609375,5073020000
2020-03-05,12786.6396484375,12489.76953125,12740.8603515625,12593.0302734375,5579290000
2020-03-06,12593.0302734375,12106.740234375,12593.0302734375,12352.0302734375,6555240000
2020-03-09,11748.6103515625,11240.76953125,11748.6103515625,11298.4296875,8441290000
2020-03-10,11794.009765625,11246.51953125,11635.2197265625,11793.26953125,7642040000
2020-03-11,11523.9404296875,11053.7900390625,11523.9404296875,11177.2900390625,7431200000
2020-03-12,10646.919921875,10054.4697265625,10466.7001953125,10060.759765625,8850810000
2020-03-13,10851.75,10060.349609375,10445.4404296875,10851.740234375,8299070000
2020-03-16,10851.98046875,9559.23046875,10851.98046875,9567.5302734375,7805450000
2020-03-17,10154.16015625,9484.650390625,9726.1796875,10063.3603515625,8370250000
2020-03-18,9666.5703125,8953.599609375,9562.490234375,9384.599609375,8799300000
2020-03-19,9622.2099609375,9048.3603515625,9313.759765625,9461.3095703125,7956100000
2020-03-20,9676.9404296875,9108.150390625,9577.900390625,9133.16015625,9053950000
2020-03-23,9053.490234375,8664.9404296875,9014.580078125,8777.3798828125,7411380000
2020-03-24,9672.009765625,9276.6396484375,9276.6396484375,9658.3203125,7563150000
2020-03-25,10303.900390625,9591.740234375,9749.7998046875,9961.3798828125,8300010000
2020-03-26,10556.900390625,10060.48046875,10060.48046875,10536.2802734375,7766990000
2020-03-27,10449.2197265625,10064.5,10135.73046875,10187.2099609375,6201670000
2020-03-30,10455.76953125,10131.599609375,10238.1298828125,10434.740234375,5751120000
2020-03-31,10499.7998046875,10237.2197265625,10387.73046875,10301.8701171875,6576210000
2020-04-01,10029.0,9766.7998046875,9917.3095703125,9844.849609375,5964000000
2020-04-02,10142.009765625,9813.509765625,9815.26953125,10062.3701171875,6464190000
2020-04-03,10075.91015625,9774.240234375,10012.4697265625,9880.6298828125,6096970000
2020-04-06,10560.73046875,10233.0400390625,10264.1298828125,10515.240234375,6403840000
2020-04-07,10912.5595703125,10534.740234375,10894.2001953125,10537.0400390625,7050410000
2020-04-08,10939.9697265625,10538.650390625,10641.509765625,10902.58984375,5875710000
2020-04-09,11272.48046875,11019.8203125,11070.3203125,11136.6103515625,7899550000
2020-04-13,11136.6103515625,10817.150390625,11136.6103515625,10949.5302734375,5319530000
2020-04-14,11241.23046875,11064.6298828125,11151.16015625,11172.2001953125,5615730000
2020-04-15,10903.0595703125,10760.9599609375,10861.9697265625,10843.919921875,5208000000
2020-04-16,10891.6796875,10718.1298828125,10882.830078125,10818.0302734375,5228810000
2020-04-17,11231.26953125,11030.419921875,11101.3203125,11208.2900390625,5804810000
2020-04-20,11181.8095703125,10985.0595703125,11016.8798828125,11003.8798828125,5228630000
2020-04-21,10861.7900390625,10667.2900390625,10763.669921875,10706.4404296875,5121010000
2020-04-22,10955.5,10844.759765625,10919.9697265625,10908.5595703125,5084920000
2020-04-23,11099.0,10905.83984375,10961.240234375,10916.6796875,5773530000
2020-04-24,11050.009765625,10868.9296875,11000.7001953125,11017.900390625,5382810000
2020-04-27,11301.3095703125,11086.9599609375,11106.0302734375,11264.83984375,5203930000
2020-04-28,11481.2998046875,11272.7802734375,11462.3798828125,11319.7001953125,5691160000
2020-04-29,11675.2998046875,11513.080078125,11546.400390625,11618.23046875,6645640000
2020-04-30,11492.91015625,11326.2001953125,11473.23046875,11372.33984375,6544980000
2020-05-01,11187.76953125,11011.4599609375,11158.8701171875,11058.5703125,4759810000
2020-05-04,11061.9599609375,10900.3896484375,10965.76953125,11056.2802734375,4735930000
2020-05-05,11259.2001953125,11124.6904296875,11188.9697265625,11135.400390625,5140290000
2020-05-06,11204.5302734375,10999.990234375,11196.8701171875,10999.990234375,4892570000
2020-05-07,11228.25,11109.5595703125,11140.9296875,11121.669921875,5178790000
2020-05-08,11360.1103515625,11237.509765625,11281.2998046875,11354.33984375,4876030000
2020-05-11,11345.4296875,11205.400390625,11244.25,11281.3701171875,4819730000
2020-05-12,11343.3896484375,11055.580078125,11332.419921875,11055.580078125,5119630000
2020-05-13,11038.3798828125,10747.8095703125,11035.23046875,10829.4404296875,6151650000
2020-05-14,10927.849609375,10551.5498046875,10661.9296875,10927.41015625,5651130000
2020-05-15,10968.169921875,10817.1201171875,10927.41015625,10947.3203125,5507700000
2020-05-18,11454.349609375,11282.8896484375,11282.8896484375,11402.23046875,6373670000
2020-05-19,11409.66015625,11248.5400390625,11374.23046875,11248.9697265625,4984330000
2020-05-20,11477.330078125,11384.3603515625,11408.6103515625,11420.0400390625,5005380000
2020-05-21,11447.259765625,11287.4296875,11393.919921875,11351.599609375,4976620000
2020-05-22,11333.650390625,11247.2900390625,11325.080078125,11331.9697265625,3970860000
2020-05-26,11676.9599609375,11590.3095703125,11636.5400390625,11603.0,5848500000
2020-05-27,11837.5498046875,11602.4296875,11787.5595703125,11837.5302734375,6398000000
2020-05-28,11939.740234375,11783.2197265625,11935.8798828125,11804.91015625,5447020000
2020-05-29,11817.3896484375,11645.7099609375,11750.9697265625,11802.9501953125,7297550000
2020-06-01,11928.7998046875,11781.8798828125,11799.919921875,11900.240234375,4684170000
2020-06-02,12046.41015625,11900.240234375,11900.240234375,12046.41015625,5197150000
2020-06-03,12329.2900390625,12175.0595703125,12175.0595703125,12302.1904296875,6005560000
2020-06-04,12328.509765625,12202.3603515625,12236.740234375,12286.98046875,6451290000
2020-06-05,12752.1396484375,12600.7001953125,12640.98046875,12641.4404296875,8639300000
2020-06-08,12836.6796875,12688.5498046875,12734.5400390625,12836.599609375,8498300000
2020-06-09,12682.740234375,12578.5400390625,12635.599609375,12619.51953125,6410930000
2020-06-10,12628.91015625,12431.5595703125,12616.6298828125,12449.2197265625,6598870000
2020-06-11,12099.1796875,11636.009765625,12090.1298828125,11659.169921875,7037320000
2020-06-12,12030.9404296875,11640.58984375,11999.48046875,11867.169921875,5845330000
2020-06-15,11997.650390625,11525.3603515625,11565.8203125,11942.91015625,5757480000
2020-06-16,12318.75,11992.98046875,12304.1396484375,12161.4697265625,5845810000
2020-06-17,12202.580078125,12068.2099609375,12193.41015625,12086.490234375,4560450000
2020-06-18,12110.2001953125,11984.7099609375,11994.4599609375,12072.58984375,4448690000
2020-06-19,12240.3095703125,11946.9599609375,12240.3095703125,11980.1201171875,8346650000
2020-06-22,12045.650390625,11907.2197265625,11963.2998046875,12028.91015625,4686690000
2020-06-23,12176.4296875,12068.08984375,12157.3701171875,12077.740234375,4711850000
2020-06-24,11961.6201171875,11650.91015625,11956.2900390625,11726.5400390625,5597680000
2020-06-25,11866.2001953125,11640.01953125,11680.3896484375,11865.1103515625,4847690000
2020-06-26,11814.009765625,11578.8095703125,11796.400390625,11604.4296875,8107850000
2020-06-29,11777.6396484375,11605.4697265625,11683.0703125,11777.080078125,4473970000
2020-06-30,11934.9599609375,11724.5703125,11736.75,11893.7802734375,4705850000
2020-07-01,11982.23046875,11858.8203125,11907.830078125,11901.5498046875,4449230000
2020-07-02,12138.830078125,11970.7998046875,12088.7001953125,11991.51953125,4197720000
2020-07-06,12218.1904296875,12114.3203125,12181.2900390625,12160.009765625,4759160000
2020-07-07,12107.9501953125,11979.76953125,12056.2099609375,11990.1396484375,4571330000
2020-07-08,12095.1796875,11971.8896484375,12023.5703125,12086.3896484375,4937310000
2020-07-09,12103.16015625,11831.0400390625,12089.240234375,11928.6298828125,4843650000
2020-07-10,12079.1103515625,11906.2099609375,11935.2998046875,12075.580078125,4524190000
2020-07-13,12242.6796875,12000.98046875,12159.75,12014.669921875,4902440000
2020-07-14,12215.150390625,11963.5,11989.41015625,12014.669921875,4507140000
2020-07-15,12419.7998046875,12309.259765625,12377.650390625,12391.3203125,4686830000
2020-07-16,12381.3798828125,12295.6904296875,12310.1796875,12350.1103515625,3972860000
2020-07-17,12427.490234375,12339.8701171875,12395.759765625,12402.740234375,4012850000
2020-07-20,12432.76953125,12352.7197265625,12413.150390625,12392.98046875,3979340000
2020-07-21,12570.7099609375,12481.9697265625,12492.080078125,12508.6796875,4556610000
2020-07-22,12578.98046875,12480.73046875,12508.6796875,12569.0703125,4267160000
2020-07-23,12617.1796875,12459.0595703125,12567.169921875,12510.8701171875,4296760000
2020-07-24,12522.1904296875,12427.66015625,12488.6796875,12461.7802734375,3689410000
2020-07-27,12556.5595703125,12444.509765625,12481.009765625,12553.1298828125,3970310000
2020-07-28,12563.4501953125,12482.26953125,12515.83984375,12491.2197265625,4053180000
2020-07-29,12688.6904296875,12533.4599609375,12533.4599609375,12669.6201171875,4478200000
2020-07-30,12544.7998046875,12393.7998046875,12491.4599609375,12533.2802734375,4264920000
2020-07-31,12509.330078125,12320.73046875,12509.330078125,12465.0498046875,5007530000
2020-08-03,12562.26953125,12470.4697265625,12513.2099609375,12536.8095703125,4438940000
2020-08-04,12612.4697265625,12532.6103515625,12548.9296875,12612.1103515625,4414380000
2020-08-05,12751.3603515625,12612.08984375,12612.08984375,12731.5498046875,4535060000
2020-08-06,12731.2900390625,12659.3095703125,12702.8798828125,12729.169921875,4278930000
2020-08-07,12766.0498046875,12650.6796875,12655.7001953125,12765.83984375,4110030000
2020-08-10,12854.51953125,12794.5302734375,12797.7802734375,12844.01953125,4327920000
2020-08-11,13003.58984375,12826.8701171875,12996.4296875,12849.4296875,4880540000
2020-08-12,13010.8603515625,12944.7802734375,12984.900390625,12974.830078125,3772250000
2020-08-13,12965.58984375,12885.509765625,12914.7001953125,12919.150390625,3438730000
2020-08-14,12932.8896484375,12856.6904296875,12864.740234375,12902.5,3200060000
2020-08-17,12954.919921875,12917.7197265625,12942.3095703125,12936.1103515625,3460330000
2020-08-18,12975.5400390625,12877.1904296875,12967.9404296875,12910.330078125,3669550000
2020-08-19,12946.8095703125,12843.2802734375,12931.080078125,12859.8798828125,3679480000
2020-08-20,12832.330078125,12739.0,12751.2900390625,12812.8603515625,3431040000
2020-08-21,12814.1103515625,12762.9404296875,12782.0595703125,12809.0703125,3505010000
2020-08-24,12973.400390625,12881.400390625,12904.9501953125,12972.8798828125,3743410000
2020-08-25,13029.900390625,12943.150390625,13029.900390625,13001.990234375,3627650000
2020-08-26,13057.8603515625,12975.9599609375,13006.1796875,13042.5400390625,3780530000
2020-08-27,13111.4501953125,13012.9697265625,13066.150390625,13068.8095703125,3955890000
2020-08-28,13173.9697265625,13066.7197265625,13115.3701171875,13170.9599609375,3868510000
2020-08-31,13136.5498046875,13043.6298828125,13134.3896484375,13045.599609375,4348280000
2020-09-01,13113.9296875,13004.169921875,13032.0400390625,13113.740234375,4101490000
2020-09-02,13299.73046875,13112.8203125,13132.7099609375,13276.740234375,4295640000
2020-09-03,13285.08984375,12887.599609375,13253.7998046875,12966.1396484375,4911830000
2020-09-04,13069.9697265625,12723.7900390625,13022.4697265625,12966.1396484375,4438720000
2020-09-08,12816.0,12659.16015625,12777.5498046875,12688.0703125,4694330000
2020-09-09,12969.4599609375,12803.740234375,12806.240234375,12885.7998046875,3932520000
2020-09-10,12964.2001953125,12688.3203125,12924.5,12706.6904296875,4208630000
2020-09-11,12827.8603515625,12683.33984375,12779.98046875,12773.0400390625,3710090000
2020-09-14,12970.5703125,12858.1796875,12868.3095703125,12932.6904296875,3839580000
2020-09-15,13047.48046875,12942.51953125,13010.9697265625,12967.1796875,4057190000
2020-09-16,13128.6796875,12990.7001953125,13013.4599609375,12997.8603515625,4718900000
2020-09-17,12981.33984375,12824.4404296875,12866.169921875,12948.4501953125,4379840000
2020-09-18,12962.6396484375,12779.400390625,12937.599609375,12833.5703125,7076400000
2020-09-21,12833.5703125,12421.150390625,12617.4501953125,12833.5703125,4836070000
2020-09-22,12636.2099609375,12502.25,12575.1904296875,12602.5400390625,3974510000
2020-09-23,12657.2001953125,12355.4296875,12630.5302734375,12359.16015625,4378650000
2020-09-24,12476.1298828125,12228.9697265625,12314.580078125,12365.5400390625,4601920000
2020-09-25,12507.9296875,12281.98046875,12293.8896484375,12485.3798828125,3803330000
2020-09-28,12735.16015625,12642.9697265625,12650.0498046875,12677.5400390625,3950910000
2020-09-29,12688.7001953125,12562.5302734375,12660.9296875,12602.6396484375,3661590000
2020-09-30,12795.6298828125,12621.509765625,12643.4501953125,12701.8896484375,4738640000
2020-10-01,12792.6201171875,12656.3095703125,12759.66015625,12726.83984375,4076340000
2020-10-02,12803.51953125,12551.9697265625,12554.1201171875,12749.7900390625,3975180000
2020-10-05,12957.5595703125,12842.490234375,12842.490234375,12949.650390625,3692720000
2020-10-06,13083.2998046875,12824.2001953125,12995.9501953125,12837.8798828125,4453390000
2020-10-07,13073.0,12950.5595703125,12950.5595703125,13042.330078125,3814750000
2020-10-08,13191.009765625,13100.9697265625,13116.1298828125,13190.580078125,3867640000
2020-10-09,13297.0,13207.58984375,13256.8203125,13252.6201171875,3944090000
2020-10-12,13350.58984375,13274.9404296875,13289.5498046875,13324.8701171875,3435760000
2020-10-13,13280.1904296875,13181.58984375,13271.25,13211.9501953125,3611100000
2020-10-14,13267.16015625,13135.900390625,13222.3603515625,13143.16015625,3858510000
2020-10-15,13148.7001953125,12960.98046875,12974.1298828125,13137.25,3724550000
2020-10-16,13241.5302734375,13164.5400390625,13183.6103515625,13169.3203125,4688030000
2020-10-19,13247.75,12999.41015625,13169.3203125,13018.509765625,4091080000
2020-10-20,13198.01953125,13018.509765625,13018.509765625,13092.16015625,3917850000
2020-10-21,13153.419921875,13039.349609375,13092.16015625,13040.1298828125,4103960000
2020-10-22,13162.7998046875,13002.9599609375,13040.1298828125,13145.919921875,4172060000
2020-10-23,13215.58984375,13117.8203125,13145.919921875,13199.8603515625,3651600000
2020-10-26,13063.7998046875,12815.2802734375,13063.7998046875,12936.3896484375,4002210000
2020-10-27,12934.1103515625,12817.8701171875,12921.25,12817.8701171875,3962400000
2020-10-28,12617.580078125,12411.099609375,12575.2900390625,12415.419921875,5139970000
2020-10-29,12584.4697265625,12317.7998046875,12409.0400390625,12502.2900390625,4911860000
2020-10-30,12492.6201171875,12293.75,12448.6904296875,12429.330078125,4843930000
2020-11-02,12675.1298828125,12535.9296875,12573.33984375,12662.169921875,4314690000
2020-11-03,12936.900390625,12781.169921875,12781.169921875,12877.4501953125,4241380000
2020-11-04,13161.51953125,12868.6201171875,12916.23046875,12978.9501953125,4790400000
2020-11-05,13252.830078125,13125.75,13125.75,13199.1201171875,4858150000
2020-11-06,13270.4697265625,13188.240234375,13233.4501953125,13218.669921875,4842460000
2020-11-09,13930.8798828125,13608.3798828125,13726.2099609375,13611.650390625,8570510000
2020-11-10,13732.6201171875,13577.01953125,13663.1796875,13707.990234375,6037470000
2020-11-11,13779.9296875,13669.8896484375,13779.9296875,13724.7802734375,4635560000
2020-11-12,13675.240234375,13476.23046875,13645.4501953125,13551.4697265625,4909660000
2020-11-13,13787.7001953125,13644.9501953125,13644.9501953125,13761.3203125,4719580000
2020-11-16,13985.509765625,13879.1796875,13946.1904296875,13982.1904296875,5295510000
2020-11-17,13989.33984375,13818.759765625,13880.8095703125,13949.099609375,4812180000
2020-11-18,14004.6103515625,13808.3701171875,13986.41015625,13808.650390625,5284810000
2020-11-19,13871.259765625,13714.26953125,13765.51953125,13863.23046875,4363370000
2020-11-20,13883.4501953125,13810.240234375,13853.1201171875,13827.0,4236370000
2020-11-23,14029.330078125,13827.0,13827.0,13998.240234375,5057550000
2020-11-24,14271.08984375,14138.3798828125,14158.7099609375,14249.5,6280290000
2020-11-25,14249.5,14122.099609375,14249.5,14191.580078125,4910440000
2020-11-27,14229.1201171875,14165.7099609375,14191.580078125,14198.5,2778390000
2020-11-30,14140.9501953125,13977.0498046875,14140.9501953125,14006.4599609375,6308410000
2020-12-01,14233.4599609375,14131.330078125,14183.4501953125,14146.6396484375,5418480000
2020-12-02,14198.7900390625,14076.7099609375,14104.0595703125,14188.240234375,5041250000
2020-12-03,14283.73046875,14184.490234375,14210.5400390625,14217.1796875,5065340000
2020-12-04,14417.400390625,14297.73046875,14299.509765625,14417.330078125,5099620000
2020-12-07,14386.98046875,14314.4697265625,14375.5498046875,14354.9697265625,4804500000
2020-12-08,14424.98046875,14304.1396484375,14304.1396484375,14402.169921875,4584390000
2020-12-09,14476.6796875,14293.26953125,14466.0703125,14374.080078125,5232800000
2020-12-10,14413.0595703125,14290.9296875,14310.400390625,14394.33984375,4658480000
2020-12-11,14369.240234375,14260.8896484375,14332.9697265625,14355.2900390625,4375470000
2020-12-14,14459.650390625,14214.0302734375,14445.3603515625,14214.9296875,4623850000
2020-12-15,14410.150390625,14271.3603515625,14303.0302734375,14402.3203125,4387080000
2020-12-16,14442.8896484375,14370.509765625,14426.080078125,14408.9404296875,4067040000
2020-12-17,14519.990234375,14472.1904296875,14488.6904296875,14516.73046875,4192810000
2020-12-18,14529.8798828125,14394.349609375,14525.740234375,14467.8203125,7097100000
2020-12-21,14408.1103515625,14171.76953125,14257.73046875,14378.849609375,4748580000
2020-12-22,14368.990234375,14305.6201171875,14368.5595703125,14321.33984375,4053310000
2020-12-23,14457.2900390625,14397.009765625,14397.009765625,14398.6201171875,3779160000
2020-12-24,14398.6201171875,14324.76953125,14398.6201171875,14382.5,1883780000
2020-12-28,14481.48046875,14396.23046875,14476.349609375,14405.76953125,3535460000
2020-12-29,14515.8095703125,14371.8701171875,14500.0302734375,14397.919921875,3393290000
2020-12-30,14520.5703125,14447.9599609375,14447.9599609375,14477.48046875,3154850000
2020-12-31,14533.2099609375,14422.740234375,14469.0,14524.7998046875,3179040000
2021-01-04,14605.75,14258.25,14601.4501953125,14376.7001953125,5015000000
2021-01-05,14579.2802734375,14378.7001953125,14378.7001953125,14536.5302734375,4591020000
2021-01-06,14898.490234375,14590.41015625,14594.48046875,14788.83984375,6064110000
2021-01-07,14948.2998046875,14849.349609375,14866.919921875,14928.75,5099160000
2021-01-08,15006.16015625,14818.7998046875,14990.51953125,14966.830078125,4773040000
2021-01-11,14975.26953125,14817.740234375,14828.0302734375,14937.9599609375,4465430000
2021-01-12,15024.51953125,14923.8203125,14970.7802734375,15010.2900390625,4994950000
2021-01-13,15045.5400390625,14931.1201171875,15017.01953125,14983.6103515625,4602510000
2021-01-14,15129.1201171875,15037.2900390625,15063.5595703125,15044.3798828125,5198480000
2021-01-15,14952.33984375,14791.650390625,14949.33984375,14894.169921875,5369820000
2021-01-19,15037.490234375,14958.7197265625,15026.6396484375,14987.33984375,5014440000
2021-01-20,15114.1103515625,15029.2802734375,15067.8603515625,15097.2802734375,4566190000
2021-01-21,15102.5302734375,14998.8603515625,15102.5302734375,15019.0498046875,4501760000
2021-01-22,14979.9501953125,14881.3798828125,14895.73046875,14951.83984375,5110890000
2021-01-25,14957.98046875,14765.4296875,14951.83984375,14935.2900390625,7000840000
2021-01-26,14995.5498046875,14860.5595703125,14935.2900390625,14867.3701171875,6137500000
2021-01-27,14867.3701171875,14447.3603515625,14867.3701171875,14487.73046875,9976520000
2021-01-28,14767.5498046875,14487.73046875,14487.73046875,14669.51953125,6992770000
2021-01-29,14669.51953125,14328.4599609375,14669.51953125,14397.2001953125,6643370000
2021-02-01,14623.4404296875,14397.2001953125,14397.2001953125,14596.1796875,5436230000
2021-02-02,14830.7900390625,14596.1796875,14596.1796875,14768.580078125,5514090000
2021-02-03,14871.5703125,14753.3095703125,14768.580078125,14839.0595703125,4864870000
2021-02-04,14976.1796875,14839.0595703125,14839.0595703125,14975.4296875,4879240000
2021-02-05,15087.9697265625,14975.4296875,14975.4296875,15069.599609375,4879470000
2021-02-08,15226.650390625,15069.599609375,15069.599609375,15226.6103515625,4648360000
2021-02-09,15266.830078125,15168.669921875,15226.6103515625,15244.400390625,4568320000
2021-02-10,15343.7802734375,15183.9599609375,15244.400390625,15273.900390625,4837070000
2021-02-11,15341.33984375,15195.849609375,15273.900390625,15297.08984375,4590960000
2021-02-12,15373.76953125,15254.8701171875,15297.08984375,15369.599609375,4135060000
2021-02-16,15483.2001953125,15370.2197265625,15370.2197265625,15423.01953125,5058990000
2021-02-17,15423.01953125,15289.400390625,15423.01953125,15402.58984375,4730650000
2021-02-18,15402.58984375,15205.0400390625,15402.58984375,15290.6396484375,4793650000
2021-02-19,15418.5703125,15290.6396484375,15290.6396484375,15362.6904296875,4845320000
2021-02-22,15423.6298828125,15264.849609375,15362.6904296875,15340.4697265625,5917100000
2021-02-23,15404.6796875,15089.98046875,15340.4697265625,15359.1298828125,6296610000
2021-02-24,15566.4697265625,15326.669921875,15359.1298828125,15539.419921875,6012790000
2021-02-25,15555.900390625,15156.83984375,15539.419921875,15206.669921875,6547470000
2021-02-26,15209.76953125,14943.9697265625,15206.669921875,15010.4697265625,6526070000
2021-03-01,15396.51953125,15010.4697265625,15010.4697265625,15327.76953125,5114820000
2021-03-02,15366.919921875,15257.919921875,15327.76953125,15277.01953125,5536010000
2021-03-03,15336.349609375,15197.919921875,15277.01953125,15199.1904296875,6173660000
2021-03-04,15246.98046875,14765.5498046875,15199.1904296875,14959.41015625,7195400000
2021-03-05,15284.16015625,14818.5498046875,14959.41015625,15251.830078125,6851070000
2021-03-08,15471.91015625,15236.9296875,15251.830078125,15288.3798828125,5871710000
2021-03-09,15498.08984375,15288.3798828125,15288.3798828125,15375.6298828125,5513560000
2021-03-10,15573.26953125,15375.6298828125,15375.6298828125,15521.83984375,5847380000
2021-03-11,15701.8203125,15521.83984375,15521.83984375,15648.0,5312880000
2021-03-12,15717.8095703125,15607.7998046875,15648.0,15715.2099609375,4476280000
2021-03-15,15778.0400390625,15613.169921875,15715.2099609375,15775.5,4900100000
2021-03-16,15775.5,15639.349609375,15775.5,15669.2998046875,4613080000
2021-03-17,15746.0302734375,15579.5302734375,15669.2998046875,15731.150390625,4561660000
2021-03-18,15797.9404296875,15559.830078125,15731.150390625,15589.08984375,5118590000
2021-03-19,15636.1201171875,15454.1103515625,15589.0703125,15562.259765625,7757420000
2021-03-22,15595.599609375,15496.5595703125,15562.259765625,15551.5595703125,4316260000
2021-03-23,15551.580078125,15306.0703125,15551.580078125,15346.5302734375,4669010000
2021-03-24,15479.849609375,15276.5595703125,15346.5302734375,15276.5595703125,4783020000
2021-03-25,15439.08984375,15138.6904296875,15276.5595703125,15410.3701171875,4948340000
2021-03-26,15687.1796875,15410.3701171875,15410.3701171875,15682.5400390625,5483160000
2021-03-29,15682.5400390625,15522.66015625,15682.5400390625,15611.8798828125,4628180000
2021-03-30,15663.009765625,15551.5302734375,15611.8798828125,15626.1103515625,4121510000
2021-03-31,15681.91015625,15601.740234375,15626.1103515625,15601.740234375,4578050000
2021-04-01,15752.330078125,15601.740234375,15601.740234375,15751.7001953125,4162130000
2021-04-05,15882.099609375,15752.240234375,15752.240234375,15870.33984375,4005030000
2021-04-06,15920.2802734375,15842.25,15870.33984375,15877.9599609375,4081270000
2021-04-07,15905.25,15804.4501953125,15877.9599609375,15838.849609375,4120810000
2021-04-08,15894.7998046875,15812.3701171875,15838.849609375,15886.5595703125,3907100000
2021-04-09,15956.3798828125,15865.599609375,15886.5595703125,15956.3701171875,3640390000
2021-04-12,15986.3603515625,15933.73046875,15956.3701171875,15977.4599609375,3588900000
2021-04-13,15989.7998046875,15902.16015625,15977.4599609375,15962.33984375,3734720000
2021-04-14,16076.259765625,15962.33984375,15962.33984375,16000.150390625,3985350000
2021-04-15,16123.4697265625,16000.150390625,16000.150390625,16116.849609375,4033420000
2021-04-16,16207.099609375,16116.849609375,16116.849609375,16186.2900390625,4163820000
2021-04-19,16186.2900390625,16076.5703125,16186.2900390625,16107.5595703125,3810290000
2021-04-20,16107.5595703125,15887.3896484375,16107.5595703125,15944.6103515625,4342650000
2021-04-21,16128.900390625,15903.4599609375,15944.6103515625,16121.6103515625,3887250000
2021-04-22,16175.2001953125,15991.83984375,16121.6103515625,16030.6201171875,4245140000
2021-04-23,16246.3701171875,16030.6201171875,16030.6201171875,16206.0,3569880000
2021-04-26,16278.099609375,16206.0,16206.0,16241.2099609375,3748320000
2021-04-27,16287.6201171875,16212.75,16241.2099609375,16273.3095703125,3710700000
2021-04-28,16362.599609375,16273.3095703125,16273.3095703125,16322.1298828125,3787360000
2021-04-29,16413.279296875,16263.0400390625,16322.1298828125,16376.0,4298680000
2021-04-30,16376.0,16199.48046875,16376.0,16219.330078125,4300880000
2021-05-03,16375.0703125,16219.330078125,16219.330078125,16325.240234375,4070220000
2021-05-04,16325.240234375,16156.990234375,16325.240234375,16289.26953125,4452460000
2021-05-05,16394.619140625,16284.740234375,16289.26953125,16348.41015625,4230920000
2021-05-06,16462.439453125,16275.16015625,16348.41015625,16459.599609375,4511000000
2021-05-07,16598.01953125,16439.0390625,16459.599609375,16590.4296875,4016080000
2021-05-10,16685.890625,16516.80078125,16590.4296875,16516.830078125,4560700000
2021-05-11,16516.830078125,16211.5400390625,16516.830078125,16355.6201171875,4870710000
2021-05-12,16355.6201171875,16030.2998046875,16355.6201171875,16042.9697265625,4733070000
2021-05-13,16243.26953125,16035.490234375,16042.9697265625,16181.6298828125,4779540000
2021-05-14,16438.900390625,16181.6298828125,16181.6298828125,16415.359375,4008880000
2021-05-17,16434.25,16341.1796875,16415.359375,16422.9609375,4125050000
2021-05-18,16458.23046875,16337.2900390625,16422.9609375,16337.73046875,4398150000
2021-05-19,16337.73046875,16040.4296875,16337.73046875,16233.3203125,4247450000
2021-05-20,16398.76953125,16233.2998046875,16233.3203125,16350.4501953125,3978880000
2021-05-21,16475.0,16344.759765625,16350.4501953125,16375.0,3995250000
2021-05-24,16508.51953125,16375.0,16375.0,16464.689453125,3684800000
2021-05-25,16525.810546875,16375.150390625,16464.689453125,16390.189453125,4182250000
2021-05-26,16466.33984375,16388.3203125,16390.189453125,16451.9609375,4420890000
2021-05-27,16546.359375,16451.9609375,16451.9609375,16531.94921875,6406310000
2021-05-28,16588.689453125,16531.94921875,16531.94921875,16555.66015625,4649250000
2021-06-01,16718.669921875,16555.66015625,16555.66015625,16643.3203125,5074670000
2021-06-02,16691.9609375,16620.55078125,16643.3203125,16673.9609375,5833670000
2021-06-03,16673.9609375,16530.19921875,16673.9609375,16632.33984375,5587970000
2021-06-04,16718.009765625,16632.33984375,16632.33984375,16708.740234375,4139790000
2021-06-07,16725.55078125,16669.900390625,16708.740234375,16709.30078125,4476920000
2021-06-08,16704.48046875,16607.140625,16685.140625,16685.48046875,4659620000
2021-06-09,16691.01953125,16619.9609375,16685.48046875,16620.0,4713260000
2021-06-10,16726.94921875,16613.150390625,16620.0,16651.4296875,4408210000
2021-06-11,16696.509765625,16629.630859375,16651.4296875,16694.9296875,3815010000
2021-06-14,16694.9296875,16600.470703125,16694.9296875,16662.419921875,4151200000
2021-06-15,16685.0390625,16596.80078125,16662.419921875,16655.810546875,4048940000
2021-06-16,16655.810546875,16497.75,16655.810546875,16542.759765625,4538350000
2021-06-17,16562.189453125,16307.0703125,16542.759765625,16411.650390625,5312680000
2021-06-18,16411.650390625,16142.5,16411.650390625,16143.9501953125,6817010000
2021-06-21,16421.9296875,16143.9501953125,16143.9501953125,16411.98046875,4128950000
2021-06-22,16487.130859375,16349.2900390625,16411.98046875,16449.009765625,3828390000
2021-06-23,16511.560546875,16436.75,16449.009765625,16437.630859375,3730350000
2021-06-24,16573.310546875,16437.630859375,16437.630859375,16558.619140625,3816660000
2021-06-25,16678.0,16558.619140625,16558.619140625,16658.7890625,7341450000
2021-06-28,16658.7890625,16522.490234375,16658.7890625,16573.720703125,4147890000
2021-06-29,16627.44921875,16533.970703125,16573.720703125,16547.5703125,3707150000
2021-06-30,16568.919921875,16517.029296875,16547.5703125,16555.349609375,4266040000
2021-07-01,16649.099609375,16555.349609375,16555.349609375,16640.9609375,3788230000
2021-07-02,16689.4296875,16608.33984375,16640.9609375,16674.849609375,3225840000
2021-07-06,16674.849609375,16448.76953125,16674.849609375,16542.75,4309570000
2021-07-07,16593.5703125,16449.08984375,16542.75,16559.310546875,4037380000
2021-07-08,16559.310546875,16245.48046875,16559.310546875,16359.7001953125,4347500000
2021-07-09,16639.19921875,16359.7001953125,16359.7001953125,16633.30078125,3531120000
2021-07-12,16681.650390625,16553.7890625,16633.30078125,16673.140625,3384460000
2021-07-13,16673.140625,16572.880859375,16673.140625,16575.76953125,3695430000
2021-07-14,16674.5390625,16510.380859375,16575.76953125,16543.779296875,4006370000
2021-07-15,16543.779296875,16424.419921875,16543.779296875,16499.060546875,3905230000
2021-07-16,16557.490234375,16345.509765625,16499.060546875,16364.66015625,3985700000
2021-07-19,16364.66015625,15954.6904296875,16364.66015625,16052.7099609375,5157660000
2021-07-20,16362.259765625,16052.7099609375,16052.7099609375,16321.9404296875,4438270000
2021-07-21,16517.609375,16321.9404296875,16321.9404296875,16503.470703125,3810280000
2021-07-22,16510.33984375,16404.380859375,16503.470703125,16455.919921875,3358300000
2021-07-23,16564.140625,16455.919921875,16455.919921875,16552.380859375,4540070000
2021-07-26,16571.490234375,16513.359375,16552.380859375,16565.310546875,4275630000
2021-07-27,16565.310546875,16430.51953125,16565.310546875,16520.9609375,4241950000
2021-07-28,16628.939453125,16490.650390625,16520.9609375,16573.560546875,4215290000
2021-07-29,16750.669921875,16573.560546875,16573.560546875,16697.140625,4044600000
2021-07-30,16715.880859375,16575.5,16697.140625,16602.2890625,3956740000
2021-08-02,16761.240234375,16568.259765625,16602.2890625,16576.2109375,3724090000
2021-08-03,16714.259765625,16509.619140625,16576.2109375,16713.4609375,3965190000
2021-08-04,16713.4609375,16593.4609375,16713.4609375,16594.48046875,4260760000
2021-08-05,16695.529296875,16594.48046875,16594.48046875,16695.5,3769410000
2021-08-06,16775.900390625,16695.5,16695.5,16748.080078125,3451870000
2021-08-09,16756.1796875,16678.55078125,16748.080078125,16726.94921875,3449280000
2021-08-10,16821.390625,16726.94921875,16726.94921875,16792.779296875,3886610000
2021-08-11,16875.740234375,16792.779296875,16792.779296875,16875.390625,3532560000
2021-08-12,16875.390625,16802.390625,16875.390625,16871.119140625,3375310000
2021-08-13,16887.25,16847.1796875,16871.119140625,16868.109375,3016470000
2021-08-16,16868.109375,16709.2109375,16868.109375,16836.740234375,3370640000
2021-08-17,16836.740234375,16589.390625,16836.740234375,16707.130859375,3836960000
2021-08-18,16729.58984375,16545.73046875,16707.130859375,16550.33984375,3755590000
2021-08-19,16550.33984375,16345.400390625,16550.33984375,16429.140625,4398410000
2021-08-20,16535.1796875,16399.609375,16429.140625,16516.6796875,3652610000
2021-08-23,16679.76953125,16516.6796875,16516.6796875,16648.55078125,3576530000
2021-08-24,16771.25,16648.55078125,16648.55078125,16741.16015625,3979220000
2021-08-25,16840.859375,16716.880859375,16741.16015625,16812.83984375,3444700000
2021-08-26,16812.83984375,16684.23046875,16812.83984375,16694.3203125,3263980000
2021-08-27,16858.419921875,16694.3203125,16694.3203125,16844.75,3331200000
2021-08-30,16873.16015625,16801.33984375,16844.75,16819.630859375,3168660000
2021-08-31,16849.16015625,16783.05078125,16819.630859375,16806.439453125,4290710000
2021-09-01,16879.849609375,16791.150390625,16806.439453125,16845.990234375,4057340000
2021-09-02,16944.48046875,16845.990234375,16845.990234375,16926.720703125,3735990000
2021-09-03,16932.140625,16875.8203125,16926.720703125,16909.720703125,3217530000
2021-09-07,16909.720703125,16800.69921875,16909.720703125,16801.1796875,3822960000
2021-09-08,16801.1796875,16677.16015625,16801.1796875,16731.0390625,3750880000
2021-09-09,16790.08984375,16653.560546875,16731.0390625,16663.119140625,3735390000
2021-09-10,16767.439453125,16562.619140625,16663.119140625,16563.48046875,3623180000
2021-09-13,16689.05078125,16563.23046875,16563.48046875,16635.390625,3914220000
2021-09-14,16678.310546875,16471.060546875,16635.390625,16497.23046875,3670460000
2021-09-15,16645.2890625,16481.640625,16497.23046875,16626.880859375,4032020000
2021-09-16,16638.400390625,16497.810546875,16626.880859375,16576.76953125,3984560000
2021-09-17,16586.0703125,16442.359375,16576.76953125,16460.349609375,7289530000
2021-09-20,16460.349609375,15988.0302734375,16460.349609375,16168.169921875,4898070000
2021-09-21,16325.25,16154.4599609375,16168.169921875,16184.5,3920920000
2021-09-22,16456.359375,16184.5,16184.5,16352.1796875,3939170000
2021-09-23,16627.01953125,16352.1796875,16352.1796875,16567.259765625,3916350000
2021-09-24,16582.5390625,16502.720703125,16567.259765625,16539.150390625,3384290000
2021-09-27,16658.51953125,16539.150390625,16539.150390625,16599.7890625,4058650000
2021-09-28,16599.7890625,16303.900390625,16599.7890625,16328.7802734375,4416550000
2021-09-29,16417.5390625,16318.169921875,16328.7802734375,16344.8896484375,3712660000
2021-09-30,16407.98046875,16144.2900390625,16344.8896484375,16144.919921875,4448140000
2021-10-01,16398.310546875,16094.5,16144.919921875,16323.740234375,4010370000
2021-10-04,16368.490234375,16127.150390625,16323.740234375,16198.5595703125,4307870000
2021-10-05,16411.390625,16198.5595703125,16198.5595703125,16327.08984375,3902890000
2021-10-06,16342.2197265625,16096.849609375,16327.08984375,16338.4599609375,4009630000
2021-10-07,16601.689453125,16338.4599609375,16338.4599609375,16511.810546875,3843740000
2021-10-08,16585.109375,16505.080078125,16511.810546875,16517.23046875,3280160000
2021-10-11,16633.51953125,16429.130859375,16517.23046875,16430.0703125,3281970000
2021-10-12,16515.529296875,16411.509765625,16430.0703125,16441.75,3558450000
2021-10-13,16538.439453125,16359.349609375,16441.75,16513.16015625,3620070000
2021-10-14,16750.390625,16513.16015625,16513.16015625,16744.2890625,3598280000
2021-10-15,16914.669921875,16744.2890625,16744.2890625,16871.740234375,3819380000
2021-10-18,16891.5,16776.609375,16871.740234375,16862.0,3662010000
2021-10-19,16995.80078125,16862.0,16862.0,16988.16015625,3459130000
2021-10-20,17111.2109375,16988.16015625,16988.16015625,17099.2109375,3670760000
2021-10-21,17099.2109375,17005.439453125,17099.2109375,17083.150390625,3822330000
2021-10-22,17157.390625,17031.740234375,17083.150390625,17122.240234375,3758220000
2021-10-25,17192.1796875,17096.16015625,17122.240234375,17169.0703125,3899400000
2021-10-26,17228.30078125,17131.439453125,17169.0703125,17145.150390625,3879740000
2021-10-27,17145.150390625,16920.380859375,17145.150390625,16920.380859375,4226050000
2021-10-28,17077.51953125,16920.380859375,16920.380859375,17077.0,4132950000
2021-10-29,17077.0,16977.490234375,17077.0,17016.41015625,4510200000
2021-11-01,17138.380859375,17016.41015625,17016.41015625,17131.080078125,3971540000
2021-11-02,17131.080078125,17078.810546875,17131.080078125,17115.169921875,3975250000
2021-11-03,17220.599609375,17081.990234375,17115.169921875,17209.75,4319660000
2021-11-04,17230.80078125,17110.48046875,17209.75,17168.869140625,4462300000
2021-11-05,17306.2109375,17168.869140625,17168.869140625,17242.359375,4467180000
2021-11-08,17341.779296875,17242.359375,17242.359375,17310.509765625,4269710000
2021-11-09,17323.119140625,17217.939453125,17310.509765625,17286.91015625,4117080000
2021-11-10,17322.720703125,17145.0,17286.91015625,17192.029296875,4503720000
2021-11-11,17246.859375,17192.029296875,17192.029296875,17220.41015625,3926870000
2021-11-12,17312.939453125,17220.41015625,17220.41015625,17297.66015625,3728600000
2021-11-15,17336.83984375,17267.890625,17297.66015625,17285.55078125,3488410000
2021-11-16,17364.310546875,17285.55078125,17285.55078125,17302.7890625,3972640000
2021-11-17,17302.7890625,17158.98046875,17302.7890625,17192.66015625,3969070000
2021-11-18,17192.66015625,17049.060546875,17192.66015625,17117.740234375,4226410000
2021-11-19,17117.740234375,16965.80078125,17117.740234375,16973.9609375,4253180000
2021-11-22,17082.69921875,16945.669921875,16973.9609375,16945.779296875,4441100000
2021-11-23,17026.5390625,16887.80078125,16945.779296875,17007.900390625,4277590000
2021-11-24,17046.08984375,16911.830078125,17007.900390625,17036.810546875,3418430000
2021-11-26,17036.890625,16546.560546875,17036.810546875,16624.869140625,3517700000
2021-11-29,16794.55078125,16601.740234375,16624.869140625,16683.98046875,4336410000
2021-11-30,16683.98046875,16303.26953125,16683.98046875,16318.9697265625,6625990000
2021-12-01,16636.779296875,16133.2099609375,16318.9697265625,16133.8896484375,5366730000
2021-12-02,16526.599609375,16133.8896484375,16133.8896484375,16475.25,5077180000
2021-12-03,16552.51953125,16219.8603515625,16475.25,16347.8701171875,5240070000
2021-12-06,16664.30078125,16347.8701171875,16347.8701171875,16591.970703125,4770800000
2021-12-07,16918.73046875,16591.970703125,16591.970703125,16853.5703125,4492400000
2021-12-08,16923.740234375,16838.76953125,16853.5703125,16899.919921875,4234600000
2021-12-09,16899.919921875,16780.41015625,16899.919921875,16780.470703125,3903840000
2021-12-10,16888.580078125,16762.939453125,16780.470703125,16856.630859375,3870110000
2021-12-13,16856.630859375,16691.16015625,16856.630859375,16719.5703125,4397230000
2021-12-14,16768.490234375,16609.689453125,16719.5703125,16652.580078125,4485430000
2021-12-15,16822.69921875,16567.189453125,16652.580078125,16813.5703125,4910130000
2021-12-16,16985.080078125,16790.720703125,16813.5703125,16849.08984375,4829500000
2021-12-17,16849.08984375,16626.5390625,16849.08984375,16668.640625,7987090000
2021-12-20,16668.640625,16310.5703125,16668.640625,16442.310546875,4635700000
2021-12-21,16753.98046875,16442.310546875,16442.310546875,16744.26953125,4072430000
2021-12-22,16879.220703125,16717.619140625,16744.26953125,16874.880859375,3319610000
2021-12-23,17011.48046875,16874.880859375,16874.880859375,16963.439453125,2913040000
2021-12-27,17141.830078125,16963.439453125,16963.439453125,17141.08984375,2770290000
2021-12-28,17217.369140625,17111.73046875,17141.08984375,17134.16015625,2707920000
2021-12-29,17181.69921875,17107.75,17134.16015625,17149.9296875,2963310000
2021-12-30,17238.650390625,17149.9296875,17149.9296875,17164.240234375,3124950000
2021-12-31,17226.419921875,17145.98046875,17164.240234375,17164.130859375,2677820000
2022-01-03,17230.990234375,17119.990234375,17164.130859375,17226.099609375,3831020000
2022-01-04,17377.4296875,17226.099609375,17226.099609375,17336.759765625,4683170000
2022-01-05,17415.609375,17111.970703125,17336.759765625,17112.599609375,4887960000
2022-01-06,17240.390625,17048.9609375,17112.599609375,17156.51953125,4295280000
2022-01-07,17222.900390625,17107.330078125,17156.51953125,17166.279296875,4181510000
2022-01-10,17166.279296875,16894.91015625,17166.279296875,17119.560546875,4511810000
2022-01-11,17298.009765625,17053.0390625,17119.560546875,17294.5390625,4101590000
2022-01-12,17406.16015625,17273.810546875,17294.5390625,17353.759765625,4048220000
2022-01-13,17442.5390625,17230.119140625,17353.759765625,17259.01953125,4251730000
2022-01-14,17259.01953125,17056.669921875,17259.01953125,17219.060546875,4338490000
2022-01-18,17219.060546875,16895.330078125,17219.060546875,16950.91015625,4748700000
2022-01-19,17059.189453125,16814.810546875,16950.91015625,16818.98046875,4465740000
2022-01-20,17045.259765625,16648.779296875,16818.98046875,16663.76953125,4640870000
2022-01-21,16683.390625,16362.990234375,16663.76953125,16397.33984375,5589100000
2022-01-24,16439.390625,15816.08984375,16397.33984375,16413.970703125,6928110000
2022-01-25,16484.880859375,16000.5703125,16413.970703125,16340.3203125,5145050000
2022-01-26,16598.16015625,16113.0302734375,16340.3203125,16236.509765625,5570640000
2022-01-27,16502.26953125,16090.6904296875,16236.509765625,16152.1201171875,5214200000
2022-01-28,16400.009765625,15998.6904296875,16152.1201171875,16397.859375,5031090000
2022-01-31,16663.849609375,16344.66015625,16397.859375,16659.76953125,5098610000
2022-02-01,16840.560546875,16606.16015625,16659.76953125,16829.720703125,4816830000
2022-02-02,16926.189453125,16763.05078125,16829.720703125,16904.51953125,4481580000
2022-02-03,16904.51953125,16661.599609375,16904.51953125,16677.390625,4401970000
2022-02-04,16817.26953125,16552.369140625,16677.390625,16701.580078125,4706290000
2022-02-07,16826.7109375,16684.900390625,16701.580078125,16722.759765625,4228480000
2022-02-08,16880.330078125,16685.23046875,16722.759765625,16853.7109375,4459620000
2022-02-09,17083.359375,16853.7109375,16853.7109375,17069.66015625,4524350000
2022-02-10,17160.330078125,16790.759765625,17069.66015625,16855.9609375,5314860000
2022-02-11,16969.650390625,16600.2890625,16855.9609375,16664.990234375,5251500000
2022-02-14,16664.990234375,16422.560546875,16664.990234375,16531.310546875,4600390000
2022-02-15,16757.4296875,16531.310546875,16531.310546875,16745.830078125,4430830000
2022-02-16,16813.009765625,16658.3203125,16745.830078125,16770.359375,4283640000
2022-02-17,16770.359375,16462.150390625,16770.359375,16492.05078125,4539420000
2022-02-18,16560.119140625,16333.509765625,16492.05078125,16392.3203125,4708060000
2022-02-22,16406.470703125,16099.01953125,16392.3203125,16215.6201171875,5121900000
2022-02-23,16358.849609375,15998.330078125,16215.6201171875,16019.580078125,4797430000
2022-02-24,16020.0498046875,15571.349609375,16019.580078125,15995.990234375,6752130000
2022-02-25,16432.7890625,15995.990234375,15995.990234375,16427.9609375,5177060000
2022-02-28,16427.9609375,16136.9697265625,16427.9609375,16313.8896484375,6071370000
2022-03-01,16351.2998046875,15986.0595703125,16313.8896484375,16069.16015625,5846230000
2022-03-02,16435.0,16069.16015625,16069.16015625,16380.91015625,5337870000
2022-03-03,16434.869140625,16185.3095703125,16380.91015625,16287.490234375,5039890000
2022-03-04,16287.490234375,15954.1904296875,16287.490234375,16129.66015625,5797380000
2022-03-07,16129.66015625,15704.1904296875,16129.66015625,15708.23046875,6940470000
2022-03-08,15948.9599609375,15621.759765625,15708.23046875,15625.9296875,7243120000
2022-03-09,16054.7802734375,15625.9296875,15625.9296875,15977.5400390625,5662670000
2022-03-10,15977.5400390625,15761.9296875,15977.5400390625,15929.5595703125,4980830000
2022-03-11,16028.2001953125,15747.5595703125,15929.5595703125,15753.7001953125,4938640000
2022-03-14,15917.9296875,15635.76953125,15753.7001953125,15694.349609375,5574920000
2022-03-15,15914.9296875,15694.349609375,15694.349609375,15895.669921875,5392470000
2022-03-16,16262.5498046875,15895.669921875,15895.669921875,16261.5,6309750000
2022-03-17,16483.669921875,16212.5703125,16261.5,16483.580078125,4985090000
2022-03-18,16615.9609375,16412.5,16483.580078125,16612.640625,8278430000
2022-03-21,16694.6796875,16514.990234375,16612.640625,16606.669921875,4869820000
2022-03-22,16768.669921875,16606.669921875,16606.669921875,16735.48046875,4754840000
2022-03-23,16735.48046875,16557.580078125,16735.48046875,16558.529296875,4550670000
2022-03-24,16702.23046875,16558.529296875,16558.529296875,16701.8203125,4131390000
2022-03-25,16794.1796875,16669.7890625,16701.8203125,16792.80078125,4305020000
2022-03-28,16798.720703125,16640.140625,16792.80078125,16798.720703125,4312260000
2022-03-29,17034.91015625,16798.720703125,16798.720703125,17014.759765625,5085910000
2022-03-30,17031.650390625,16858.7109375,17014.759765625,16932.759765625,4385570000
2022-03-31,16932.759765625,16670.849609375,16932.759765625,16670.91015625,4823020000
2022-04-01,16797.640625,16652.689453125,16670.91015625,16787.75,4562940000
2022-04-04,16841.619140625,16735.880859375,16787.75,16829.75,4547350000
2022-04-05,16889.380859375,16612.58984375,16830.939453125,16645.05078125,4800620000
2022-04-06,16645.05078125,16472.669921875,16645.05078125,16587.099609375,4986830000
2022-04-07,16690.400390625,16449.76953125,16587.099609375,16631.44921875,4821490000
2022-04-08,16775.560546875,16616.400390625,16631.44921875,16689.94921875,4083200000
2022-04-11,16689.94921875,16519.859375,16689.94921875,16534.19921875,4266290000
2022-04-12,16693.48046875,16419.080078125,16534.19921875,16465.990234375,4152090000
2022-04-13,16627.9296875,16465.990234375,16465.990234375,16614.7890625,3828150000
2022-04-14,16680.220703125,16508.310546875,16614.7890625,16511.509765625,4083090000
2022-04-18,16546.400390625,16407.369140625,16511.509765625,16466.2109375,3910490000
2022-04-19,16685.939453125,16466.2109375,16466.2109375,16658.900390625,4108120000
2022-04-20,16835.73046875,16658.900390625,16658.900390625,16761.349609375,4290450000
2022-04-21,16882.640625,16472.169921875,16761.349609375,16499.330078125,4636890000
2022-04-22,16499.330078125,16047.5400390625,16499.330078125,16056.8701171875,4651940000
2022-04-25,16079.16015625,15708.900390625,16056.8701171875,16054.759765625,5240040000
2022-04-26,16054.759765625,15694.16015625,16054.759765625,15694.240234375,4689970000
2022-04-27,15887.6796875,15656.0703125,15694.240234375,15741.8203125,4769680000
2022-04-28,16095.6904296875,15706.0302734375,15741.8203125,16032.6796875,4854180000
2022-04-29,16053.2900390625,15593.23046875,16032.6796875,15615.25,5084030000
2022-05-02,15698.51953125,15324.73046875,15615.25,15609.2802734375,5163790000
2022-05-03,15818.73046875,15609.2802734375,15609.2802734375,15729.5302734375,4582050000
2022-05-04,16139.669921875,15650.650390625,15729.5302734375,16119.6103515625,5136360000
2022-05-05,16119.6103515625,15515.98046875,16119.6103515625,15652.6103515625,5077030000
2022-05-06,15652.6103515625,15360.16015625,15652.6103515625,15566.5595703125,5116940000
2022-05-09,15566.5595703125,15005.9501953125,15566.5595703125,15057.8701171875,5954520000
2022-05-10,15286.400390625,14855.599609375,15057.8701171875,15025.740234375,5885820000
2022-05-11,15290.6298828125,14887.6396484375,15025.740234375,14902.1396484375,5816140000
2022-05-12,15007.169921875,14695.6904296875,14902.1396484375,14931.099609375,6286450000
2022-05-13,15304.2001953125,14931.099609375,14931.099609375,15257.3603515625,5183340000
2022-05-16,15374.080078125,15150.919921875,15257.3603515625,15259.8203125,4415030000
2022-05-17,15544.5498046875,15259.8203125,15259.8203125,15541.91015625,4841410000
2022-05-18,15541.91015625,14997.509765625,15541.91015625,15044.51953125,5103220000
2022-05-19,15179.259765625,14901.0400390625,15044.51953125,15035.8701171875,5113550000
2022-05-20,15190.669921875,14785.2001953125,15035.8701171875,15080.98046875,5130730000
2022-05-23,15383.3701171875,15080.98046875,15080.98046875,15342.9599609375,4420030000
2022-05-24,15342.9599609375,15056.419921875,15342.9599609375,15290.3798828125,4923190000
2022-05-25,15472.26953125,15246.759765625,15290.3798828125,15412.1904296875,4802560000
2022-05-26,15718.7998046875,15412.1904296875,15412.1904296875,15664.0,4709970000
2022-05-27,15942.83984375,15664.0,15664.0,15942.6201171875,4375620000
2022-05-31,15949.66015625,15794.1904296875,15942.6201171875,15827.0498046875,6822640000
2022-06-01,15922.0302734375,15588.7802734375,15827.0498046875,15709.6103515625,4531800000
2022-06-02,15960.76953125,15645.349609375,15709.6103515625,15960.5302734375,4405790000
2022-06-03,15960.5302734375,15764.83984375,15960.5302734375,15797.169921875,3711110000
2022-06-06,15982.2900390625,15797.169921875,15797.169921875,15848.4501953125,4332700000
2022-06-07,16022.830078125,15737.740234375,15848.4501953125,16019.5595703125,4248210000
2022-06-08,16019.5595703125,15806.41015625,16019.5595703125,15843.830078125,4159470000
2022-06-09,15843.830078125,15472.08984375,15843.830078125,15472.4599609375,4134170000
2022-06-10,15472.4599609375,15078.1396484375,15472.4599609375,15096.6904296875,4889640000
2022-06-13,15096.6904296875,14468.16015625,15096.6904296875,14527.900390625,5636890000
2022-06-14,14652.1103515625,14332.669921875,14527.900390625,14444.6396484375,5153890000
2022-06-15,14746.240234375,14366.3603515625,14444.6396484375,14595.23046875,5530480000
2022-06-16,14595.23046875,14055.33984375,14595.23046875,14142.1904296875,5644930000
2022-06-17,14261.3798828125,13993.2001953125,14142.1904296875,14097.0498046875,8520740000
2022-06-21,14468.1796875,14097.0498046875,14097.0498046875,14414.25,5292260000
2022-06-22,14489.1396484375,14201.8095703125,14414.25,14352.7802734375,5058990000
2022-06-23,14435.1396484375,14226.009765625,14352.7802734375,14402.1201171875,5098640000
2022-06-24,14813.23046875,14402.1201171875,14402.1201171875,14811.5498046875,8120260000
2022-06-27,14913.400390625,14771.8603515625,14811.5498046875,14835.2998046875,4325310000
2022-06-28,15028.0498046875,14648.2998046875,14835.2998046875,14667.3203125,4270120000
2022-06-29,14701.4296875,14545.009765625,14667.3203125,14599.58984375,4211240000
2022-06-30,14599.58984375,14321.16015625,14599.58984375,14487.6396484375,4840070000
2022-07-01,14659.16015625,14341.2802734375,14487.6396484375,14636.759765625,4046950000
2022-07-05,14636.759765625,14217.98046875,14636.759765625,14499.490234375,5076590000
2022-07-06,14544.349609375,14340.48046875,14499.490234375,14465.2900390625,4417720000
2022-07-07,14701.2998046875,14465.2900390625,14465.2900390625,14676.5,4057770000
2022-07-08,14726.6298828125,14567.9404296875,14676.5,14642.330078125,3521620000
2022-07-11,14642.330078125,14478.0498046875,14642.330078125,14502.4296875,3423480000
2022-07-12,14537.1298828125,14343.830078125,14502.4296875,14395.0400390625,3817210000
2022-07-13,14425.16015625,14194.599609375,14395.0400390625,14340.2802734375,4109390000
2022-07-14,14340.2802734375,13988.8603515625,14340.2802734375,14171.240234375,4199690000
2022-07-15,14449.7197265625,14171.240234375,14171.240234375,14449.6796875,4143800000
2022-07-18,14629.0,14376.8798828125,14449.6796875,14403.1796875,4046870000
2022-07-19,14778.599609375,14403.1796875,14403.1796875,14766.599609375,4041070000
2022-07-20,14824.1201171875,14682.1298828125,14766.599609375,14778.4697265625,4185300000
2022-07-21,14872.26953125,14648.990234375,14778.4697265625,14871.1298828125,4132790000
2022-07-22,14946.330078125,14708.1201171875,14871.1298828125,14790.7900390625,3979240000
2022-07-25,14907.1904296875,14781.0703125,14790.7900390625,14899.08984375,3568340000
2022-07-26,14899.08984375,14761.26953125,14899.08984375,14793.5498046875,3778950000
2022-07-27,15075.98046875,14793.5498046875,14793.5498046875,15031.0400390625,4112180000
2022-07-28,15209.7900390625,14922.8095703125,15031.0400390625,15198.8095703125,4413000000
2022-07-29,15354.73046875,15187.349609375,15198.8095703125,15327.7099609375,4616360000
2022-08-01,15327.7099609375,15192.3095703125,15327.7099609375,15286.009765625,4202810000
2022-08-02,15328.259765625,15152.7099609375,15286.009765625,15162.6796875,4727710000
2022-08-03,15308.8095703125,15162.6796875,15162.6796875,15267.16015625,4351760000
2022-08-04,15283.98046875,15214.7998046875,15267.16015625,15224.2099609375,4283320000
2022-08-05,15274.7802734375,15100.6298828125,15224.2099609375,15273.23046875,4085940000
2022-08-08,15417.8095703125,15273.23046875,15273.23046875,15305.7998046875,4221090000
2022-08-09,15342.740234375,15225.2001953125,15305.7998046875,15264.7900390625,3913090000
2022-08-10,15562.23046875,15264.7900390625,15264.7900390625,15552.7001953125,4546010000
2022-08-11,15745.830078125,15552.7001953125,15552.7001953125,15602.9296875,4630200000
2022-08-12,15805.76953125,15602.9296875,15602.9296875,15804.3798828125,3788010000
2022-08-15,15805.2099609375,15652.169921875,15804.3896484375,15794.330078125,3696830000
2022-08-16,15897.669921875,15761.599609375,15794.330078125,15846.7900390625,4329820000
2022-08-17,15846.7900390625,15659.9599609375,15846.7900390625,15734.1103515625,3885030000
2022-08-18,15785.740234375,15691.1904296875,15734.1103515625,15763.900390625,3340330000
2022-08-19,15763.900390625,15555.509765625,15763.900390625,15588.3203125,3761340000
2022-08-22,15588.3203125,15316.009765625,15588.3203125,15341.849609375,3907430000
2022-08-23,15439.9296875,15322.0498046875,15341.849609375,15338.150390625,3823520000
2022-08-24,15433.4296875,15298.0,15338.150390625,15392.0595703125,3583630000
2022-08-25,15597.419921875,15392.0595703125,15392.0595703125,15595.240234375,3566870000
2022-08-26,15628.349609375,15177.25,15595.240234375,15178.2099609375,3832750000
2022-08-29,15229.259765625,15067.9501953125,15178.2099609375,15118.849609375,3396510000
2022-08-30,15142.669921875,14884.009765625,15118.849609375,14931.419921875,3835860000
2022-08-31,14988.75,14801.240234375,14931.419921875,14801.240234375,4542490000
2022-09-01,14801.240234375,14576.650390625,14801.240234375,14771.900390625,4152250000
2022-09-02,14981.5,14635.0,14771.900390625,14689.5,3665850000
2022-09-06,14748.740234375,14575.6796875,14689.5,14631.51953125,4127340000
2022-09-07,14865.990234375,14562.7802734375,14631.51953125,14844.5703125,3890320000
2022-09-08,14962.01953125,14726.509765625,14844.5703125,14961.76953125,3966850000
2022-09-09,15222.7900390625,14961.76953125,14961.76953125,15190.7900390625,3901940000
2022-09-12,15397.1396484375,15190.7900390625,15190.7900390625,15352.1796875,3814200000
2022-09-13,15352.1796875,14784.33984375,15352.1796875,14820.7900390625,4224550000
2022-09-14,14898.759765625,14733.5703125,14820.7900390625,14843.2099609375,4293240000
2022-09-15,14903.0302734375,14686.9697265625,14843.2099609375,14722.0302734375,4441830000
2022-09-16,14722.0302734375,14468.919921875,14722.0302734375,14573.91015625,7954650000
2022-09-19,14677.5302734375,14429.9501953125,14573.91015625,14674.4599609375,3766850000
2022-09-20,14674.4599609375,14384.4697265625,14674.4599609375,14474.7197265625,4058050000
2022-09-21,14608.0400390625,14236.1201171875,14474.7197265625,14236.6103515625,4078330000
2022-09-22,14277.240234375,14107.1904296875,14236.6103515625,14116.58984375,4284600000
2022-09-23,14116.58984375,13640.8798828125,14116.58984375,13796.990234375,5144270000
2022-09-26,13813.5400390625,13529.580078125,13796.990234375,13580.3896484375,4886140000
2022-09-27,13783.8203125,13467.349609375,13580.3896484375,13541.759765625,4577740000
2022-09-28,13894.650390625,13541.759765625,13541.759765625,13833.1796875,4684850000
2022-09-29,13833.1796875,13498.2802734375,13833.1796875,13608.2900390625,4681810000
2022-09-30,13725.0595703125,13466.98046875,13608.2900390625,13472.1796875,5645360000
2022-10-03,13920.41015625,13472.1796875,13472.1796875,13855.7197265625,4806680000
2022-10-04,14322.3603515625,13855.7197265625,13855.7197265625,14319.490234375,5146580000
2022-10-05,14340.849609375,14079.91015625,14319.490234375,14262.0302734375,4293180000
2022-10-06,14268.419921875,14063.849609375,14262.0302734375,14087.3798828125,4252100000
2022-10-07,14087.3798828125,13727.7900390625,14087.3798828125,13798.259765625,4449660000
2022-10-10,13846.849609375,13629.58984375,13798.259765625,13693.5703125,3834320000
2022-10-11,13788.1396484375,13518.5498046875,13693.5703125,13608.08984375,4759030000
2022-10-12,13647.419921875,13536.2998046875,13608.08984375,13546.7998046875,4006830000
2022-10-13,13943.01953125,13278.5595703125,13546.7998046875,13888.9697265625,5021680000
2022-10-14,14041.9404296875,13599.4296875,13888.9697265625,13607.3095703125,4243030000
2022-10-17,13989.8603515625,13607.3095703125,13607.3095703125,13923.2099609375,4352780000
2022-10-18,14207.83984375,13923.2099609375,13923.2099609375,14089.2001953125,4483740000
2022-10-19,14089.2001953125,13852.4501953125,14089.2001953125,13947.259765625,4223800000
2022-10-20,14095.6904296875,13809.3095703125,13947.259765625,13840.4697265625,4496620000
2022-10-21,14161.5595703125,13779.4697265625,13840.4697265625,14144.0498046875,5078020000
2022-10-24,14269.33984375,14085.419921875,14144.0498046875,14226.1103515625,4747930000
2022-10-25,14454.1396484375,14226.1103515625,14226.1103515625,14440.6904296875,4843120000
2022-10-26,14670.6201171875,14440.6904296875,14440.6904296875,14531.6904296875,4817310000
2022-10-27,14726.1103515625,14531.6904296875,14531.6904296875,14569.900390625,4687320000
2022-10-28,14802.2197265625,14565.509765625,14569.900390625,14795.6298828125,4459410000
2022-10-31,14825.01953125,14698.8203125,14795.6298828125,14747.0302734375,4820620000
2022-11-01,14921.48046875,14725.08984375,14747.0302734375,14790.7099609375,4481210000
2022-11-02,14929.3798828125,14496.330078125,14790.7099609375,14497.849609375,4899000000
2022-11-03,14531.9296875,14297.0595703125,14497.849609375,14455.669921875,4625290000
2022-11-04,14796.8095703125,14455.669921875,14455.669921875,14702.76953125,5400180000
2022-11-07,14833.9404296875,14688.5498046875,14702.76953125,14808.6298828125,4341620000
2022-11-08,14983.349609375,14756.98046875,14808.6298828125,14889.2998046875,4607640000
2022-11-09,14889.2998046875,14568.990234375,14889.2998046875,14587.759765625,4645010000
2022-11-10,15241.8896484375,14587.759765625,14587.759765625,15234.7197265625,5781260000
2022-11-11,15388.0595703125,15234.7197265625,15234.7197265625,15352.6904296875,5593310000
2022-11-14,15415.990234375,15228.98046875,15320.4296875,15228.98046875,4561930000
2022-11-15,15485.490234375,15260.8701171875,15445.099609375,15381.0,5015310000
2022-11-16,15381.0,15249.0400390625,15381.0,15265.25,4165320000
2022-11-17,15228.5498046875,15071.2001953125,15090.080078125,15223.9599609375,4051780000
2022-11-18,15337.580078125,15210.9404296875,15314.4404296875,15309.76953125,4037360000
2022-11-21,15309.76953125,15180.1904296875,15309.76953125,15278.259765625,3850690000
2022-11-22,15486.4599609375,15278.259765625,15278.259765625,15481.759765625,3887990000
2022-11-23,15565.400390625,15455.849609375,15481.759765625,15545.51953125,3279720000
2022-11-25,15625.7197265625,15545.51953125,15545.51953125,15605.669921875,1706460000
2022-11-28,15605.669921875,15350.08984375,15605.669921875,15370.4404296875,3615430000
2022-11-29,15479.9697265625,15370.4404296875,15370.4404296875,15433.4599609375,3546040000
2022-11-30,15780.01953125,15361.7900390625,15433.4599609375,15780.01953125,6579360000
2022-12-01,15854.1396484375,15691.2998046875,15780.01953125,15761.1201171875,4527130000
2022-12-02,15797.6796875,15617.849609375,15761.1201171875,15767.01953125,4012620000
2022-12-05,15767.01953125,15431.900390625,15767.01953125,15474.7900390625,4280820000
2022-12-06,15499.0,15240.8603515625,15474.7900390625,15328.4599609375,4368380000
2022-12-07,15401.6201171875,15285.0595703125,15328.4404296875,15311.7900390625,4118050000
2022-12-08,15452.759765625,15311.7900390625,15311.7900390625,15399.9404296875,4006900000
2022-12-09,15439.2197265625,15287.759765625,15399.9404296875,15291.0498046875,3888260000
2022-12-12,15468.98046875,15280.9296875,15291.0498046875,15468.669921875,3904130000
2022-12-13,15819.150390625,15468.669921875,15468.669921875,15562.5400390625,5079360000
2022-12-14,15667.7802734375,15407.58984375,15562.5400390625,15494.98046875,4472340000
2022-12-15,15494.98046875,15120.9697265625,15494.98046875,15182.2802734375,4493900000
2022-12-16,15182.2802734375,14920.1796875,15182.2802734375,15018.169921875,7493660000
2022-12-19,15066.3203125,14866.7998046875,15018.169921875,14938.0302734375,3969610000
2022-12-20,15056.580078125,14922.669921875,14938.0302734375,15000.6201171875,3985370000
2022-12-21,15250.91015625,15000.6201171875,15000.6201171875,15219.5498046875,3775200000
2022-12-22,15219.5498046875,14871.16015625,15219.5498046875,15081.5302734375,3956950000
2022-12-23,15188.5703125,15025.73046875,15081.5302734375,15188.4501953125,2819280000
2022-12-27,15255.349609375,15142.41015625,15188.4501953125,15218.259765625,3030300000
2022-12-28,15268.7001953125,15033.4697265625,15218.259765625,15037.3203125,3083520000
2022-12-29,15269.0595703125,15037.3203125,15037.3203125,15241.2099609375,3003680000
2022-12-30,15241.2099609375,15069.41015625,15241.2099609375,15184.3095703125,2979870000
2023-01-03,15327.5302734375,15053.169921875,15184.3095703125,15154.4501953125,3959140000
2023-01-04,15407.599609375,15154.4501953125,15154.4501953125,15350.2998046875,4414080000
2023-01-05,15350.2998046875,15168.6904296875,15350.2998046875,15225.400390625,3893450000
2023-01-06,15568.900390625,15225.400390625,15225.400390625,15539.740234375,3923560000
2023-01-09,15703.01953125,15507.98046875,15539.740234375,15514.4404296875,4311770000
2023-01-10,15614.6201171875,15464.1904296875,15514.4404296875,15608.169921875,3851030000
2023-01-11,15750.48046875,15608.169921875,15608.169921875,15749.08984375,4303360000
2023-01-12,15911.0,15692.509765625,15749.08984375,15859.5498046875,4440260000
2023-01-13,15940.6103515625,15749.91015625,15859.5498046875,15918.3701171875,3939700000
2023-01-17,15973.2900390625,15871.25,15918.3701171875,15883.5595703125,4235560000
2023-01-18,15965.25,15644.4501953125,15883.5595703125,15649.1298828125,4298710000
2023-01-19,15649.1298828125,15504.0703125,15649.1298828125,15569.6298828125,3991500000
2023-01-20,15777.5498046875,15538.2099609375,15569.6298828125,15777.5498046875,4013360000
2023-01-23,15940.900390625,15756.7802734375,15777.5498046875,15880.08984375,3945210000
2023-01-24,15892.66015625,15752.490234375,15880.08984375,15868.2197265625,3320430000
2023-01-25,15893.3095703125,15681.7998046875,15868.2197265625,15889.26953125,3724020000
2023-01-26,15988.26953125,15840.83984375,15889.26953125,15985.8701171875,3809590000
2023-01-27,16032.1201171875,15901.169921875,15985.8701171875,15962.580078125,3907760000
2023-01-30,15974.400390625,15813.23046875,15962.580078125,15818.900390625,3802000000
2023-01-31,16036.990234375,15809.66015625,15818.900390625,16036.3896484375,4679320000
2023-02-01,16222.2001953125,15871.0703125,16036.3896484375,16121.25,4856930000
2023-02-02,16178.5595703125,16035.5400390625,16121.25,16122.580078125,5624360000
2023-02-03,16122.580078125,15953.48046875,16122.580078125,15999.400390625,4694510000
2023-02-06,15999.400390625,15814.490234375,15999.400390625,15895.3603515625,4114240000
2023-02-07,16056.3896484375,15800.6396484375,15895.3603515625,16021.6201171875,4355860000
2023-02-08,16026.5498046875,15916.7099609375,16021.6201171875,15934.7197265625,4029820000
2023-02-09,16077.0498046875,15796.48046875,15934.7197265625,15828.599609375,4270200000
2023-02-10,15922.9501953125,15787.25,15828.599609375,15910.6904296875,3891520000
2023-02-13,16052.849609375,15908.8701171875,15910.6904296875,16052.25,3448620000
2023-02-14,16131.75,15917.98046875,16052.25,16025.1103515625,3929200000
2023-02-15,16025.1103515625,15875.349609375,16025.1103515625,16016.08984375,4075980000
2023-02-16,16016.08984375,15829.6904296875,16016.08984375,15873.7802734375,4143660000
2023-02-17,15873.7802734375,15732.76953125,15873.7802734375,15840.16015625,4045480000
2023-02-21,15840.16015625,15551.91015625,15840.16015625,15572.51953125,4121590000
2023-02-22,15623.2001953125,15490.1796875,15572.51953125,15530.830078125,4079320000
2023-02-23,15654.9501953125,15446.080078125,15530.830078125,15584.9296875,3952940000
2023-02-24,15584.9296875,15347.2802734375,15584.9296875,15464.4599609375,3877700000
2023-02-27,15623.25,15462.7998046875,15464.4599609375,15492.9296875,3836950000
2023-02-28,15518.7802734375,15427.2099609375,15492.9296875,15428.9697265625,5043400000
2023-03-01,15477.919921875,15378.1201171875,15428.9697265625,15436.2998046875,4249480000
2023-03-02,15555.08984375,15342.7099609375,15436.2998046875,15524.51953125,4244900000
2023-03-03,15732.7197265625,15524.51953125,15524.51953125,15721.0595703125,4084730000
2023-03-06,15772.650390625,15672.1103515625,15721.0595703125,15694.33984375,4000870000
2023-03-07,15694.33984375,15413.5400390625,15694.33984375,15439.01953125,3922500000
2023-03-08,15496.919921875,15367.4599609375,15439.01953125,15440.6396484375,3535570000
2023-03-09,15497.3896484375,15112.919921875,15440.6396484375,15140.7900390625,4445260000
2023-03-10,15164.1298828125,14830.91015625,15140.7900390625,14894.1796875,5518190000
2023-03-13,14949.349609375,14645.5498046875,14894.1796875,14764.3701171875,6558020000
2023-03-14,15044.650390625,14764.3701171875,14764.3701171875,14944.740234375,5665870000
2023-03-15,14944.740234375,14471.080078125,14944.740234375,14662.5498046875,6594010000
2023-03-16,14859.330078125,14506.599609375,14662.5498046875,14830.98046875,5695790000
2023-03-17,14830.990234375,14560.3701171875,14830.990234375,14599.0498046875,9354280000
2023-03-20,14817.2099609375,14599.0498046875,14599.0498046875,14777.7001953125,5347140000
2023-03-21,15010.580078125,14777.7001953125,14777.7001953125,14985.9501953125,4920240000
2023-03-22,15076.1298828125,14740.1904296875,14985.9501953125,14741.080078125,4533010000
2023-03-23,14937.900390625,14598.3203125,14741.080078125,14693.01953125,4991600000
2023-03-24,14770.7900390625,14514.5703125,14693.01953125,14758.5703125,4583970000
2023-03-27,14955.7197265625,14758.5703125,14758.5703125,14894.849609375,4233540000
2023-03-28,14986.990234375,14892.2001953125,14894.849609375,14949.349609375,4014600000
2023-03-29,15128.76953125,14949.349609375,14949.349609375,15123.9599609375,4145250000
2023-03-30,15254.759765625,15123.9599609375,15123.9599609375,15200.58984375,3930860000
2023-03-31,15377.01953125,15200.58984375,15200.58984375,15374.91015625,4525120000
2023-04-03,15514.919921875,15374.91015625,15374.91015625,15487.759765625,4234700000
2023-04-04,15510.2802734375,15307.9501953125,15487.75,15374.1103515625,4227800000
2023-04-05,15419.650390625,15304.0595703125,15374.1103515625,15368.259765625,3968020000
2023-04-06,15400.759765625,15323.1796875,15368.259765625,15379.1298828125,3486690000
2023-04-10,15427.2998046875,15297.7802734375,15379.1298828125,15427.1796875,3423650000
2023-04-11,15567.2802734375,15427.1796875,15427.1796875,15520.919921875,3665830000
2023-04-12,15668.3603515625,15485.5,15520.919921875,15500.9296875,3633120000
2023-04-13,15650.83984375,15498.9404296875,15500.9296875,15630.8896484375,3596590000
2023-04-14,15707.8095703125,15531.1298828125,15630.8896484375,15601.7802734375,3575690000
2023-04-17,15668.9599609375,15573.3603515625,15601.7802734375,15668.33984375,3611180000
2023-04-18,15710.4697265625,15634.4599609375,15668.33984375,15684.9599609375,3536640000
2023-04-19,15684.9599609375,15594.2197265625,15684.9599609375,15653.6201171875,3572560000
2023-04-20,15653.6201171875,15533.330078125,15653.6201171875,15582.9404296875,3772080000
2023-04-21,15597.4501953125,15512.6201171875,15582.9404296875,15578.9296875,3611750000
2023-04-24,15623.0400390625,15557.73046875,15578.9296875,15606.7099609375,3290940000
2023-04-25,15606.7099609375,15361.5703125,15606.7099609375,15363.5302734375,3978640000
2023-04-26,15363.5302734375,15201.099609375,15363.5302734375,15228.580078125,3837030000
2023-04-27,15443.0595703125,15228.580078125,15228.580078125,15431.6396484375,3750550000
2023-04-28,15560.009765625,15371.4501953125,15431.6396484375,15545.8798828125,4087800000
2023-05-01,15622.5595703125,15525.900390625,15545.8798828125,15535.8896484375,3321370000
2023-05-02,15535.8896484375,15189.25,15535.8896484375,15314.8896484375,4486130000
2023-05-03,15421.4697265625,15227.66015625,15314.5703125,15233.849609375,4246510000
2023-05-04,15233.849609375,15055.4296875,15233.849609375,15117.669921875,4920090000
2023-05-05,15419.5703125,15117.669921875,15117.669921875,15380.8701171875,4186270000
2023-05-08,15448.7099609375,15353.6796875,15380.8701171875,15391.26953125,3641640000
2023-05-09,15393.16015625,15297.08984375,15391.26953125,15352.8095703125,3810140000
2023-05-10,15441.990234375,15228.419921875,15352.8095703125,15349.169921875,4057160000
2023-05-11,15349.169921875,15176.6396484375,15349.169921875,15263.0703125,3752900000
2023-05-12,15319.6396484375,15167.7802734375,15263.0703125,15246.3603515625,3533740000
2023-05-15,15343.6396484375,15228.7998046875,15246.3603515625,15322.5595703125,3562170000
2023-05-16,15322.5595703125,15128.6201171875,15322.5595703125,15129.25,3654200000
2023-05-17,15338.4697265625,15129.25,15129.25,15313.919921875,4039080000
2023-05-18,15361.740234375,15214.0,15313.919921875,15345.4296875,3980500000
2023-05-19,15421.7998046875,15283.7001953125,15345.4296875,15324.3203125,4041900000
2023-05-22,15387.759765625,15271.2197265625,15324.3203125,15318.849609375,3728520000
2023-05-23,15319.1103515625,15161.4697265625,15318.849609375,15172.26953125,4155320000
2023-05-24,15172.26953125,15006.2802734375,15172.26953125,15022.8896484375,3739160000
2023-05-25,15022.8896484375,14898.7001953125,15022.8896484375,14975.9697265625,4147760000
2023-05-26,15119.16015625,14975.9697265625,14975.9697265625,15078.6904296875,3715460000
2023-05-30,15087.9697265625,14951.16015625,15078.6904296875,14994.6396484375,4228510000
2023-05-31,14994.6396484375,14810.5703125,14994.6396484375,14887.1396484375,5980670000
2023-06-01,15069.9404296875,14872.2802734375,14887.1396484375,15031.08984375,4391860000
2023-06-02,15365.7001953125,15031.08984375,15031.08984375,15345.1904296875,4454200000
2023-06-05,15353.08984375,15258.919921875,15345.1904296875,15275.2099609375,3813290000
2023-06-06,15403.400390625,15260.7197265625,15275.2099609375,15391.7998046875,3996560000
2023-06-07,15486.2099609375,15382.5302734375,15391.7998046875,15469.6298828125,4537800000
2023-06-08,15517.23046875,15416.7001953125,15469.6298828125,15502.6396484375,3826740000
2023-06-09,15557.2998046875,15478.08984375,15502.6396484375,15499.91015625,3786510000
2023-06-12,15560.4599609375,15483.0400390625,15499.91015625,15548.4697265625,3945670000
2023-06-13,15701.490234375,15548.4697265625,15548.4697265625,15667.7900390625,4275400000
2023-06-14,15746.1201171875,15573.400390625,15667.7900390625,15642.73046875,4252110000
2023-06-15,15855.08984375,15633.5595703125,15642.73046875,15826.349609375,4176690000
2023-06-16,15904.2001953125,15786.4404296875,15826.349609375,15795.1201171875,6848600000
2023-06-20,15795.1201171875,15605.83984375,15795.1201171875,15648.919921875,4055790000
2023-06-21,15706.7802734375,15578.2998046875,15648.919921875,15657.0,3709330000
2023-06-22,15657.0,15564.330078125,15657.0,15600.7001953125,3511000000
2023-06-23,15600.7001953125,15449.75,15600.7001953125,15469.349609375,6053620000
2023-06-26,15563.41015625,15469.349609375,15469.349609375,15518.740234375,3415030000
2023-06-27,15663.9501953125,15518.740234375,15518.740234375,15646.6796875,3573500000
2023-06-28,15646.6796875,15563.099609375,15646.6796875,15617.3603515625,3739330000
2023-06-29,15738.900390625,15599.900390625,15617.3603515625,15737.3798828125,3696660000
2023-06-30,15908.7099609375,15737.3798828125,15737.3798828125,15875.91015625,3923450000
2023-07-03,15932.009765625,15853.73046875,15875.91015625,15918.5,2034280000
2023-07-05,15918.5,15809.0498046875,15918.5,15835.5302734375,3482620000
2023-07-06,15835.5302734375,15557.9697265625,15835.5302734375,15641.669921875,3682020000
2023-07-07,15788.740234375,15602.4697265625,15641.669921875,15671.6298828125,3630480000
2023-07-10,15778.0498046875,15648.6796875,15671.6298828125,15748.8701171875,3429600000
2023-07-11,15907.6201171875,15748.8701171875,15748.8701171875,15897.3095703125,3624220000
2023-07-12,16069.0595703125,15897.3095703125,15897.3095703125,16011.2802734375,3920290000
2023-07-13,16125.2001953125,16011.2802734375,16011.2802734375,16106.849609375,3839530000
2023-07-14,16130.7099609375,16029.7802734375,16106.849609375,16040.23046875,3647450000
2023-07-17,16085.4296875,15977.240234375,16040.23046875,16054.169921875,3538240000
2023-07-18,16191.6103515625,16052.169921875,16054.169921875,16156.509765625,4090010000
2023-07-19,16273.75,16156.509765625,16156.509765625,16230.9404296875,4115670000
2023-07-20,16272.8896484375,16213.8603515625,16230.9404296875,16263.7099609375,3761770000
2023-07-21,16324.1298828125,16244.6796875,16263.7099609375,16289.1201171875,3570190000
2023-07-24,16398.0703125,16289.1201171875,16289.1201171875,16369.1396484375,3856250000
2023-07-25,16421.740234375,16344.3603515625,16369.1396484375,16385.169921875,3812470000
2023-07-26,16456.419921875,16330.9599609375,16385.1796875,16418.2109375,3990290000
2023-07-27,16458.890625,16254.16015625,16418.2109375,16270.599609375,4553210000
2023-07-28,16382.48046875,16270.599609375,16270.599609375,16363.259765625,3981010000
2023-07-31,16448.0,16363.259765625,16363.259765625,16427.2890625,4503600000
2023-08-01,16427.2890625,16310.3603515625,16427.2890625,16356.509765625,4042370000
2023-08-02,16356.509765625,16154.33984375,16356.509765625,16174.5400390625,4270710000
2023-08-03,16174.5400390625,16067.5400390625,16174.5400390625,16125.419921875,4149120000
2023-08-04,16252.3203125,16059.830078125,16125.419921875,16071.0595703125,4143310000
2023-08-07,16215.6796875,16071.0595703125,16071.0595703125,16208.23046875,3493920000
2023-08-08,16208.23046875,16025.3701171875,16208.23046875,16176.349609375,3884910000
2023-08-09,16224.91015625,16107.849609375,16176.349609375,16135.76953125,3803100000
2023-08-10,16319.900390625,16110.1201171875,16135.76953125,16135.2197265625,4504370000
2023-08-11,16178.4501953125,16064.599609375,16135.2197265625,16143.3798828125,3753290000
2023-08-14,16143.3798828125,16036.0400390625,16143.3798828125,16116.0498046875,3896410000
2023-08-15,16116.0498046875,15897.330078125,16116.0498046875,15911.3095703125,3832250000
2023-08-16,15961.400390625,15816.1298828125,15911.3095703125,15818.1103515625,3753910000
2023-08-17,15900.3203125,15720.9599609375,15818.1103515625,15734.3798828125,3943700000
2023-08-18,15780.2099609375,15626.919921875,15734.3798828125,15750.169921875,3940400000
2023-08-21,15799.9404296875,15658.58984375,15750.169921875,15746.2099609375,3726850000
2023-08-22,15796.6796875,15681.849609375,15746.2099609375,15690.2802734375,3522760000
2023-08-23,15838.33984375,15690.2802734375,15690.2802734375,15823.26953125,3837270000
2023-08-24,15894.3095703125,15681.98046875,15823.26953125,15683.009765625,3723470000
2023-08-25,15816.8203125,15632.5703125,15683.009765625,15766.91015625,3296180000
2023-08-28,15911.8095703125,15766.91015625,15766.91015625,15879.58984375,2957230000
2023-08-29,16044.1298828125,15868.0498046875,15879.58984375,16041.490234375,3354820000
2023-08-30,16120.2802734375,16041.490234375,16041.490234375,16074.2197265625,3064110000
2023-08-31,16100.8095703125,15999.75,16074.2197265625,16000.3701171875,3946360000
2023-09-01,16152.3603515625,16000.3701171875,16000.3701171875,16091.7900390625,3246260000
2023-09-05,16096.509765625,15942.3896484375,16091.7900390625,15942.48046875,3526250000
2023-09-06,15946.8701171875,15819.3896484375,15942.48046875,15891.5302734375,3418850000
2023-09-07,15897.41015625,15811.66015625,15891.5302734375,15864.1904296875,3763760000
2023-09-08,15914.2099609375,15847.080078125,15864.1904296875,15878.990234375,3259290000
2023-09-11,15989.6796875,15878.990234375,15878.990234375,15949.4404296875,3369920000
2023-09-12,16022.51953125,15915.5498046875,15949.4404296875,15953.91015625,3435740000
2023-09-13,15989.740234375,15892.5498046875,15953.91015625,15926.6396484375,3529430000
2023-09-14,16105.8603515625,15926.6396484375,15926.6396484375,16089.48046875,3648720000
2023-09-15,16094.580078125,15960.259765625,16089.48046875,15973.6796875,6932230000
2023-09-18,15989.2099609375,15910.490234375,15973.6796875,15952.51953125,3161230000
2023-09-19,15980.9599609375,15861.8896484375,15952.51953125,15929.009765625,3614880000
2023-09-20,16029.8095703125,15856.740234375,15929.009765625,15859.6201171875,3308450000
2023-09-21,15859.6201171875,15599.7197265625,15859.6201171875,15601.599609375,3662340000
2023-09-22,15669.9599609375,15561.7900390625,15601.599609375,15569.509765625,3349570000
2023-09-25,15597.650390625,15491.23046875,15569.509765625,15593.73046875,3195650000
2023-09-26,15593.73046875,15371.75,15593.73046875,15381.580078125,3472340000
2023-09-27,15454.1201171875,15288.4501953125,15381.580078125,15394.6904296875,3875880000
2023-09-28,15526.330078125,15390.25,15394.6904296875,15478.0703125,3846230000
2023-09-29,15572.169921875,15364.990234375,15478.0703125,15398.2099609375,3865960000
2023-10-02,15398.2099609375,15154.009765625,15398.2099609375,15230.009765625,3938660000
2023-10-03,15230.009765625,14993.919921875,15230.009765625,15043.419921875,3953830000
2023-10-04,15076.98046875,14924.9501953125,15049.6103515625,15070.91015625,3777600000
2023-10-05,15093.669921875,14986.6396484375,15070.91015625,15072.990234375,3581470000
2023-10-06,15285.6103515625,14942.5400390625,15072.900390625,15214.01953125,3902030000
2023-10-09,15336.51953125,15166.5,15214.01953125,15318.080078125,3174630000
2023-10-10,15524.919921875,15318.080078125,15318.080078125,15450.240234375,3520240000
2023-10-11,15521.580078125,15390.0703125,15450.240234375,15487.7802734375,3601660000
2023-10-12,15510.580078125,15252.73046875,15487.7802734375,15329.5498046875,3713140000
2023-10-13,15454.759765625,15273.099609375,15329.5498046875,15323.7001953125,3566560000
2023-10-16,15515.7998046875,15323.7001953125,15323.7001953125,15484.5,3409960000
2023-10-17,15618.900390625,15406.6103515625,15484.5,15541.3798828125,3794850000
2023-10-18,15541.3798828125,15302.009765625,15541.3798828125,15324.9599609375,3686030000
2023-10-19,15386.1396484375,15171.669921875,15324.9599609375,15196.3701171875,3969730000
2023-10-20,15196.3701171875,15031.6396484375,15196.3701171875,15033.3095703125,4004030000
2023-10-23,15082.6201171875,14916.6298828125,15033.3095703125,14946.009765625,3776100000
2023-10-24,15086.099609375,14946.009765625,14946.009765625,15025.759765625,3821820000
2023-10-25,15025.759765625,14899.5,15025.759765625,14914.1201171875,3869370000
2023-10-26,14956.7001953125,14830.6904296875,14914.1201171875,14858.7001953125,4277640000
2023-10-27,14873.4599609375,14638.3701171875,14858.7001953125,14675.7802734375,4019500000
2023-10-30,14853.4599609375,14675.7802734375,14675.7802734375,14825.8896484375,3911140000
2023-10-31,14923.1904296875,14804.650390625,14825.8896484375,14919.2001953125,4249470000
2023-11-01,15024.419921875,14904.919921875,14919.2001953125,15002.5498046875,4224900000
2023-11-02,15339.740234375,15002.5498046875,15002.5498046875,15332.599609375,4669780000
2023-11-03,15539.8798828125,15332.599609375,15332.599609375,15475.2001953125,4570960000
2023-11-06,15523.8095703125,15399.23046875,15475.2001953125,15440.5,3656340000
2023-11-07,15440.5,15342.73046875,15440.5,15388.490234375,3791230000
