Date,High_DBG,Low_DBG,Open_DBG,Close_DBG,Volume_DBG
2010-09-20,12.744999885559082,12.744999885559082,12.744999885559082,12.744999885559082,0
2010-11-17,11.300000190734863,11.300000190734863,11.300000190734863,11.300000190734863,0
2011-02-11,16.200000762939453,16.200000762939453,16.200000762939453,16.200000762939453,200
2011-02-17,16.700000762939453,16.700000762939453,16.700000762939453,16.700000762939453,400
2011-04-29,13.300000190734863,13.300000190734863,13.300000190734863,13.300000190734863,600
2011-11-17,13.300000190734863,13.300000190734863,13.300000190734863,13.300000190734863,0
2011-11-18,13.300000190734863,13.300000190734863,13.300000190734863,13.300000190734863,0
2011-11-21,13.300000190734863,13.300000190734863,13.300000190734863,13.300000190734863,0
2011-11-22,13.300000190734863,13.300000190734863,13.300000190734863,13.300000190734863,0
2011-11-23,13.300000190734863,13.300000190734863,13.300000190734863,13.300000190734863,0
2011-11-25,13.300000190734863,13.300000190734863,13.300000190734863,13.300000190734863,0
2011-11-28,13.300000190734863,13.300000190734863,13.300000190734863,13.300000190734863,0
2011-11-29,13.300000190734863,13.300000190734863,13.300000190734863,13.300000190734863,0
2011-11-30,13.300000190734863,13.300000190734863,13.300000190734863,13.300000190734863,0
2011-12-01,13.300000190734863,13.300000190734863,13.300000190734863,13.300000190734863,0
2011-12-02,13.300000190734863,13.300000190734863,13.300000190734863,13.300000190734863,0
2011-12-05,13.300000190734863,13.300000190734863,13.300000190734863,13.300000190734863,0
2011-12-06,13.300000190734863,13.300000190734863,13.300000190734863,13.300000190734863,0
2011-12-07,13.300000190734863,13.300000190734863,13.300000190734863,13.300000190734863,0
2011-12-08,13.300000190734863,13.300000190734863,13.300000190734863,13.300000190734863,0
2011-12-09,13.300000190734863,13.300000190734863,13.300000190734863,13.300000190734863,0
2011-12-12,13.300000190734863,13.300000190734863,13.300000190734863,13.300000190734863,0
2011-12-13,13.300000190734863,13.300000190734863,13.300000190734863,13.300000190734863,0
2011-12-14,13.300000190734863,13.300000190734863,13.300000190734863,13.300000190734863,0
2011-12-15,13.300000190734863,13.300000190734863,13.300000190734863,13.300000190734863,0
2011-12-16,13.300000190734863,13.300000190734863,13.300000190734863,13.300000190734863,0
2011-12-19,13.300000190734863,13.300000190734863,13.300000190734863,13.300000190734863,0
2011-12-20,13.300000190734863,13.300000190734863,13.300000190734863,13.300000190734863,0
2011-12-21,13.300000190734863,13.300000190734863,13.300000190734863,13.300000190734863,0
2011-12-22,13.300000190734863,13.300000190734863,13.300000190734863,13.300000190734863,0
2011-12-23,13.300000190734863,13.300000190734863,13.300000190734863,13.300000190734863,0
2011-12-27,13.300000190734863,13.300000190734863,13.300000190734863,13.300000190734863,0
2011-12-28,13.300000190734863,13.300000190734863,13.300000190734863,13.300000190734863,0
2011-12-29,13.300000190734863,13.300000190734863,13.300000190734863,13.300000190734863,0
2011-12-30,13.300000190734863,13.300000190734863,13.300000190734863,13.300000190734863,0
2012-01-03,13.300000190734863,13.300000190734863,13.300000190734863,13.300000190734863,0
2012-01-04,13.300000190734863,13.300000190734863,13.300000190734863,13.300000190734863,0
2012-01-05,13.300000190734863,13.300000190734863,13.300000190734863,13.300000190734863,0
2012-01-06,13.300000190734863,13.300000190734863,13.300000190734863,13.300000190734863,0
2012-01-09,13.300000190734863,13.300000190734863,13.300000190734863,13.300000190734863,0
2012-01-10,13.300000190734863,13.300000190734863,13.300000190734863,13.300000190734863,0
2012-01-11,13.300000190734863,13.300000190734863,13.300000190734863,13.300000190734863,0
2012-01-12,13.300000190734863,13.300000190734863,13.300000190734863,13.300000190734863,0
2012-01-13,13.300000190734863,13.300000190734863,13.300000190734863,13.300000190734863,0
2012-01-17,13.300000190734863,13.300000190734863,13.300000190734863,13.300000190734863,0
2012-01-18,13.300000190734863,13.300000190734863,13.300000190734863,13.300000190734863,0
2012-01-19,13.300000190734863,13.300000190734863,13.300000190734863,13.300000190734863,0
2012-01-20,13.300000190734863,13.300000190734863,13.300000190734863,13.300000190734863,0
2012-01-23,13.300000190734863,13.300000190734863,13.300000190734863,13.300000190734863,0
2012-01-24,13.300000190734863,13.300000190734863,13.300000190734863,13.300000190734863,0
2012-01-25,13.300000190734863,13.300000190734863,13.300000190734863,13.300000190734863,0
2012-01-26,13.300000190734863,13.300000190734863,13.300000190734863,13.300000190734863,0
2012-01-27,13.300000190734863,13.300000190734863,13.300000190734863,13.300000190734863,0
2012-01-30,13.300000190734863,13.300000190734863,13.300000190734863,13.300000190734863,0
2012-01-31,13.300000190734863,13.300000190734863,13.300000190734863,13.300000190734863,0
2012-02-01,13.300000190734863,13.300000190734863,13.300000190734863,13.300000190734863,0
2012-02-02,13.300000190734863,13.300000190734863,13.300000190734863,13.300000190734863,0
2012-02-03,13.300000190734863,13.300000190734863,13.300000190734863,13.300000190734863,0
2012-02-06,13.300000190734863,13.300000190734863,13.300000190734863,13.300000190734863,0
2012-02-07,13.300000190734863,13.300000190734863,13.300000190734863,13.300000190734863,0
2012-02-08,13.300000190734863,13.300000190734863,13.300000190734863,13.300000190734863,0
2012-02-09,13.300000190734863,13.300000190734863,13.300000190734863,13.300000190734863,0
2012-02-10,13.300000190734863,13.300000190734863,13.300000190734863,13.300000190734863,0
2012-02-13,13.300000190734863,13.300000190734863,13.300000190734863,13.300000190734863,0
2012-02-14,13.300000190734863,13.300000190734863,13.300000190734863,13.300000190734863,0
2012-02-15,13.300000190734863,13.300000190734863,13.300000190734863,13.300000190734863,0
2012-02-16,13.300000190734863,13.300000190734863,13.300000190734863,13.300000190734863,0
2012-02-17,13.300000190734863,13.300000190734863,13.300000190734863,13.300000190734863,0
2012-02-21,13.300000190734863,13.300000190734863,13.300000190734863,13.300000190734863,0
2012-02-22,13.300000190734863,13.300000190734863,13.300000190734863,13.300000190734863,0
2012-02-23,13.300000190734863,13.300000190734863,13.300000190734863,13.300000190734863,0
2012-02-24,13.300000190734863,13.300000190734863,13.300000190734863,13.300000190734863,0
2012-02-27,13.300000190734863,13.300000190734863,13.300000190734863,13.300000190734863,0
2012-02-28,13.300000190734863,13.300000190734863,13.300000190734863,13.300000190734863,0
2012-02-29,13.300000190734863,13.300000190734863,13.300000190734863,13.300000190734863,0
2012-03-01,13.300000190734863,13.300000190734863,13.300000190734863,13.300000190734863,0
2012-03-02,13.300000190734863,13.300000190734863,13.300000190734863,13.300000190734863,0
2012-03-05,13.300000190734863,13.300000190734863,13.300000190734863,13.300000190734863,0
2012-03-06,13.300000190734863,13.300000190734863,13.300000190734863,13.300000190734863,0
2012-03-07,13.300000190734863,13.300000190734863,13.300000190734863,13.300000190734863,0
2012-03-08,13.300000190734863,13.300000190734863,13.300000190734863,13.300000190734863,0
2012-03-09,13.300000190734863,13.300000190734863,13.300000190734863,13.300000190734863,0
2012-03-12,13.300000190734863,13.300000190734863,13.300000190734863,13.300000190734863,0
2012-03-13,13.300000190734863,13.300000190734863,13.300000190734863,13.300000190734863,0
2012-03-14,13.300000190734863,13.300000190734863,13.300000190734863,13.300000190734863,0
2012-03-15,13.300000190734863,13.300000190734863,13.300000190734863,13.300000190734863,0
2012-03-16,13.300000190734863,13.300000190734863,13.300000190734863,13.300000190734863,0
2012-03-19,13.300000190734863,13.300000190734863,13.300000190734863,13.300000190734863,0
2012-03-20,13.300000190734863,13.300000190734863,13.300000190734863,13.300000190734863,0
2012-03-21,13.300000190734863,13.300000190734863,13.300000190734863,13.300000190734863,0
2012-03-22,13.300000190734863,13.300000190734863,13.300000190734863,13.300000190734863,0
2012-03-23,13.300000190734863,13.300000190734863,13.300000190734863,13.300000190734863,0
2012-03-26,13.300000190734863,13.300000190734863,13.300000190734863,13.300000190734863,0
2012-03-27,13.300000190734863,13.300000190734863,13.300000190734863,13.300000190734863,0
2012-03-28,13.300000190734863,13.300000190734863,13.300000190734863,13.300000190734863,0
2012-03-29,13.300000190734863,13.300000190734863,13.300000190734863,13.300000190734863,0
2012-03-30,13.300000190734863,13.300000190734863,13.300000190734863,13.300000190734863,0
2012-04-02,13.300000190734863,13.300000190734863,13.300000190734863,13.300000190734863,0
2012-04-03,13.300000190734863,13.300000190734863,13.300000190734863,13.300000190734863,0
2012-04-04,13.300000190734863,13.300000190734863,13.300000190734863,13.300000190734863,0
2012-04-05,13.300000190734863,13.300000190734863,13.300000190734863,13.300000190734863,0
2012-04-09,13.300000190734863,13.300000190734863,13.300000190734863,13.300000190734863,0
2012-04-10,13.300000190734863,13.300000190734863,13.300000190734863,13.300000190734863,0
2012-04-11,13.300000190734863,13.300000190734863,13.300000190734863,13.300000190734863,0
2012-04-12,13.300000190734863,13.300000190734863,13.300000190734863,13.300000190734863,0
2012-04-13,13.300000190734863,13.300000190734863,13.300000190734863,13.300000190734863,0
2012-04-16,13.300000190734863,13.300000190734863,13.300000190734863,13.300000190734863,0
2012-04-17,13.300000190734863,13.300000190734863,13.300000190734863,13.300000190734863,0
2012-04-18,13.300000190734863,13.300000190734863,13.300000190734863,13.300000190734863,0
2012-04-19,13.300000190734863,13.300000190734863,13.300000190734863,13.300000190734863,0
2012-04-20,13.300000190734863,13.300000190734863,13.300000190734863,13.300000190734863,0
2012-04-23,13.300000190734863,13.300000190734863,13.300000190734863,13.300000190734863,0
2012-04-24,13.300000190734863,13.300000190734863,13.300000190734863,13.300000190734863,0
2012-04-25,13.300000190734863,13.300000190734863,13.300000190734863,13.300000190734863,0
2012-04-26,13.300000190734863,13.300000190734863,13.300000190734863,13.300000190734863,0
2012-04-27,13.300000190734863,13.300000190734863,13.300000190734863,13.300000190734863,0
2012-04-30,13.300000190734863,13.300000190734863,13.300000190734863,13.300000190734863,0
2012-05-01,13.300000190734863,13.300000190734863,13.300000190734863,13.300000190734863,0
2012-05-02,13.300000190734863,13.300000190734863,13.300000190734863,13.300000190734863,0
2012-05-03,13.300000190734863,13.300000190734863,13.300000190734863,13.300000190734863,0
2012-05-04,13.300000190734863,13.300000190734863,13.300000190734863,13.300000190734863,0
2012-05-07,13.300000190734863,13.300000190734863,13.300000190734863,13.300000190734863,0
2012-05-08,13.300000190734863,13.300000190734863,13.300000190734863,13.300000190734863,0
2012-05-09,13.300000190734863,13.300000190734863,13.300000190734863,13.300000190734863,0
2012-05-10,13.300000190734863,13.300000190734863,13.300000190734863,13.300000190734863,0
2012-05-11,13.300000190734863,13.300000190734863,13.300000190734863,13.300000190734863,0
2012-05-14,13.300000190734863,13.300000190734863,13.300000190734863,13.300000190734863,0
2012-05-15,13.300000190734863,13.300000190734863,13.300000190734863,13.300000190734863,0
2012-05-16,13.300000190734863,13.300000190734863,13.300000190734863,13.300000190734863,0
2012-05-17,13.300000190734863,13.300000190734863,13.300000190734863,13.300000190734863,0
2012-05-18,13.300000190734863,13.300000190734863,13.300000190734863,13.300000190734863,0
2012-05-21,13.300000190734863,13.300000190734863,13.300000190734863,13.300000190734863,0
2012-05-22,13.300000190734863,13.300000190734863,13.300000190734863,13.300000190734863,0
2012-05-23,13.300000190734863,13.300000190734863,13.300000190734863,13.300000190734863,0
2012-05-24,13.300000190734863,13.300000190734863,13.300000190734863,13.300000190734863,0
2012-05-25,13.300000190734863,13.300000190734863,13.300000190734863,13.300000190734863,0
2012-05-29,13.300000190734863,13.300000190734863,13.300000190734863,13.300000190734863,0
2012-05-30,13.300000190734863,13.300000190734863,13.300000190734863,13.300000190734863,0
2012-05-31,13.300000190734863,13.300000190734863,13.300000190734863,13.300000190734863,0
2012-06-01,13.300000190734863,13.300000190734863,13.300000190734863,13.300000190734863,0
2012-06-04,13.300000190734863,13.300000190734863,13.300000190734863,13.300000190734863,0
2012-06-05,13.300000190734863,13.300000190734863,13.300000190734863,13.300000190734863,0
2012-06-06,13.300000190734863,13.300000190734863,13.300000190734863,13.300000190734863,0
2012-06-07,13.300000190734863,13.300000190734863,13.300000190734863,13.300000190734863,0
2012-06-08,13.300000190734863,13.300000190734863,13.300000190734863,13.300000190734863,0
2012-06-11,13.300000190734863,13.300000190734863,13.300000190734863,13.300000190734863,0
2012-06-12,13.300000190734863,13.300000190734863,13.300000190734863,13.300000190734863,0
2012-06-13,13.300000190734863,13.300000190734863,13.300000190734863,13.300000190734863,0
2012-06-14,13.300000190734863,13.300000190734863,13.300000190734863,13.300000190734863,0
2012-06-15,13.300000190734863,13.300000190734863,13.300000190734863,13.300000190734863,0
2012-06-18,13.300000190734863,13.300000190734863,13.300000190734863,13.300000190734863,0
2012-06-19,13.300000190734863,13.300000190734863,13.300000190734863,13.300000190734863,0
2012-06-20,13.300000190734863,13.300000190734863,13.300000190734863,13.300000190734863,0
2012-06-21,13.300000190734863,13.300000190734863,13.300000190734863,13.300000190734863,0
2012-06-22,13.300000190734863,13.300000190734863,13.300000190734863,13.300000190734863,0
2012-06-25,13.300000190734863,13.300000190734863,13.300000190734863,13.300000190734863,0
2012-06-26,13.300000190734863,13.300000190734863,13.300000190734863,13.300000190734863,0
2012-06-27,13.300000190734863,13.300000190734863,13.300000190734863,13.300000190734863,0
2012-06-28,13.300000190734863,13.300000190734863,13.300000190734863,13.300000190734863,0
2012-06-29,13.300000190734863,13.300000190734863,13.300000190734863,13.300000190734863,0
2012-07-02,13.300000190734863,13.300000190734863,13.300000190734863,13.300000190734863,0
2012-07-03,13.300000190734863,13.300000190734863,13.300000190734863,13.300000190734863,0
2012-07-05,13.300000190734863,13.300000190734863,13.300000190734863,13.300000190734863,0
2012-07-06,13.300000190734863,13.300000190734863,13.300000190734863,13.300000190734863,0
2012-07-09,13.300000190734863,13.300000190734863,13.300000190734863,13.300000190734863,0
2012-07-10,13.300000190734863,13.300000190734863,13.300000190734863,13.300000190734863,0
2012-07-11,13.300000190734863,13.300000190734863,13.300000190734863,13.300000190734863,0
2012-07-12,13.300000190734863,13.300000190734863,13.300000190734863,13.300000190734863,0
2012-07-13,13.300000190734863,13.300000190734863,13.300000190734863,13.300000190734863,0
2012-07-16,13.300000190734863,13.300000190734863,13.300000190734863,13.300000190734863,0
2012-07-17,13.300000190734863,13.300000190734863,13.300000190734863,13.300000190734863,0
2012-07-18,13.300000190734863,13.300000190734863,13.300000190734863,13.300000190734863,0
2012-07-19,13.300000190734863,13.300000190734863,13.300000190734863,13.300000190734863,0
2012-07-20,13.300000190734863,13.300000190734863,13.300000190734863,13.300000190734863,0
2012-07-23,13.300000190734863,13.300000190734863,13.300000190734863,13.300000190734863,0
2012-07-24,13.300000190734863,13.300000190734863,13.300000190734863,13.300000190734863,0
2012-07-25,13.300000190734863,13.300000190734863,13.300000190734863,13.300000190734863,0
2012-07-26,13.300000190734863,13.300000190734863,13.300000190734863,13.300000190734863,0
2012-07-27,13.300000190734863,13.300000190734863,13.300000190734863,13.300000190734863,0
2012-07-30,13.300000190734863,13.300000190734863,13.300000190734863,13.300000190734863,0
2012-07-31,13.300000190734863,13.300000190734863,13.300000190734863,13.300000190734863,0
2012-08-01,13.300000190734863,13.300000190734863,13.300000190734863,13.300000190734863,0
2012-08-02,13.300000190734863,13.300000190734863,13.300000190734863,13.300000190734863,0
2012-08-03,13.300000190734863,13.300000190734863,13.300000190734863,13.300000190734863,0
2012-08-06,13.300000190734863,13.300000190734863,13.300000190734863,13.300000190734863,0
2012-08-07,13.300000190734863,13.300000190734863,13.300000190734863,13.300000190734863,0
2012-08-08,13.300000190734863,13.300000190734863,13.300000190734863,13.300000190734863,0
2012-08-09,13.300000190734863,13.300000190734863,13.300000190734863,13.300000190734863,0
2012-08-10,13.300000190734863,13.300000190734863,13.300000190734863,13.300000190734863,0
2012-08-13,13.300000190734863,13.300000190734863,13.300000190734863,13.300000190734863,0
2012-08-14,13.300000190734863,13.300000190734863,13.300000190734863,13.300000190734863,0
2012-08-15,13.300000190734863,13.300000190734863,13.300000190734863,13.300000190734863,0
2012-08-16,13.300000190734863,13.300000190734863,13.300000190734863,13.300000190734863,0
2012-08-17,13.300000190734863,13.300000190734863,13.300000190734863,13.300000190734863,0
2012-08-20,13.300000190734863,13.300000190734863,13.300000190734863,13.300000190734863,0
2012-08-21,13.300000190734863,13.300000190734863,13.300000190734863,13.300000190734863,0
2012-08-22,13.300000190734863,13.300000190734863,13.300000190734863,13.300000190734863,0
2012-08-23,13.300000190734863,13.300000190734863,13.300000190734863,13.300000190734863,0
2012-08-24,13.300000190734863,13.300000190734863,13.300000190734863,13.300000190734863,0
2012-08-27,13.300000190734863,13.300000190734863,13.300000190734863,13.300000190734863,0
2012-08-28,13.300000190734863,13.300000190734863,13.300000190734863,13.300000190734863,0
2012-08-29,13.300000190734863,13.300000190734863,13.300000190734863,13.300000190734863,0
2012-08-30,13.300000190734863,13.300000190734863,13.300000190734863,13.300000190734863,0
2012-08-31,13.300000190734863,13.300000190734863,13.300000190734863,13.300000190734863,0
2012-09-04,13.300000190734863,13.300000190734863,13.300000190734863,13.300000190734863,0
2012-09-05,13.300000190734863,13.300000190734863,13.300000190734863,13.300000190734863,0
2012-09-06,13.300000190734863,13.300000190734863,13.300000190734863,13.300000190734863,0
2012-09-07,13.300000190734863,13.300000190734863,13.300000190734863,13.300000190734863,0
2012-09-10,13.300000190734863,13.300000190734863,13.300000190734863,13.300000190734863,0
2012-09-11,13.300000190734863,13.300000190734863,13.300000190734863,13.300000190734863,0
2012-09-12,13.300000190734863,13.300000190734863,13.300000190734863,13.300000190734863,0
2012-09-13,13.300000190734863,13.300000190734863,13.300000190734863,13.300000190734863,0
2012-09-14,13.300000190734863,13.300000190734863,13.300000190734863,13.300000190734863,0
2012-09-17,13.300000190734863,13.300000190734863,13.300000190734863,13.300000190734863,0
2012-09-18,13.300000190734863,13.300000190734863,13.300000190734863,13.300000190734863,0
2012-09-19,13.300000190734863,13.300000190734863,13.300000190734863,13.300000190734863,0
2012-09-20,13.300000190734863,13.300000190734863,13.300000190734863,13.300000190734863,0
2013-12-16,4.236999988555908,4.236999988555908,4.236999988555908,4.236999988555908,0
2014-07-14,4.5,4.5,4.5,4.5,0
2014-07-15,4.5,4.5,4.5,4.5,0
2014-07-16,4.599999904632568,4.599999904632568,4.599999904632568,4.599999904632568,0
2014-07-17,4.610000133514404,4.610000133514404,4.610000133514404,4.610000133514404,0
2014-07-18,4.610000133514404,4.610000133514404,4.610000133514404,4.610000133514404,0
2014-07-21,4.610000133514404,4.610000133514404,4.610000133514404,4.610000133514404,0
2014-07-22,4.650000095367432,4.610000133514404,4.610000133514404,4.650000095367432,0
2014-07-23,4.650000095367432,4.650000095367432,4.650000095367432,4.650000095367432,0
2014-07-24,4.650000095367432,4.650000095367432,4.650000095367432,4.650000095367432,0
2014-07-25,4.650000095367432,4.650000095367432,4.650000095367432,4.650000095367432,0
2014-07-28,5.150000095367432,4.650000095367432,4.650000095367432,5.150000095367432,600
2014-07-29,5.0,5.0,5.0,5.0,0
2014-07-30,5.010000228881836,5.0,5.0,5.010000228881836,100
2014-07-31,5.050000190734863,5.0,5.0,5.0,4000
2014-08-01,5.0,5.0,5.0,5.0,0
2014-08-04,5.0,5.0,5.0,5.0,0
2014-08-05,5.0,5.0,5.0,5.0,0
2014-08-06,4.966000080108643,4.736000061035156,4.966000080108643,4.736000061035156,250
2014-08-07,4.736000061035156,4.5,4.736000061035156,4.5,0
2014-08-08,4.5,4.5,4.5,4.5,0
2014-08-11,4.5,4.5,4.5,4.5,0
2014-08-12,4.599999904632568,4.5,4.5,4.599999904632568,0
2014-08-13,4.599999904632568,4.599999904632568,4.599999904632568,4.599999904632568,0
2014-08-14,4.599999904632568,4.599999904632568,4.599999904632568,4.599999904632568,0
2014-08-15,4.599999904632568,4.599999904632568,4.599999904632568,4.599999904632568,0
2014-08-18,5.519999980926514,4.599999904632568,4.599999904632568,4.796999931335449,850
2014-08-19,4.800000190734863,4.800000190734863,4.800000190734863,4.800000190734863,0
2014-08-20,4.809999942779541,4.809999942779541,4.809999942779541,4.809999942779541,0
2014-08-21,4.809999942779541,4.809999942779541,4.809999942779541,4.809999942779541,0
2014-08-22,4.809999942779541,4.809999942779541,4.809999942779541,4.809999942779541,0
2014-08-25,4.820000171661377,4.783999919891357,4.820000171661377,4.783999919891357,0
2014-08-26,4.783999919891357,4.783999919891357,4.783999919891357,4.783999919891357,0
2014-08-27,4.783999919891357,4.738999843597412,4.783999919891357,4.738999843597412,0
2014-08-28,4.692999839782715,4.191999912261963,4.692999839782715,4.191999912261963,600
2014-08-29,4.199999809265137,4.199999809265137,4.199999809265137,4.199999809265137,0
2014-09-02,4.210000038146973,4.210000038146973,4.210000038146973,4.210000038146973,0
2014-09-03,4.191999912261963,4.191999912261963,4.191999912261963,4.191999912261963,0
2014-09-04,4.191999912261963,4.191999912261963,4.191999912261963,4.191999912261963,0
2014-09-05,4.099999904632568,4.099999904632568,4.099999904632568,4.099999904632568,0
2014-09-08,4.110000133514404,4.110000133514404,4.110000133514404,4.110000133514404,0
2014-09-09,4.110000133514404,4.110000133514404,4.110000133514404,4.110000133514404,0
2014-09-10,4.110000133514404,4.110000133514404,4.110000133514404,4.110000133514404,0
2014-09-11,4.110000133514404,4.110000133514404,4.110000133514404,4.110000133514404,0
2014-09-12,4.110000133514404,4.110000133514404,4.110000133514404,4.110000133514404,0
2014-09-15,4.110000133514404,4.110000133514404,4.110000133514404,4.110000133514404,0
2014-09-16,4.110000133514404,4.110000133514404,4.110000133514404,4.110000133514404,0
2014-09-17,4.110000133514404,4.110000133514404,4.110000133514404,4.110000133514404,0
2014-09-18,4.110000133514404,4.110000133514404,4.110000133514404,4.110000133514404,0
2014-09-19,4.110000133514404,4.110000133514404,4.110000133514404,4.110000133514404,0
2014-09-22,4.110000133514404,3.809999942779541,4.110000133514404,3.809999942779541,400
2014-09-23,3.819999933242798,3.819999933242798,3.819999933242798,3.819999933242798,0
2014-09-24,3.819999933242798,3.819999933242798,3.819999933242798,3.819999933242798,0
2014-09-25,3.819999933242798,3.819999933242798,3.819999933242798,3.819999933242798,0
2014-09-26,3.880000114440918,3.859999895095825,3.859999895095825,3.880000114440918,0
2014-09-29,3.880000114440918,3.880000114440918,3.880000114440918,3.880000114440918,0
2014-09-30,3.880000114440918,3.880000114440918,3.880000114440918,3.880000114440918,0
2014-10-01,3.880000114440918,3.880000114440918,3.880000114440918,3.880000114440918,0
2014-10-02,3.880000114440918,3.880000114440918,3.880000114440918,3.880000114440918,0
2014-10-03,3.880000114440918,3.880000114440918,3.880000114440918,3.880000114440918,0
2014-10-06,3.880000114440918,3.880000114440918,3.880000114440918,3.880000114440918,0
2014-10-07,3.880000114440918,3.880000114440918,3.880000114440918,3.880000114440918,0
2014-10-08,3.880000114440918,3.700000047683716,3.880000114440918,3.700000047683716,300
2014-10-09,3.7100000381469727,3.7100000381469727,3.7100000381469727,3.7100000381469727,0
2014-10-10,3.7100000381469727,3.7100000381469727,3.7100000381469727,3.7100000381469727,0
2014-10-13,4.071000099182129,3.7100000381469727,3.7100000381469727,4.071000099182129,500
2014-10-14,4.071000099182129,4.071000099182129,4.071000099182129,4.071000099182129,0
2014-10-15,4.071000099182129,4.071000099182129,4.071000099182129,4.071000099182129,0
2014-10-16,4.071000099182129,3.8269999027252197,4.071000099182129,3.8269999027252197,0
2014-10-17,3.8299999237060547,3.8299999237060547,3.8299999237060547,3.8299999237060547,0
2014-10-20,3.8299999237060547,3.8299999237060547,3.8299999237060547,3.8299999237060547,0
2014-10-21,3.8299999237060547,3.8299999237060547,3.8299999237060547,3.8299999237060547,0
2014-10-22,4.0,3.8299999237060547,3.8299999237060547,4.0,0
2014-10-23,4.0,4.0,4.0,4.0,0
2014-10-24,4.0,4.0,4.0,4.0,0
2014-10-27,4.0,4.0,4.0,4.0,0
2014-10-28,4.25,4.0,4.0,4.25,0
2014-10-29,4.25,4.25,4.25,4.25,0
2014-10-30,4.25,4.25,4.25,4.25,0
2014-10-31,4.25,4.25,4.25,4.25,0
2014-11-03,4.25,4.25,4.25,4.25,0
2014-11-04,4.25,4.052999973297119,4.25,4.052999973297119,480
2014-11-05,4.052999973297119,4.052999973297119,4.052999973297119,4.052999973297119,0
2014-11-06,4.052999973297119,4.052999973297119,4.052999973297119,4.052999973297119,0
2014-11-07,4.052999973297119,4.052999973297119,4.052999973297119,4.052999973297119,0
2014-11-10,4.052999973297119,4.052999973297119,4.052999973297119,4.052999973297119,0
2014-11-11,4.052999973297119,3.690999984741211,4.052999973297119,3.690999984741211,470
2014-11-12,3.5199999809265137,3.5199999809265137,3.5199999809265137,3.5199999809265137,0
2014-11-13,3.8469998836517334,3.5199999809265137,3.5199999809265137,3.8469998836517334,30
2014-11-14,3.6449999809265137,3.6449999809265137,3.6449999809265137,3.6449999809265137,0
2014-11-17,3.6449999809265137,3.6449999809265137,3.6449999809265137,3.6449999809265137,0
2014-11-18,3.6449999809265137,3.6449999809265137,3.6449999809265137,3.6449999809265137,0
2014-11-19,3.6449999809265137,3.6449999809265137,3.6449999809265137,3.6449999809265137,0
2014-11-20,3.6449999809265137,3.6449999809265137,3.6449999809265137,3.6449999809265137,0
2014-11-21,3.6449999809265137,3.6449999809265137,3.6449999809265137,3.6449999809265137,0
2014-11-24,3.6449999809265137,3.6449999809265137,3.6449999809265137,3.6449999809265137,0
2014-11-25,3.6449999809265137,3.6449999809265137,3.6449999809265137,3.6449999809265137,0
2014-11-26,3.6449999809265137,3.6449999809265137,3.6449999809265137,3.6449999809265137,0
2014-11-28,3.6449999809265137,3.6449999809265137,3.6449999809265137,3.6449999809265137,0
2014-12-01,3.6449999809265137,3.6449999809265137,3.6449999809265137,3.6449999809265137,0
2014-12-02,4.0,3.6449999809265137,3.6449999809265137,4.0,1000
2014-12-03,3.7360000610351562,3.690999984741211,3.7360000610351562,3.690999984741211,0
2014-12-04,3.690999984741211,3.6630001068115234,3.690999984741211,3.6630001068115234,0
2014-12-05,3.6630001068115234,3.6630001068115234,3.6630001068115234,3.6630001068115234,0
2014-12-08,3.6630001068115234,3.6630001068115234,3.6630001068115234,3.6630001068115234,0
2014-12-09,3.6630001068115234,3.6449999809265137,3.6630001068115234,3.6449999809265137,0
2014-12-10,3.6500000953674316,3.6500000953674316,3.6500000953674316,3.6500000953674316,0
2014-12-11,3.6500000953674316,3.6500000953674316,3.6500000953674316,3.6500000953674316,0
2014-12-12,3.6500000953674316,3.6500000953674316,3.6500000953674316,3.6500000953674316,0
2014-12-26,3.240000009536743,3.240000009536743,3.240000009536743,3.240000009536743,0
2014-12-29,3.25,3.25,3.25,3.25,0
2014-12-30,3.2699999809265137,3.240000009536743,3.240000009536743,3.2699999809265137,251
2014-12-31,3.2699999809265137,3.2699999809265137,3.2699999809265137,3.2699999809265137,0
2015-01-02,3.299999952316284,3.2699999809265137,3.2699999809265137,3.299999952316284,251
2015-01-05,3.299999952316284,3.299999952316284,3.299999952316284,3.299999952316284,0
2015-01-06,3.299999952316284,3.299999952316284,3.299999952316284,3.299999952316284,0
2015-01-07,3.299999952316284,3.299999952316284,3.299999952316284,3.299999952316284,0
2015-01-08,3.5,3.4630000591278076,3.5,3.4630000591278076,0
2015-01-09,3.5,3.4630000591278076,3.5,3.4630000591278076,0
2015-01-12,3.5,3.5,3.5,3.5,0
2015-01-13,3.5,3.5,3.5,3.5,0
2015-01-14,3.5,3.5,3.5,3.5,0
2015-01-15,3.5,3.5,3.5,3.5,0
2015-01-16,3.5,3.5,3.5,3.5,0
2015-01-20,3.3380000591278076,3.316999912261963,3.3380000591278076,3.316999912261963,0
2015-01-21,3.2809998989105225,3.2809998989105225,3.2809998989105225,3.2809998989105225,0
2015-01-22,3.2809998989105225,3.2809998989105225,3.2809998989105225,3.2809998989105225,0
2015-01-23,3.25,3.25,3.25,3.25,0
2015-01-26,3.25,3.25,3.25,3.25,0
2015-01-27,3.25,3.234999895095825,3.25,3.234999895095825,0
2015-01-28,3.25,3.006999969482422,3.25,3.006999969482422,0
2015-01-29,3.25,3.25,3.25,3.25,0
2015-01-30,3.25,3.006999969482422,3.25,3.006999969482422,0
2015-02-02,2.990000009536743,2.7249999046325684,2.990000009536743,2.7249999046325684,300
2015-02-03,2.8380000591278076,2.5969998836517334,2.740000009536743,2.8380000591278076,450
2015-02-04,2.7070000171661377,2.7070000171661377,2.7070000171661377,2.7070000171661377,0
2015-02-05,2.7070000171661377,2.6429998874664307,2.7070000171661377,2.6429998874664307,0
2015-02-06,2.6429998874664307,2.6429998874664307,2.6429998874664307,2.6429998874664307,0
2015-02-09,2.8499999046325684,2.8499999046325684,2.8499999046325684,2.8499999046325684,0
2015-02-10,2.8499999046325684,2.687999963760376,2.8499999046325684,2.687999963760376,0
2015-02-11,2.8499999046325684,2.6429998874664307,2.8499999046325684,2.6429998874664307,0
2015-02-12,2.990000009536743,2.700000047683716,2.8499999046325684,2.700000047683716,5811
2015-02-13,2.8499999046325684,2.799999952316284,2.799999952316284,2.8499999046325684,701
2015-02-17,2.434000015258789,2.434000015258789,2.434000015258789,2.434000015258789,0
2015-02-18,2.450000047683716,2.434000015258789,2.434000015258789,2.450000047683716,0
2015-02-19,2.450000047683716,2.450000047683716,2.450000047683716,2.450000047683716,0
2015-02-20,2.450000047683716,2.187000036239624,2.450000047683716,2.390000104904175,600
2015-03-11,2.930999994277954,2.930999994277954,2.930999994277954,2.930999994277954,0
2015-03-12,2.930999994277954,2.930999994277954,2.930999994277954,2.930999994277954,0
2015-03-13,2.7950000762939453,2.7950000762939453,2.7950000762939453,2.7950000762939453,0
2015-03-16,2.9130001068115234,2.9130001068115234,2.9130001068115234,2.9130001068115234,0
2015-03-17,2.9130001068115234,2.9130001068115234,2.9130001068115234,2.9130001068115234,0
2015-03-18,2.9130001068115234,2.9130001068115234,2.9130001068115234,2.9130001068115234,0
2015-03-19,2.9130001068115234,2.9130001068115234,2.9130001068115234,2.9130001068115234,0
2015-03-20,3.0869998931884766,2.950000047683716,2.950000047683716,3.0869998931884766,0
2015-03-23,3.0869998931884766,3.0869998931884766,3.0869998931884766,3.0869998931884766,0
2015-03-24,3.0869998931884766,3.0869998931884766,3.0869998931884766,3.0869998931884766,0
2015-04-15,3.0,3.0,3.0,3.0,0
2015-04-16,3.0,2.950000047683716,3.0,2.950000047683716,3500
2015-04-17,2.812999963760376,2.812999963760376,2.812999963760376,2.812999963760376,0
2015-05-04,3.1500000953674316,2.825000047683716,2.825000047683716,3.1500000953674316,0
2015-05-05,3.1500000953674316,3.1500000953674316,3.1500000953674316,3.1500000953674316,0
2015-05-20,3.190000057220459,3.190000057220459,3.190000057220459,3.190000057220459,0
2015-06-01,3.1700000762939453,3.1700000762939453,3.1700000762939453,3.1700000762939453,0
2015-06-02,3.1700000762939453,3.1700000762939453,3.1700000762939453,3.1700000762939453,0
2015-06-03,3.1700000762939453,3.1700000762939453,3.1700000762939453,3.1700000762939453,0
2015-06-04,3.1700000762939453,3.1700000762939453,3.1700000762939453,3.1700000762939453,0
2015-06-05,3.1700000762939453,2.8889999389648438,3.1700000762939453,2.8889999389648438,0
2015-07-06,3.0,3.0,3.0,3.0,0
2015-07-07,3.0,3.0,3.0,3.0,0
2015-07-08,3.0,3.0,3.0,3.0,0
2015-07-09,3.0,3.0,3.0,3.0,0
2015-07-10,3.0,3.0,3.0,3.0,0
2015-07-27,2.9619998931884766,2.9159998893737793,2.9619998931884766,2.9159998893737793,0
2015-07-28,2.9619998931884766,2.9619998931884766,2.9619998931884766,2.9619998931884766,0
2015-09-14,2.4609999656677246,2.4609999656677246,2.4609999656677246,2.4609999656677246,0
2015-09-15,2.4609999656677246,2.4609999656677246,2.4609999656677246,2.4609999656677246,0
2015-09-16,2.4609999656677246,2.4609999656677246,2.4609999656677246,2.4609999656677246,0
2015-09-17,2.4609999656677246,2.4609999656677246,2.4609999656677246,2.4609999656677246,0
2015-09-18,2.4609999656677246,2.4609999656677246,2.4609999656677246,2.4609999656677246,0
2015-09-21,2.4609999656677246,2.4609999656677246,2.4609999656677246,2.4609999656677246,0
2015-09-22,2.4609999656677246,2.4609999656677246,2.4609999656677246,2.4609999656677246,0
2015-09-23,2.3469998836517334,2.3469998836517334,2.3469998836517334,2.3469998836517334,0
2015-10-16,2.0869998931884766,2.0869998931884766,2.0869998931884766,2.0869998931884766,0
2015-10-19,2.0869998931884766,2.0869998931884766,2.0869998931884766,2.0869998931884766,0
2015-10-20,1.899999976158142,1.899999976158142,1.899999976158142,1.899999976158142,0
2015-10-21,1.899999976158142,1.8869999647140503,1.899999976158142,1.8869999647140503,0
2015-10-22,1.899999976158142,1.899999976158142,1.899999976158142,1.899999976158142,0
2015-10-23,1.899999976158142,1.899999976158142,1.899999976158142,1.899999976158142,0
2015-10-26,1.899999976158142,1.899999976158142,1.899999976158142,1.899999976158142,0
2015-11-09,1.9500000476837158,1.9500000476837158,1.9500000476837158,1.9500000476837158,0
2015-11-10,2.0,2.0,2.0,2.0,0
2015-11-11,2.0,2.0,2.0,2.0,0
2015-11-12,2.0,2.0,2.0,2.0,0
2015-11-13,2.0,2.0,2.0,2.0,0
2015-11-16,2.0,2.0,2.0,2.0,0
2015-11-17,2.0,2.0,2.0,2.0,0
2015-11-18,2.0,2.0,2.0,2.0,0
2015-11-19,2.0,2.0,2.0,2.0,0
2015-11-20,1.9500000476837158,1.9500000476837158,1.9500000476837158,1.9500000476837158,0
2015-12-03,1.7000000476837158,1.7000000476837158,1.7000000476837158,1.7000000476837158,0
2015-12-04,1.7000000476837158,1.7000000476837158,1.7000000476837158,1.7000000476837158,0
2015-12-07,1.7000000476837158,1.7000000476837158,1.7000000476837158,1.7000000476837158,0
2015-12-08,1.7000000476837158,1.7000000476837158,1.7000000476837158,1.7000000476837158,0
2015-12-09,1.6799999475479126,1.6799999475479126,1.6799999475479126,1.6799999475479126,0
2015-12-10,1.7000000476837158,1.7000000476837158,1.7000000476837158,1.7000000476837158,0
2015-12-11,1.6799999475479126,1.6799999475479126,1.6799999475479126,1.6799999475479126,0
2015-12-14,1.7000000476837158,1.621000051498413,1.7000000476837158,1.621000051498413,580
2015-12-15,1.6009999513626099,1.6009999513626099,1.6009999513626099,1.6009999513626099,0
2015-12-16,1.6009999513626099,1.6009999513626099,1.6009999513626099,1.6009999513626099,0
2015-12-17,1.6009999513626099,1.5260000228881836,1.6009999513626099,1.5260000228881836,0
2015-12-18,1.5260000228881836,1.5260000228881836,1.5260000228881836,1.5260000228881836,0
2015-12-21,1.4600000381469727,1.4600000381469727,1.4600000381469727,1.4600000381469727,0
2015-12-22,1.4600000381469727,1.4600000381469727,1.4600000381469727,1.4600000381469727,0
2015-12-23,1.4600000381469727,1.4600000381469727,1.4600000381469727,1.4600000381469727,0
2015-12-24,1.4600000381469727,1.4600000381469727,1.4600000381469727,1.4600000381469727,0
2015-12-28,1.4600000381469727,1.4600000381469727,1.4600000381469727,1.4600000381469727,0
2015-12-29,1.4600000381469727,1.4600000381469727,1.4600000381469727,1.4600000381469727,0
2016-01-11,1.4600000381469727,1.4600000381469727,1.4600000381469727,1.4600000381469727,0
2016-01-12,1.3289999961853027,1.315000057220459,1.3289999961853027,1.315000057220459,0
2016-01-13,1.315000057220459,1.315000057220459,1.315000057220459,1.315000057220459,0
2016-01-14,1.215000033378601,1.215000033378601,1.215000033378601,1.215000033378601,0
2016-01-15,1.215000033378601,1.215000033378601,1.215000033378601,1.215000033378601,0
2016-01-19,1.1649999618530273,1.1649999618530273,1.1649999618530273,1.1649999618530273,0
2016-01-20,1.1649999618530273,1.1649999618530273,1.1649999618530273,1.1649999618530273,0
2016-01-21,1.1649999618530273,1.1649999618530273,1.1649999618530273,1.1649999618530273,0
2016-01-22,1.1649999618530273,1.1649999618530273,1.1649999618530273,1.1649999618530273,0
2016-01-25,1.1649999618530273,1.1649999618530273,1.1649999618530273,1.1649999618530273,0
2016-01-26,1.1649999618530273,1.1649999618530273,1.1649999618530273,1.1649999618530273,0
2016-01-27,2.5439999103546143,2.5439999103546143,2.5439999103546143,2.5439999103546143,0
2016-01-28,1.184999942779541,1.184999942779541,1.184999942779541,1.184999942779541,0
2016-01-29,1.184999942779541,1.184999942779541,1.184999942779541,1.184999942779541,0
2016-02-01,1.184999942779541,1.184999942779541,1.184999942779541,1.184999942779541,0
2016-02-02,1.1649999618530273,1.1649999618530273,1.1649999618530273,1.1649999618530273,0
2016-02-03,1.1649999618530273,1.1649999618530273,1.1649999618530273,1.1649999618530273,0
2016-02-04,1.1649999618530273,1.1649999618530273,1.1649999618530273,1.1649999618530273,0
2016-02-05,1.1649999618530273,1.1169999837875366,1.1649999618530273,1.1169999837875366,0
2016-02-08,1.1169999837875366,1.1169999837875366,1.1169999837875366,1.1169999837875366,0
2016-02-09,1.065000057220459,1.065000057220459,1.065000057220459,1.065000057220459,0
2016-02-10,1.065000057220459,1.065000057220459,1.065000057220459,1.065000057220459,0
2016-02-11,1.1649999618530273,1.1649999618530273,1.1649999618530273,1.1649999618530273,0
2016-02-12,1.1649999618530273,1.1649999618530273,1.1649999618530273,1.1649999618530273,0
2016-02-16,1.1649999618530273,1.1649999618530273,1.1649999618530273,1.1649999618530273,0
2016-02-17,1.1649999618530273,1.1649999618530273,1.1649999618530273,1.1649999618530273,0
2016-02-18,1.1649999618530273,1.1299999952316284,1.1649999618530273,1.1299999952316284,0
2016-02-19,1.1100000143051147,1.1100000143051147,1.1100000143051147,1.1100000143051147,0
2016-02-22,1.1100000143051147,1.1100000143051147,1.1100000143051147,1.1100000143051147,0
2016-02-23,1.1100000143051147,1.1100000143051147,1.1100000143051147,1.1100000143051147,0
2016-02-24,1.1100000143051147,1.1100000143051147,1.1100000143051147,1.1100000143051147,0
2016-02-25,1.1100000143051147,1.1100000143051147,1.1100000143051147,1.1100000143051147,0
2016-02-26,1.1100000143051147,1.1100000143051147,1.1100000143051147,1.1100000143051147,0
2016-02-29,1.1100000143051147,1.1100000143051147,1.1100000143051147,1.1100000143051147,0
2016-03-01,1.1100000143051147,1.1100000143051147,1.1100000143051147,1.1100000143051147,0
2016-03-02,1.2730000019073486,1.2730000019073486,1.2730000019073486,1.2730000019073486,0
2016-03-03,1.2730000019073486,1.2730000019073486,1.2730000019073486,1.2730000019073486,0
2016-03-04,1.2200000286102295,1.215000033378601,1.215000033378601,1.2200000286102295,0
2016-03-07,1.2200000286102295,1.2200000286102295,1.2200000286102295,1.2200000286102295,0
2016-03-08,1.2200000286102295,1.2200000286102295,1.2200000286102295,1.2200000286102295,0
2016-03-09,1.2200000286102295,1.2200000286102295,1.2200000286102295,1.2200000286102295,0
2016-03-10,1.2300000190734863,1.2300000190734863,1.2300000190734863,1.2300000190734863,0
2016-03-11,1.3619999885559082,1.3619999885559082,1.3619999885559082,1.3619999885559082,0
2016-03-23,1.3109999895095825,1.3109999895095825,1.3109999895095825,1.3109999895095825,0
2016-04-04,1.4600000381469727,1.4600000381469727,1.4600000381469727,1.4600000381469727,0
2016-04-05,1.4600000381469727,1.3309999704360962,1.3309999704360962,1.4600000381469727,3200
2016-04-06,1.3799999952316284,1.3730000257492065,1.3730000257492065,1.3799999952316284,0
2016-04-07,1.3730000257492065,1.3730000257492065,1.3730000257492065,1.3730000257492065,0
2016-04-08,1.3730000257492065,1.3730000257492065,1.3730000257492065,1.3730000257492065,0
2016-04-11,1.5099999904632568,1.5099999904632568,1.5099999904632568,1.5099999904632568,0
2016-04-12,1.409999966621399,1.409999966621399,1.409999966621399,1.409999966621399,0
2016-04-13,1.409999966621399,1.409999966621399,1.409999966621399,1.409999966621399,0
2016-04-14,1.5420000553131104,1.5420000553131104,1.5420000553131104,1.5420000553131104,0
2016-04-15,1.5420000553131104,1.5420000553131104,1.5420000553131104,1.5420000553131104,0
2016-04-18,1.315000057220459,1.315000057220459,1.315000057220459,1.315000057220459,0
2016-04-19,1.5800000429153442,1.5800000429153442,1.5800000429153442,1.5800000429153442,0
2016-04-20,1.590000033378601,1.5800000429153442,1.5800000429153442,1.590000033378601,0
2016-04-21,1.5800000429153442,1.5800000429153442,1.5800000429153442,1.5800000429153442,0
2016-04-22,1.7300000190734863,1.7300000190734863,1.7300000190734863,1.7300000190734863,0
2016-04-25,1.8040000200271606,1.8040000200271606,1.8040000200271606,1.8040000200271606,0
2016-04-26,1.8040000200271606,1.8040000200271606,1.8040000200271606,1.8040000200271606,0
2016-04-27,1.809999942779541,1.8040000200271606,1.8040000200271606,1.809999942779541,0
2016-04-28,1.8799999952316284,1.8799999952316284,1.8799999952316284,1.8799999952316284,0
2016-04-29,1.8799999952316284,1.8799999952316284,1.8799999952316284,1.8799999952316284,0
2016-05-02,1.8799999952316284,1.7120000123977661,1.8799999952316284,1.7120000123977661,0
2016-05-03,1.7120000123977661,1.7120000123977661,1.7120000123977661,1.7120000123977661,0
2016-05-04,1.8730000257492065,1.7120000123977661,1.7120000123977661,1.8730000257492065,0
2016-05-05,1.7120000123977661,1.7120000123977661,1.7120000123977661,1.7120000123977661,0
2016-05-06,1.840000033378601,1.840000033378601,1.840000033378601,1.840000033378601,0
2016-05-09,1.840000033378601,1.840000033378601,1.840000033378601,1.840000033378601,0
2016-05-10,1.840000033378601,1.840000033378601,1.840000033378601,1.840000033378601,0
2016-05-11,1.840000033378601,1.840000033378601,1.840000033378601,1.840000033378601,0
2016-05-12,1.840000033378601,1.840000033378601,1.840000033378601,1.840000033378601,0
2016-05-13,1.840000033378601,1.840000033378601,1.840000033378601,1.840000033378601,0
2016-05-26,1.8600000143051147,1.8600000143051147,1.8600000143051147,1.8600000143051147,0
2016-05-27,1.8600000143051147,1.8600000143051147,1.8600000143051147,1.8600000143051147,0
2016-05-31,1.8600000143051147,1.8600000143051147,1.8600000143051147,1.8600000143051147,0
2016-06-01,1.8600000143051147,1.8600000143051147,1.8600000143051147,1.8600000143051147,0
2016-06-02,1.8600000143051147,1.8600000143051147,1.8600000143051147,1.8600000143051147,0
2016-06-03,2.0199999809265137,1.840000033378601,1.840000033378601,2.0199999809265137,0
2016-06-06,2.0320000648498535,1.937999963760376,2.0320000648498535,1.937999963760376,50
2016-06-07,2.130000114440918,1.9179999828338623,1.9179999828338623,2.130000114440918,0
2016-06-08,2.130000114440918,2.130000114440918,2.130000114440918,2.130000114440918,0
2016-06-09,2.130000114440918,2.130000114440918,2.130000114440918,2.130000114440918,0
2016-06-10,2.130000114440918,2.130000114440918,2.130000114440918,2.130000114440918,0
2016-06-13,2.130000114440918,2.130000114440918,2.130000114440918,2.130000114440918,0
2016-06-14,2.430000066757202,2.130000114440918,2.130000114440918,2.430000066757202,0
2016-06-15,2.430000066757202,2.430000066757202,2.430000066757202,2.430000066757202,0
2016-06-16,2.430000066757202,2.430000066757202,2.430000066757202,2.430000066757202,0
2016-06-17,2.430000066757202,2.430000066757202,2.430000066757202,2.430000066757202,0
2016-06-20,2.450000047683716,2.450000047683716,2.450000047683716,2.450000047683716,0
2016-06-21,2.450000047683716,2.450000047683716,2.450000047683716,2.450000047683716,0
2016-06-22,2.450000047683716,2.450000047683716,2.450000047683716,2.450000047683716,620
2016-06-23,2.2130000591278076,2.2130000591278076,2.2130000591278076,2.2130000591278076,0
2016-06-24,2.2130000591278076,2.2130000591278076,2.2130000591278076,2.2130000591278076,0
2016-07-26,2.8440001010894775,2.7139999866485596,2.7869999408721924,2.8389999866485596,41428
2016-09-28,2.2769999504089355,2.2769999504089355,2.2769999504089355,2.2769999504089355,0
