Date,High_DNA,Low_DNA,Open_DNA,Close_DNA,Volume_DNA
2021-04-19,10.890000343322754,10.020000457763672,10.609999656677246,10.119999885559082,1439000
2021-04-20,10.229999542236328,10.0,10.199999809265137,10.149999618530273,2208300
2021-04-21,10.220000267028809,10.0600004196167,10.149999618530273,10.220000267028809,1901500
2021-04-22,10.420000076293945,10.15999984741211,10.239999771118164,10.279999732971191,1598800
2021-04-23,10.460000038146973,10.314000129699707,10.399999618530273,10.369999885559082,1271500
2021-04-26,10.619999885559082,10.220000267028809,10.420000076293945,10.260000228881836,1031700
2021-04-27,10.369999885559082,10.220000267028809,10.319999694824219,10.300000190734863,1303200
2021-04-28,10.34000015258789,10.229999542236328,10.289999961853027,10.260000228881836,1367300
2021-04-29,10.300000190734863,10.220000267028809,10.239999771118164,10.279999732971191,877500
2021-04-30,10.289999961853027,10.170000076293945,10.279999732971191,10.239999771118164,1047000
2021-05-03,10.25,10.100000381469727,10.239999771118164,10.149999618530273,1212600
2021-05-04,10.170000076293945,10.029999732971191,10.100000381469727,10.149999618530273,1160600
2021-05-05,10.199999809265137,10.079999923706055,10.100000381469727,10.149999618530273,1181100
2021-05-06,10.15999984741211,10.0,10.15999984741211,10.029999732971191,2012300
2021-05-07,10.079999923706055,9.989999771118164,10.029999732971191,10.0600004196167,1138100
2021-05-10,10.039999961853027,9.930000305175781,10.039999961853027,9.9399995803833,2006000
2021-05-11,9.960000038146973,9.84000015258789,9.930000305175781,9.869999885559082,24772400
2021-05-12,9.949999809265137,9.869999885559082,9.930000305175781,9.890000343322754,7942400
2021-05-13,9.930000305175781,9.859999656677246,9.920000076293945,9.880000114440918,5742200
2021-05-14,9.942999839782715,9.864999771118164,9.890000343322754,9.899999618530273,7314900
2021-05-17,9.920000076293945,9.869999885559082,9.920000076293945,9.890000343322754,1939200
2021-05-18,9.90999984741211,9.859999656677246,9.890000343322754,9.869999885559082,1609900
2021-05-19,9.880000114440918,9.850000381469727,9.850000381469727,9.850000381469727,1957800
2021-05-20,9.890000343322754,9.84000015258789,9.84000015258789,9.880000114440918,2310300
2021-05-21,9.9399995803833,9.859999656677246,9.9399995803833,9.890000343322754,4245600
2021-05-24,9.90999984741211,9.859999656677246,9.899999618530273,9.869999885559082,1478600
2021-05-25,9.899999618530273,9.850000381469727,9.859999656677246,9.890000343322754,1455800
2021-05-26,9.890000343322754,9.850000381469727,9.880000114440918,9.890000343322754,2002000
2021-05-27,9.890000343322754,9.859999656677246,9.890000343322754,9.880000114440918,757400
2021-05-28,9.880000114440918,9.854999542236328,9.859999656677246,9.869999885559082,1343000
2021-06-01,9.880000114440918,9.859999656677246,9.869999885559082,9.869999885559082,1188200
2021-06-02,9.880000114440918,9.850000381469727,9.869999885559082,9.869999885559082,1101800
2021-06-03,9.869999885559082,9.850000381469727,9.859999656677246,9.869999885559082,1033300
2021-06-04,9.880000114440918,9.850000381469727,9.859999656677246,9.869999885559082,2787400
2021-06-07,9.899999618530273,9.859999656677246,9.859999656677246,9.890000343322754,1802300
2021-06-08,9.960000038146973,9.869999885559082,9.890000343322754,9.899999618530273,3059800
2021-06-09,9.949999809265137,9.890000343322754,9.949999809265137,9.899999618530273,3760600
2021-06-10,10.055000305175781,9.930000305175781,9.949999809265137,10.0,3732800
2021-06-11,10.03499984741211,9.96500015258789,10.0,10.010000228881836,2838500
2021-06-14,10.039999961853027,9.899999618530273,10.039999961853027,9.930000305175781,3207400
2021-06-15,9.949999809265137,9.90999984741211,9.920000076293945,9.930000305175781,1685600
2021-06-16,9.9399995803833,9.909000396728516,9.920000076293945,9.920000076293945,1038800
2021-06-17,9.930000305175781,9.880000114440918,9.914999961853027,9.90999984741211,796600
2021-06-18,9.90999984741211,9.880000114440918,9.90999984741211,9.899999618530273,805100
2021-06-21,9.930000305175781,9.890000343322754,9.920000076293945,9.90999984741211,990400
2021-06-22,9.920000076293945,9.890000343322754,9.90999984741211,9.90999984741211,774000
2021-06-23,9.925000190734863,9.890000343322754,9.90999984741211,9.90999984741211,761200
2021-06-24,9.991000175476074,9.90999984741211,9.920000076293945,9.989999771118164,5563200
2021-06-25,10.0,9.90999984741211,9.982000350952148,9.930000305175781,1665800
2021-06-28,9.979999542236328,9.90999984741211,9.949999809265137,9.930000305175781,2685100
2021-06-29,9.989999771118164,9.925000190734863,9.9399995803833,9.979999542236328,4327200
2021-06-30,9.989999771118164,9.949999809265137,9.989999771118164,9.960000038146973,810100
2021-07-01,10.020000457763672,9.949999809265137,9.970000267028809,9.960000038146973,975500
2021-07-02,10.050000190734863,9.979999542236328,9.989999771118164,10.029999732971191,3237400
2021-07-06,10.050000190734863,9.989999771118164,10.039999961853027,10.010000228881836,1319500
2021-07-07,10.010000228881836,9.960000038146973,10.010000228881836,9.979999542236328,857400
2021-07-08,9.949999809265137,9.890000343322754,9.930000305175781,9.90999984741211,2434200
2021-07-09,10.03499984741211,9.899999618530273,9.930000305175781,9.989999771118164,2620600
2021-07-12,10.0,9.9399995803833,9.989999771118164,9.949999809265137,824400
2021-07-13,9.979999542236328,9.920000076293945,9.9399995803833,9.9399995803833,756000
2021-07-14,9.949999809265137,9.899999618530273,9.930000305175781,9.90999984741211,2225700
2021-07-15,9.970000267028809,9.890000343322754,9.90999984741211,9.930000305175781,3378800
2021-07-16,9.939000129699707,9.890000343322754,9.920000076293945,9.90999984741211,1668600
2021-07-19,9.9350004196167,9.875,9.895999908447266,9.920000076293945,2235400
2021-07-20,9.920000076293945,9.869999885559082,9.920000076293945,9.899999618530273,1507500
2021-07-21,9.960000038146973,9.899999618530273,9.920000076293945,9.9399995803833,1119500
2021-07-22,9.970000267028809,9.90999984741211,9.949999809265137,9.930000305175781,2294500
2021-07-23,9.9399995803833,9.899999618530273,9.9399995803833,9.90999984741211,4894400
2021-07-26,9.930000305175781,9.890000343322754,9.920000076293945,9.899999618530273,4291700
2021-07-27,9.899999618530273,9.859999656677246,9.890000343322754,9.890000343322754,2695300
2021-07-28,9.890000343322754,9.859000205993652,9.880000114440918,9.859999656677246,1157500
2021-07-29,9.880000114440918,9.829999923706055,9.869999885559082,9.850000381469727,3327400
2021-07-30,9.914999961853027,9.850000381469727,9.859999656677246,9.869999885559082,1648900
2021-08-02,9.90999984741211,9.859999656677246,9.90999984741211,9.869999885559082,584400
2021-08-03,9.899999618530273,9.869999885559082,9.880000114440918,9.890000343322754,1090500
2021-08-04,9.9399995803833,9.869999885559082,9.880000114440918,9.899999618530273,11405600
2021-08-05,9.970000267028809,9.920000076293945,9.949999809265137,9.949999809265137,9792900
2021-08-06,10.010000228881836,9.949999809265137,9.960000038146973,10.010000228881836,13231200
2021-08-09,10.010000228881836,9.979999542236328,10.010000228881836,10.0,22695200
2021-08-10,10.0600004196167,10.010000228881836,10.039999961853027,10.050000190734863,13867900
2021-08-11,10.270000457763672,10.050000190734863,10.074000358581543,10.09000015258789,15342100
2021-08-12,10.170000076293945,10.0,10.119999885559082,10.029999732971191,7220000
2021-08-13,10.039999961853027,9.970000267028809,10.03600025177002,9.979999542236328,7673100
2021-08-16,10.020000457763672,9.960000038146973,10.0,9.960000038146973,5138100
2021-08-17,10.005000114440918,9.949999809265137,9.979999542236328,9.970000267028809,5267400
2021-08-18,10.0,9.960000038146973,9.979999542236328,9.970000267028809,4241700
2021-08-19,9.989999771118164,9.949999809265137,9.960000038146973,9.970000267028809,6633000
2021-08-20,9.979999542236328,9.9399995803833,9.960000038146973,9.949999809265137,2336300
2021-08-23,9.975000381469727,9.9399995803833,9.960000038146973,9.949999809265137,4050100
2021-08-24,9.979999542236328,9.949999809265137,9.949999809265137,9.949999809265137,4546500
2021-08-25,9.979999542236328,9.949999809265137,9.970000267028809,9.979999542236328,4335500
2021-08-26,9.979999542236328,9.960000038146973,9.979999542236328,9.970000267028809,1911700
2021-08-27,9.979999542236328,9.960000038146973,9.96500015258789,9.970000267028809,8779200
2021-08-30,9.979999542236328,9.960000038146973,9.960000038146973,9.960000038146973,2058600
2021-08-31,9.979999542236328,9.960000038146973,9.960000038146973,9.970000267028809,6482600
2021-09-01,9.979999542236328,9.960000038146973,9.979999542236328,9.970000267028809,4779500
2021-09-02,9.979999542236328,9.970000267028809,9.970000267028809,9.975000381469727,1249800
2021-09-03,10.050000190734863,9.970000267028809,9.979999542236328,9.979999542236328,6985300
2021-09-07,10.0,9.960000038146973,9.979999542236328,9.960000038146973,9036100
2021-09-08,10.020000457763672,9.739999771118164,9.960000038146973,9.930000305175781,15323400
2021-09-09,10.010000228881836,9.800999641418457,9.899999618530273,9.9399995803833,4318800
2021-09-10,10.020000457763672,9.8100004196167,9.970000267028809,9.8100004196167,3661100
2021-09-13,9.880000114440918,8.899999618530273,9.880000114440918,9.149999618530273,6504900
2021-09-14,10.819999694824219,9.25,9.260000228881836,9.869999885559082,10614600
2021-09-15,10.319999694824219,9.75,9.899999618530273,10.130000114440918,3320200
2021-09-16,11.5,10.010000228881836,10.1899995803833,11.420000076293945,7596500
2021-09-17,14.25,11.100000381469727,11.149999618530273,12.180000305175781,19584000
2021-09-20,12.5,10.800000190734863,12.050000190734863,11.109999656677246,9354600
2021-09-21,12.390000343322754,11.380000114440918,11.600000381469727,11.699999809265137,8749300
2021-09-22,12.960000038146973,11.779999732971191,12.109999656677246,11.869999885559082,7678900
2021-09-23,12.710000038146973,11.850000381469727,12.199999809265137,12.300000190734863,5887200
2021-09-24,12.789999961853027,11.90999984741211,12.229999542236328,12.600000381469727,3967200
2021-09-27,13.739999771118164,12.880000114440918,13.0600004196167,13.279999732971191,6148700
2021-09-28,13.130000114440918,12.149999618530273,13.0,12.869999885559082,8053900
2021-09-29,13.109999656677246,12.010000228881836,13.0,12.199999809265137,7505600
2021-09-30,12.289999961853027,11.40999984741211,12.239999771118164,11.59000015258789,7117000
2021-10-01,11.720000267028809,11.199999809265137,11.65999984741211,11.510000228881836,9818500
2021-10-04,11.725000381469727,11.25,11.649999618530273,11.380000114440918,12102000
2021-10-05,12.270000457763672,11.369999885559082,11.649999618530273,11.979999542236328,6833700
2021-10-06,11.75,9.130000114440918,11.489999771118164,10.59000015258789,60428400
2021-10-07,11.649999618530273,10.59000015258789,10.720000267028809,11.220000267028809,20946900
2021-10-08,11.149999618530273,10.319999694824219,11.119999885559082,10.329999923706055,9224800
2021-10-11,10.460000038146973,9.4399995803833,10.4399995803833,9.470000267028809,5234200
2021-10-12,11.270000457763672,9.640000343322754,9.680000305175781,10.829999923706055,16754100
2021-10-13,11.680000305175781,10.239999771118164,11.119999885559082,10.25,4773500
2021-10-14,11.859999656677246,10.569999694824219,10.649999618530273,11.630000114440918,6214400
2021-10-15,12.185999870300293,11.3100004196167,11.800000190734863,11.90999984741211,7825000
2021-10-18,12.420000076293945,11.399999618530273,11.789999961853027,12.319999694824219,6447300
2021-10-19,14.880000114440918,12.170000076293945,12.329999923706055,14.8100004196167,15424800
2021-10-20,14.699999809265137,13.109999656677246,14.59000015258789,13.770000457763672,6934500
2021-10-21,13.829999923706055,12.850000381469727,13.760000228881836,13.210000038146973,6182400
2021-10-22,13.859999656677246,12.199999809265137,13.210000038146973,13.140000343322754,5639000
2021-10-25,14.699999809265137,13.039999961853027,13.260000228881836,14.279999732971191,5973000
2021-10-26,15.350000381469727,14.050000190734863,14.279999732971191,14.479999542236328,4494100
2021-10-27,14.729999542236328,13.729999542236328,14.550000190734863,14.329999923706055,2801000
2021-10-28,15.449999809265137,14.010000228881836,14.420000076293945,14.279999732971191,4867400
2021-10-29,14.369999885559082,13.600000381469727,14.220000267028809,13.819999694824219,1785400
2021-11-01,14.1899995803833,13.350000381469727,13.90999984741211,13.789999961853027,3570400
2021-11-02,13.9399995803833,13.039999961853027,13.859999656677246,13.399999618530273,3564100
2021-11-03,14.418999671936035,13.25,13.350000381469727,14.1899995803833,4970600
2021-11-04,14.739999771118164,14.09000015258789,14.199999809265137,14.40999984741211,2364000
2021-11-05,14.369999885559082,13.550000190734863,14.270000457763672,13.949999809265137,1747000
2021-11-08,15.029999732971191,14.0,14.069999694824219,14.920000076293945,2938500
2021-11-09,15.86400032043457,14.520000457763672,15.130000114440918,14.920000076293945,5185700
2021-11-10,15.619999885559082,13.600000381469727,14.640000343322754,13.619999885559082,3293600
2021-11-11,14.220000267028809,13.4399995803833,13.9399995803833,13.479999542236328,2317500
2021-11-12,14.399999618530273,12.739999771118164,13.979999542236328,12.899999618530273,6538700
2021-11-15,13.25,12.239999771118164,12.949999809265137,12.970000267028809,6061700
2021-11-16,14.199999809265137,12.979999542236328,13.010000228881836,14.0,6154200
2021-11-17,14.109999656677246,13.300000190734863,13.960000038146973,13.59000015258789,4396100
2021-11-18,13.670000076293945,11.949999809265137,13.5600004196167,11.979999542236328,6791400
2021-11-19,13.539999961853027,11.829999923706055,12.260000228881836,13.449999809265137,9342800
2021-11-22,13.739999771118164,12.859999656677246,13.270000457763672,13.489999771118164,3645600
2021-11-23,13.09000015258789,11.890000343322754,12.960000038146973,12.100000381469727,3634500
2021-11-24,12.109999656677246,11.8100004196167,12.039999961853027,12.0,3350300
2021-11-26,12.350000381469727,11.449999809265137,11.449999809265137,12.0600004196167,3451300
2021-11-29,12.479999542236328,11.680000305175781,12.470000267028809,12.039999961853027,3476000
2021-11-30,12.109999656677246,11.300000190734863,11.859999656677246,11.869999885559082,5885000
2021-12-01,12.119999885559082,11.390000343322754,11.869999885559082,11.390000343322754,6074900
2021-12-02,11.40999984741211,9.729999542236328,11.300000190734863,10.220000267028809,12871100
2021-12-03,10.270000457763672,7.909999847412109,10.260000228881836,8.649999618530273,24002500
2021-12-06,9.75,8.25,8.75,9.739999771118164,19411400
2021-12-07,10.104999542236328,9.510000228881836,10.0,9.979999542236328,13546700
2021-12-08,10.569999694824219,9.800000190734863,9.800000190734863,10.15999984741211,8578600
2021-12-09,10.479999542236328,9.890000343322754,10.0,9.890000343322754,6976500
2021-12-10,10.510000228881836,10.020000457763672,10.359999656677246,10.069999694824219,7315700
2021-12-13,10.75,9.8100004196167,9.979999542236328,10.109999656677246,7955600
2021-12-14,10.300000190734863,9.220000267028809,9.729999542236328,9.5,8118300
2021-12-15,10.96500015258789,9.420000076293945,9.420000076293945,10.850000381469727,12896400
2021-12-16,11.65999984741211,10.34000015258789,10.913999557495117,10.479999542236328,12798800
2021-12-17,11.470000267028809,9.720000267028809,10.300000190734863,11.170000076293945,59287300
2021-12-20,11.220000267028809,10.289999961853027,10.829999923706055,11.0600004196167,7501500
2021-12-21,11.550000190734863,11.045000076293945,11.239999771118164,11.3100004196167,6082200
2021-12-22,11.40999984741211,10.9399995803833,11.239999771118164,11.069999694824219,4733600
2021-12-23,11.079999923706055,10.579999923706055,11.029999732971191,10.670000076293945,5481900
2021-12-27,10.760000228881836,9.729999542236328,10.760000228881836,9.729999542236328,4855900
2021-12-28,9.970000267028809,9.125,9.710000038146973,9.149999618530273,6275400
2021-12-29,9.15999984741211,8.65999984741211,9.15999984741211,8.880000114440918,5607500
2021-12-30,9.34000015258789,8.789999961853027,8.9399995803833,8.970000267028809,5548900
2021-12-31,9.029999732971191,8.300000190734863,8.970000267028809,8.3100004196167,6031700
2022-01-03,8.770000457763672,7.953000068664551,8.399999618530273,8.6899995803833,6478400
2022-01-04,8.760000228881836,7.75,8.6899995803833,7.980000019073486,12088000
2022-01-05,7.920000076293945,6.929999828338623,7.909999847412109,6.989999771118164,11838900
2022-01-06,7.065000057220459,6.599999904632568,7.010000228881836,6.900000095367432,12911000
2022-01-07,7.369999885559082,6.679999828338623,7.03000020980835,6.820000171661377,10333100
2022-01-10,6.789999961853027,6.135000228881836,6.789999961853027,6.710000038146973,9999400
2022-01-11,7.119999885559082,6.579999923706055,6.710000038146973,6.829999923706055,6488300
2022-01-12,7.269999980926514,6.244999885559082,7.139999866485596,6.260000228881836,12319900
2022-01-13,6.380000114440918,5.78000020980835,6.210000038146973,6.139999866485596,14920500
2022-01-14,6.420000076293945,5.625,6.110000133514404,5.789999961853027,13329600
2022-01-18,5.650000095367432,5.210000038146973,5.610000133514404,5.300000190734863,13749200
2022-01-19,5.429999828338623,5.0,5.409999847412109,5.039999961853027,13061200
2022-01-20,5.440000057220459,5.059999942779541,5.130000114440918,5.099999904632568,13784600
2022-01-21,5.659999847412109,5.010000228881836,5.090000152587891,5.28000020980835,20626700
2022-01-24,5.159999847412109,4.3429999351501465,5.039999961853027,5.130000114440918,18730000
2022-01-25,5.110000133514404,4.659999847412109,4.900000095367432,4.829999923706055,11889100
2022-01-26,5.329999923706055,4.684999942779541,5.050000190734863,4.769999980926514,15962500
2022-01-27,4.96999979019165,4.639999866485596,4.860000133514404,4.650000095367432,11898500
2022-01-28,5.070000171661377,4.409999847412109,4.760000228881836,4.96999979019165,12515500
2022-01-31,6.010000228881836,5.0,5.0,5.980000019073486,14039000
2022-02-01,6.21999979019165,5.550000190734863,6.039999961853027,6.21999979019165,16018900
2022-02-02,6.380000114440918,5.849999904632568,6.25,6.139999866485596,15943500
2022-02-03,5.909999847412109,5.585000038146973,5.849999904632568,5.739999771118164,13604400
2022-02-04,6.114999771118164,5.630000114440918,5.630000114440918,6.039999961853027,11750800
2022-02-07,6.309999942779541,5.980000019073486,6.0,6.099999904632568,13610800
2022-02-08,6.159999847412109,5.389999866485596,5.929999828338623,5.400000095367432,12571400
2022-02-09,5.96999979019165,5.385000228881836,5.5,5.889999866485596,18161600
2022-02-10,6.300000190734863,5.599999904632568,5.639999866485596,5.760000228881836,13850600
2022-02-11,6.010000228881836,5.25,5.800000190734863,5.440000057220459,11040200
2022-02-14,5.480000019073486,5.079999923706055,5.320000171661377,5.170000076293945,7224800
2022-02-15,5.559999942779541,5.110000133514404,5.260000228881836,5.550000190734863,7909800
2022-02-16,5.489999771118164,5.144999980926514,5.449999809265137,5.440000057220459,8740400
2022-02-17,5.34499979019165,4.889999866485596,5.329999923706055,4.940000057220459,7320700
2022-02-18,5.070000171661377,4.630000114440918,5.059999942779541,4.650000095367432,7715100
2022-02-22,4.679999828338623,4.184999942779541,4.5,4.21999979019165,10334900
2022-02-23,4.460000038146973,4.139999866485596,4.409999847412109,4.269999980926514,9032500
2022-02-24,4.639999866485596,4.0,4.050000190734863,4.610000133514404,12246500
2022-02-25,4.579999923706055,4.190000057220459,4.570000171661377,4.409999847412109,8793100
2022-02-28,4.53000020980835,4.25,4.400000095367432,4.5,8637400
2022-03-01,4.71999979019165,4.230000019073486,4.53000020980835,4.289999961853027,9692400
2022-03-02,4.440000057220459,4.125,4.429999828338623,4.25,5875300
2022-03-03,4.28000020980835,3.809999942779541,4.260000228881836,3.859999895095825,12763800
2022-03-04,3.8550000190734863,3.390000104904175,3.809999942779541,3.430000066757202,12987400
2022-03-07,3.559999942779541,3.3399999141693115,3.5,3.450000047683716,17022200
2022-03-08,3.619999885559082,3.25,3.430000066757202,3.4800000190734863,12666100
2022-03-09,3.630000114440918,3.319999933242798,3.619999885559082,3.4700000286102295,11190700
2022-03-10,3.434999942779541,3.140000104904175,3.359999895095825,3.369999885559082,9416500
2022-03-11,3.4600000381469727,3.0399999618530273,3.309999942779541,3.049999952316284,9619000
2022-03-14,3.0899999141693115,2.7899999618530273,3.049999952316284,2.8299999237060547,13464600
2022-03-15,3.1600000858306885,2.619999885559082,2.819999933242798,2.9100000858306885,19233400
2022-03-16,3.0799999237060547,2.7200000286102295,2.9800000190734863,2.990000009536743,32704300
2022-03-17,3.0,2.799999952316284,2.9200000762939453,2.9700000286102295,14916700
2022-03-18,3.1600000858306885,2.9200000762939453,3.0399999618530273,3.049999952316284,38312800
2022-03-21,3.0989999771118164,2.8399999141693115,3.049999952316284,2.9700000286102295,12446800
2022-03-22,3.3450000286102295,2.9200000762939453,2.9700000286102295,3.190000057220459,22302200
2022-03-23,3.569999933242798,3.109999895095825,3.1700000762939453,3.5199999809265137,37224100
2022-03-24,3.799999952316284,3.4200000762939453,3.559999942779541,3.7200000286102295,25954500
2022-03-25,3.680000066757202,3.440000057220459,3.680000066757202,3.6600000858306885,26425500
2022-03-28,3.88700008392334,3.5950000286102295,3.700000047683716,3.740000009536743,27510700
2022-03-29,4.630000114440918,4.119999885559082,4.130000114440918,4.590000152587891,62184200
2022-03-30,4.650000095367432,4.170000076293945,4.519999980926514,4.21999979019165,34360100
2022-03-31,4.269999980926514,4.019999980926514,4.230000019073486,4.03000020980835,32012000
2022-04-01,4.349999904632568,3.950000047683716,4.090000152587891,4.199999809265137,23373900
2022-04-04,4.409999847412109,4.065000057220459,4.230000019073486,4.130000114440918,22753400
2022-04-05,4.090000152587891,3.5199999809265137,4.039999961853027,3.609999895095825,35443900
2022-04-06,3.5999999046325684,3.3399999141693115,3.5199999809265137,3.5299999713897705,22119700
2022-04-07,3.559999942779541,3.25,3.5,3.4100000858306885,21491800
2022-04-08,3.5799999237060547,3.315000057220459,3.4000000953674316,3.5299999713897705,21620500
2022-04-11,3.5450000762939453,3.244999885559082,3.450000047683716,3.3499999046325684,16097700
2022-04-12,3.619999885559082,3.369999885559082,3.4200000762939453,3.450000047683716,16220000
2022-04-13,3.880000114440918,3.4200000762939453,3.4200000762939453,3.8299999237060547,21015400
2022-04-14,3.984999895095825,3.7300000190734863,3.8299999237060547,3.8399999141693115,20599500
2022-04-18,3.8299999237060547,3.505000114440918,3.75,3.630000114440918,14437500
2022-04-19,3.9700000286102295,3.5899999141693115,3.5999999046325684,3.819999933242798,13863300
2022-04-20,3.809999942779541,3.609999895095825,3.799999952316284,3.640000104904175,15710100
2022-04-21,3.9000000953674316,3.3499999046325684,3.799999952316284,3.450000047683716,18389100
2022-04-22,3.6600000858306885,3.384999990463257,3.4800000190734863,3.4000000953674316,19599700
2022-04-25,3.9200000762939453,3.309999942779541,3.309999942779541,3.880000114440918,23480800
2022-04-26,3.890000104904175,3.609999895095825,3.8299999237060547,3.690000057220459,14710400
2022-04-27,3.8299999237060547,3.4200000762939453,3.740000009536743,3.430000066757202,13751900
2022-04-28,3.4800000190734863,3.0,3.4600000381469727,3.119999885559082,23404600
2022-04-29,3.2249999046325684,2.890000104904175,3.119999885559082,2.9000000953674316,18068300
2022-05-02,3.1500000953674316,2.7920000553131104,2.9000000953674316,3.130000114440918,22758500
2022-05-03,3.2300000190734863,3.055000066757202,3.140000104904175,3.2200000286102295,14162000
2022-05-04,3.390000104904175,3.049999952316284,3.2300000190734863,3.2899999618530273,23042900
2022-05-05,3.2750000953674316,2.9000000953674316,3.190000057220459,2.930000066757202,19091900
2022-05-06,2.950000047683716,2.6500000953674316,2.950000047683716,2.7100000381469727,22261100
2022-05-09,2.799999952316284,2.319999933242798,2.640000104904175,2.380000114440918,29680800
2022-05-10,2.6700000762939453,2.190000057220459,2.549999952316284,2.4100000858306885,29787000
2022-05-11,2.6500000953674316,2.180000066757202,2.359999895095825,2.200000047683716,29256600
2022-05-12,2.490000009536743,2.0899999141693115,2.140000104904175,2.380000114440918,26681700
2022-05-13,2.759999990463257,2.450000047683716,2.509999990463257,2.6600000858306885,33743200
2022-05-16,2.7200000286102295,2.4200000762939453,2.6500000953674316,2.430000066757202,21935800
2022-05-17,2.8399999141693115,2.4200000762939453,2.549999952316284,2.740000009536743,35934900
2022-05-18,2.7200000286102295,2.430000066757202,2.5899999141693115,2.430000066757202,29784200
2022-05-19,2.6600000858306885,2.38100004196167,2.4700000286102295,2.5199999809265137,26349900
2022-05-20,2.680000066757202,2.369999885559082,2.630000114440918,2.609999895095825,25104800
2022-05-23,2.7200000286102295,2.490000009536743,2.6600000858306885,2.680000066757202,13939400
2022-05-24,2.740000009536743,2.509999990463257,2.5999999046325684,2.5799999237060547,14971200
2022-05-25,2.880000114440918,2.559999942779541,2.559999942779541,2.880000114440918,22679500
2022-05-26,2.984999895095825,2.819999933242798,2.8499999046325684,2.9600000381469727,25902200
2022-05-27,3.2249999046325684,2.9600000381469727,3.0,3.2100000381469727,20886400
2022-05-31,3.2300000190734863,2.934999942779541,3.2249999046325684,3.0799999237060547,28691100
2022-06-01,3.130000114440918,2.861999988555908,3.0799999237060547,2.9800000190734863,18032400
2022-06-02,3.615000009536743,2.940000057220459,2.950000047683716,3.4800000190734863,27800100
2022-06-03,3.680000066757202,3.2899999618530273,3.390000104904175,3.6600000858306885,22659100
2022-06-06,3.869999885559082,3.4649999141693115,3.75,3.4700000286102295,24656300
2022-06-07,3.75,3.3910000324249268,3.440000057220459,3.5899999141693115,19680500
2022-06-08,3.7750000953674316,3.5799999237060547,3.5899999141693115,3.5799999237060547,18156700
2022-06-09,3.5999999046325684,3.0899999141693115,3.5999999046325684,3.109999895095825,17160500
2022-06-10,3.055000066757202,2.7799999713897705,3.0,2.819999933242798,17262900
2022-06-13,2.690000057220459,2.3499999046325684,2.619999885559082,2.380000114440918,25936900
2022-06-14,2.5299999713897705,2.259999990463257,2.5199999809265137,2.4200000762939453,22016400
2022-06-15,2.7300000190734863,2.4100000858306885,2.4800000190734863,2.5899999141693115,39640100
2022-06-16,2.484999895095825,2.2899999618530273,2.440000057220459,2.319999933242798,33384100
2022-06-17,2.440000057220459,2.309999942779541,2.369999885559082,2.369999885559082,37763700
2022-06-21,2.630000114440918,2.430000066757202,2.490000009536743,2.440000057220459,34594600
2022-06-22,2.5799999237060547,2.319999933242798,2.369999885559082,2.490000009536743,32975100
2022-06-23,2.9700000286102295,2.4700000286102295,2.5199999809265137,2.940000057220459,29243100
2022-06-24,3.119999885559082,2.759999990463257,3.0,2.859999895095825,68942100
2022-06-27,2.859999895095825,2.6500000953674316,2.8499999046325684,2.7899999618530273,13355600
2022-06-28,2.815000057220459,2.5999999046325684,2.7799999713897705,2.609999895095825,15003600
2022-06-29,2.5899999141693115,2.430000066757202,2.5899999141693115,2.5,15638600
2022-06-30,2.559999942779541,2.309999942779541,2.440000057220459,2.380000114440918,22638300
2022-07-01,2.5299999713897705,2.359999895095825,2.3949999809265137,2.380000114440918,15800800
2022-07-05,2.700000047683716,2.234999895095825,2.4000000953674316,2.700000047683716,26098300
2022-07-06,3.0299999713897705,2.7300000190734863,2.75,2.990000009536743,33552600
2022-07-07,3.390000104904175,2.950000047683716,3.0199999809265137,3.240000009536743,26568100
2022-07-08,3.4000000953674316,3.130000114440918,3.2300000190734863,3.2300000190734863,21419900
2022-07-11,3.2200000286102295,2.950000047683716,3.190000057220459,2.990000009536743,15477700
2022-07-12,3.130000114440918,2.8499999046325684,3.0899999141693115,2.990000009536743,20311400
2022-07-13,3.240000009536743,2.8399999141693115,2.890000104904175,3.190000057220459,22438300
2022-07-14,3.1500000953674316,2.930000066757202,3.119999885559082,3.0899999141693115,19225900
2022-07-15,3.184999942779541,2.9000000953674316,3.140000104904175,3.0,17326600
2022-07-18,3.265000104904175,2.940000057220459,3.130000114440918,2.9800000190734863,18848000
2022-07-19,3.259999990463257,2.9600000381469727,3.0799999237060547,3.2200000286102295,17091800
2022-07-20,3.299999952316284,3.0999999046325684,3.25,3.1600000858306885,13203500
2022-07-21,3.2850000858306885,3.109999895095825,3.1500000953674316,3.200000047683716,9925000
2022-07-22,3.180000066757202,2.880000114440918,3.1600000858306885,2.9200000762939453,13724600
2022-07-25,2.940000057220459,2.700000047683716,2.940000057220459,2.7799999713897705,24567200
2022-07-26,2.759999990463257,2.5799999237060547,2.759999990463257,2.609999895095825,24178300
2022-07-27,2.825000047683716,2.609999895095825,2.690000057220459,2.7899999618530273,19453500
2022-07-28,2.869999885559082,2.632999897003174,2.7899999618530273,2.8399999141693115,10170500
2022-07-29,3.0,2.759999990463257,2.8399999141693115,2.859999895095825,9982800
2022-08-01,2.869999885559082,2.690000057220459,2.799999952316284,2.869999885559082,15598100
2022-08-02,3.0999999046325684,2.8359999656677246,2.8399999141693115,3.0,16444900
2022-08-03,3.140000104904175,2.990000009536743,3.0299999713897705,3.059999942779541,15943400
2022-08-04,3.1549999713897705,2.9600000381469727,3.049999952316284,3.009999990463257,12815900
2022-08-05,3.069999933242798,2.8299999237060547,2.9000000953674316,3.069999933242798,14206600
2022-08-08,3.299999952316284,3.0199999809265137,3.0899999141693115,3.240000009536743,31845500
2022-08-09,3.200000047683716,2.9100000858306885,3.200000047683716,3.130000114440918,20956300
2022-08-10,3.309999942779541,2.950000047683716,3.2899999618530273,3.130000114440918,41862500
2022-08-11,4.909999847412109,3.2100000381469727,3.2300000190734863,3.4000000953674316,133719300
2022-08-12,3.7300000190734863,3.380000114440918,3.5299999713897705,3.630000114440918,36091000
2022-08-15,3.8550000190734863,3.4700000286102295,3.740000009536743,3.490000009536743,43730200
2022-08-16,4.260000228881836,3.549999952316284,4.170000076293945,3.740000009536743,80277500
2022-08-17,3.7899999618530273,3.240000009536743,3.6500000953674316,3.259999990463257,34589400
2022-08-18,3.440000057220459,3.0999999046325684,3.299999952316284,3.25,24673000
2022-08-19,3.1700000762939453,2.7899999618530273,3.1600000858306885,2.8499999046325684,35441900
2022-08-22,2.7699999809265137,2.640000104904175,2.734999895095825,2.690000057220459,27825000
2022-08-23,2.884999990463257,2.5799999237060547,2.7100000381469727,2.690000057220459,28185200
2022-08-24,2.9100000858306885,2.680000066757202,2.700000047683716,2.8399999141693115,19510500
2022-08-25,2.940000057220459,2.799999952316284,2.880000114440918,2.930000066757202,16348100
2022-08-26,2.940000057220459,2.740000009536743,2.9200000762939453,2.7799999713897705,21812600
2022-08-29,2.8399999141693115,2.6500000953674316,2.680000066757202,2.6700000762939453,16412700
2022-08-30,2.7200000286102295,2.549999952316284,2.700000047683716,2.5999999046325684,22768600
2022-08-31,2.7300000190734863,2.5899999141693115,2.6500000953674316,2.690000057220459,18423500
2022-09-01,2.75,2.5799999237060547,2.640000104904175,2.740000009536743,21586600
2022-09-02,2.799999952316284,2.4700000286102295,2.7699999809265137,2.509999990463257,26670600
2022-09-06,2.494999885559082,2.3499999046325684,2.494999885559082,2.4100000858306885,25750200
2022-09-07,2.640000104904175,2.4000000953674316,2.430000066757202,2.630000114440918,15916000
2022-09-08,2.880000114440918,2.5399999618530273,2.559999942779541,2.880000114440918,14904800
2022-09-09,3.0199999809265137,2.869999885559082,2.869999885559082,2.940000057220459,12760900
2022-09-12,3.194999933242798,2.9149999618530273,3.0,3.1700000762939453,22698700
2022-09-13,3.240000009536743,2.809999942779541,2.950000047683716,2.990000009536743,23865100
2022-09-14,3.109999895095825,2.880000114440918,3.0199999809265137,3.069999933242798,16115700
2022-09-15,3.4000000953674316,3.0199999809265137,3.049999952316284,3.130000114440918,29003300
2022-09-16,3.0799999237060547,2.869999885559082,3.0199999809265137,2.990000009536743,36036300
2022-09-19,3.0799999237060547,2.869999885559082,2.9149999618530273,3.069999933242798,16278700
2022-09-20,3.0899999141693115,2.930000066757202,3.009999990463257,2.940000057220459,17948900
2022-09-21,3.190000057220459,2.8550000190734863,2.950000047683716,2.869999885559082,24887600
2022-09-22,2.9600000381469727,2.7899999618530273,2.880000114440918,2.950000047683716,32212100
2022-09-23,2.8949999809265137,2.6500000953674316,2.880000114440918,2.799999952316284,28045200
2022-09-26,2.9000000953674316,2.734999895095825,2.744999885559082,2.799999952316284,19118800
2022-09-27,3.0199999809265137,2.819999933242798,2.9000000953674316,2.890000104904175,21126000
2022-09-28,3.490000009536743,2.940000057220459,2.940000057220459,3.4700000286102295,43726000
2022-09-29,3.3499999046325684,3.130000114440918,3.3399999141693115,3.130000114440918,24848500
2022-09-30,3.4100000858306885,3.0899999141693115,3.119999885559082,3.119999885559082,28229500
2022-10-03,3.309999942779541,3.009999990463257,3.25,3.140000104904175,21913200
2022-10-04,3.5199999809265137,3.259999990463257,3.2899999618530273,3.5199999809265137,31208700
2022-10-05,3.424999952316284,3.2200000286102295,3.3299999237060547,3.309999942779541,22214100
2022-10-06,3.4100000858306885,3.1549999713897705,3.299999952316284,3.2300000190734863,22925900
2022-10-07,3.25,3.069999933242798,3.140000104904175,3.0899999141693115,21027100
2022-10-10,3.119999885559082,2.7200000286102295,3.0799999237060547,2.890000104904175,27560500
2022-10-11,3.0999999046325684,2.7699999809265137,2.9000000953674316,2.9800000190734863,21230800
2022-10-12,3.009999990463257,2.7100000381469727,2.990000009536743,2.8499999046325684,24470600
2022-10-13,2.9100000858306885,2.6600000858306885,2.7100000381469727,2.8399999141693115,25593000
2022-10-14,2.9600000381469727,2.549999952316284,2.9000000953674316,2.5899999141693115,26752600
2022-10-17,2.7200000286102295,2.549999952316284,2.6700000762939453,2.630000114440918,18913200
2022-10-18,2.8299999237060547,2.5399999618530273,2.759999990463257,2.6600000858306885,34196400
2022-10-19,2.6050000190734863,2.430000066757202,2.5950000286102295,2.440000057220459,28795300
2022-10-20,2.549999952316284,2.390000104904175,2.430000066757202,2.4700000286102295,33692400
2022-10-21,2.5999999046325684,2.3399999141693115,2.450000047683716,2.569999933242798,26032500
2022-10-24,2.5899999141693115,2.430000066757202,2.5899999141693115,2.490000009536743,20664000
2022-10-25,2.809999942779541,2.549999952316284,2.559999942779541,2.759999990463257,29764400
2022-10-26,3.009999990463257,2.6649999618530273,2.690000057220459,2.7799999713897705,29439400
2022-10-27,2.884999990463257,2.619999885559082,2.880000114440918,2.630000114440918,20799200
2022-10-28,2.700000047683716,2.5350000858306885,2.609999895095825,2.690000057220459,18261000
2022-10-31,2.75,2.640000104904175,2.680000066757202,2.7300000190734863,17546000
2022-11-01,2.8499999046325684,2.7300000190734863,2.799999952316284,2.740000009536743,13527600
2022-11-02,2.884999990463257,2.625,2.7300000190734863,2.640000104904175,20052500
2022-11-03,2.759999990463257,2.5299999713897705,2.559999942779541,2.5799999237060547,15729400
2022-11-04,2.6700000762939453,2.4000000953674316,2.6500000953674316,2.5,23775600
2022-11-07,2.5799999237060547,2.3499999046325684,2.5299999713897705,2.390000104904175,21520800
2022-11-08,2.6500000953674316,2.359999895095825,2.4000000953674316,2.5399999618530273,23735800
2022-11-09,2.4800000190734863,2.2799999713897705,2.4800000190734863,2.299999952316284,25726300
2022-11-10,2.6500000953674316,2.380000114440918,2.509999990463257,2.640000104904175,27090400
2022-11-11,2.940000057220459,2.5199999809265137,2.569999933242798,2.8499999046325684,28416600
2022-11-14,2.859999895095825,2.619999885559082,2.8299999237060547,2.680000066757202,25686800
2022-11-15,2.759999990463257,2.4000000953674316,2.7100000381469727,2.6700000762939453,44274800
2022-11-16,2.4800000190734863,2.309999942779541,2.430000066757202,2.319999933242798,36583600
2022-11-17,2.2300000190734863,1.9600000381469727,2.2200000286102295,2.1500000953674316,58198800
2022-11-18,2.2100000381469727,2.1500000953674316,2.200000047683716,2.190000057220459,21132600
2022-11-21,2.190000057220459,2.0399999618530273,2.1600000858306885,2.0899999141693115,34954800
2022-11-22,2.140000104904175,1.940000057220459,2.119999885559082,2.0,30307100
2022-11-23,2.0199999809265137,1.9500000476837158,2.0,1.9800000190734863,22600700
2022-11-25,2.009999990463257,1.940000057220459,1.9800000190734863,1.9900000095367432,9688800
2022-11-28,2.0,1.809999942779541,1.9900000095367432,1.840000033378601,23562200
2022-11-29,1.9500000476837158,1.840000033378601,1.8799999952316284,1.850000023841858,19159700
2022-11-30,1.9900000095367432,1.75,1.8700000047683716,1.9900000095367432,39171100
2022-12-01,2.009999990463257,1.9199999570846558,1.9700000286102295,1.9800000190734863,20201800
2022-12-02,1.9900000095367432,1.8300000429153442,1.899999976158142,1.9900000095367432,13500800
2022-12-05,1.9700000286102295,1.7899999618530273,1.9600000381469727,1.7999999523162842,20650300
2022-12-06,1.809999942779541,1.7000000476837158,1.7999999523162842,1.7100000381469727,13268100
2022-12-07,1.7599999904632568,1.6399999856948853,1.6799999475479126,1.75,21677800
2022-12-08,1.850000023841858,1.7450000047683716,1.7799999713897705,1.7999999523162842,28071600
2022-12-09,1.8899999856948853,1.7599999904632568,1.7799999713897705,1.8200000524520874,19986400
2022-12-12,1.9299999475479126,1.7799999713897705,1.8200000524520874,1.8799999952316284,19932900
2022-12-13,2.0,1.690000057220459,1.9800000190734863,1.7400000095367432,32553900
2022-12-14,1.7300000190734863,1.649999976158142,1.7100000381469727,1.6799999475479126,23156800
2022-12-15,1.6749999523162842,1.5800000429153442,1.6399999856948853,1.6299999952316284,23624700
2022-12-16,1.7799999713897705,1.5700000524520874,1.600000023841858,1.7300000190734863,45900100
2022-12-19,1.7300000190734863,1.590000033378601,1.7100000381469727,1.7000000476837158,28520300
2022-12-20,1.7000000476837158,1.6200000047683716,1.659999966621399,1.649999976158142,20087500
2022-12-21,1.7599999904632568,1.6200000047683716,1.6799999475479126,1.75,28749800
2022-12-22,1.7100000381469727,1.6200000047683716,1.7100000381469727,1.6799999475479126,20469200
2022-12-23,1.6699999570846558,1.6200000047683716,1.659999966621399,1.659999966621399,13238200
2022-12-27,1.7000000476837158,1.600000023841858,1.6399999856948853,1.6799999475479126,17440600
2022-12-28,1.7599999904632568,1.6100000143051147,1.6699999570846558,1.649999976158142,16295500
2022-12-29,1.75,1.6100000143051147,1.6699999570846558,1.6699999570846558,25228500
2022-12-30,1.7000000476837158,1.6200000047683716,1.659999966621399,1.690000057220459,14450600
2023-01-03,1.7899999618530273,1.5399999618530273,1.690000057220459,1.5800000429153442,17998400
2023-01-04,1.6200000047683716,1.4500000476837158,1.5800000429153442,1.590000033378601,24188300
2023-01-05,1.5800000429153442,1.5,1.559999942779541,1.5700000524520874,18627300
2023-01-06,1.600000023841858,1.4500000476837158,1.600000023841858,1.5199999809265137,17046800
2023-01-09,1.6200000047683716,1.4600000381469727,1.5499999523162842,1.559999942779541,23627500
2023-01-10,1.5700000524520874,1.4700000286102295,1.5499999523162842,1.5399999618530273,20081600
2023-01-11,1.7100000381469727,1.5299999713897705,1.559999942779541,1.7000000476837158,27619100
2023-01-12,1.8600000143051147,1.6299999952316284,1.7100000381469727,1.840000033378601,27558400
2023-01-13,1.899999976158142,1.7100000381469727,1.7799999713897705,1.8600000143051147,18324400
2023-01-17,2.0,1.7699999809265137,1.850000023841858,1.9900000095367432,20082500
2023-01-18,2.059999942779541,1.809999942779541,2.049999952316284,1.8300000429153442,24331900
2023-01-19,1.809999942779541,1.6399999856948853,1.7899999618530273,1.6699999570846558,19344100
2023-01-20,1.7200000286102295,1.649999976158142,1.7200000286102295,1.659999966621399,14157700
2023-01-23,1.8799999952316284,1.6699999570846558,1.6699999570846558,1.840000033378601,22498200
2023-01-24,1.9199999570846558,1.7699999809265137,1.9199999570846558,1.809999942779541,10226600
2023-01-25,1.7899999618530273,1.6799999475479126,1.7699999809265137,1.7599999904632568,12107400
2023-01-26,1.8600000143051147,1.715000033378601,1.809999942779541,1.75,16461700
2023-01-27,1.9800000190734863,1.7200000286102295,1.7400000095367432,1.940000057220459,20639300
2023-01-30,1.9500000476837158,1.809999942779541,1.8799999952316284,1.8200000524520874,20605000
2023-01-31,1.965000033378601,1.7899999618530273,1.8600000143051147,1.9500000476837158,18157600
2023-02-01,2.049999952316284,1.8600000143051147,1.940000057220459,2.0,24464200
2023-02-02,2.25,2.059999942779541,2.0799999237060547,2.190000057220459,31637400
2023-02-03,2.1700000762939453,2.0,2.059999942779541,2.059999942779541,21064100
2023-02-06,2.069999933242798,1.9299999475479126,2.069999933242798,1.9600000381469727,16727900
2023-02-07,2.0199999809265137,1.899999976158142,1.940000057220459,2.0,19680300
2023-02-08,2.0,1.7999999523162842,1.9800000190734863,1.8300000429153442,16955200
2023-02-09,1.8899999856948853,1.7400000095367432,1.8799999952316284,1.75,12378200
2023-02-10,1.746000051498413,1.659999966621399,1.7100000381469727,1.7300000190734863,21387500
2023-02-13,1.7599999904632568,1.6699999570846558,1.7350000143051147,1.7200000286102295,12880900
2023-02-14,1.7599999904632568,1.6200000047683716,1.6699999570846558,1.7300000190734863,19699000
2023-02-15,1.850000023841858,1.7000000476837158,1.7100000381469727,1.8200000524520874,15521300
2023-02-16,1.8200000524520874,1.7100000381469727,1.7599999904632568,1.7599999904632568,16681400
2023-02-17,1.7649999856948853,1.6299999952316284,1.75,1.7400000095367432,18433900
2023-02-21,1.7200000286102295,1.590000033378601,1.6699999570846558,1.600000023841858,22076200
2023-02-22,1.690000057220459,1.5800000429153442,1.6100000143051147,1.6799999475479126,20812300
2023-02-23,1.7300000190734863,1.5399999618530273,1.7200000286102295,1.6100000143051147,24462200
2023-02-24,1.565000057220459,1.4600000381469727,1.5399999618530273,1.4700000286102295,30716900
2023-02-27,1.5,1.409999966621399,1.5,1.4600000381469727,20770000
2023-02-28,1.5199999809265137,1.4299999475479126,1.4600000381469727,1.4700000286102295,20894100
2023-03-01,1.4800000190734863,1.3200000524520874,1.4500000476837158,1.399999976158142,27516900
2023-03-02,1.399999976158142,1.2899999618530273,1.3600000143051147,1.399999976158142,25700400
2023-03-03,1.399999976158142,1.3300000429153442,1.3949999809265137,1.3899999856948853,33667600
2023-03-06,1.399999976158142,1.3300000429153442,1.350000023841858,1.3600000143051147,22270900
2023-03-07,1.3899999856948853,1.2899999618530273,1.3700000047683716,1.2999999523162842,28412900
2023-03-08,1.350000023841858,1.2200000286102295,1.309999942779541,1.3200000524520874,25202400
2023-03-09,1.340000033378601,1.25,1.3200000524520874,1.25,18872700
2023-03-10,1.3200000524520874,1.190000057220459,1.2599999904632568,1.2400000095367432,23140400
2023-03-13,1.399999976158142,1.190000057220459,1.2300000190734863,1.350000023841858,34168800
2023-03-14,1.409999966621399,1.2899999618530273,1.409999966621399,1.350000023841858,20492900
2023-03-15,1.350000023841858,1.2699999809265137,1.2999999523162842,1.3300000429153442,20401500
2023-03-16,1.3700000047683716,1.2599999904632568,1.309999942779541,1.3200000524520874,16978200
2023-03-17,1.3200000524520874,1.2300000190734863,1.2999999523162842,1.2799999713897705,23942600
2023-03-20,1.309999942779541,1.2100000381469727,1.2799999713897705,1.2400000095367432,20635000
2023-03-21,1.3799999952316284,1.2400000095367432,1.2599999904632568,1.350000023841858,17114100
2023-03-22,1.3600000143051147,1.2200000286102295,1.3600000143051147,1.2200000286102295,22406100
2023-03-23,1.3300000429153442,1.190000057220459,1.2599999904632568,1.2300000190734863,16501100
2023-03-24,1.2999999523162842,1.2000000476837158,1.2100000381469727,1.2699999809265137,13839000
2023-03-27,1.2999999523162842,1.2000000476837158,1.2799999713897705,1.2300000190734863,13463500
2023-03-28,1.2599999904632568,1.1649999618530273,1.225000023841858,1.2000000476837158,11164400
2023-03-29,1.2799999713897705,1.2000000476837158,1.2200000286102295,1.2699999809265137,15761200
2023-03-30,1.2999999523162842,1.2200000286102295,1.2899999618530273,1.2300000190734863,12506400
2023-03-31,1.3799999952316284,1.2100000381469727,1.2400000095367432,1.3300000429153442,19166600
2023-04-03,1.340000033378601,1.25,1.3200000524520874,1.2699999809265137,14284000
2023-04-04,1.2999999523162842,1.2300000190734863,1.2899999618530273,1.25,11001600
2023-04-05,1.2599999904632568,1.190000057220459,1.2599999904632568,1.2300000190734863,16204500
2023-04-06,1.399999976158142,1.2050000429153442,1.2100000381469727,1.350000023841858,20851500
2023-04-10,1.3600000143051147,1.2999999523162842,1.340000033378601,1.350000023841858,10472400
2023-04-11,1.409999966621399,1.309999942779541,1.340000033378601,1.340000033378601,12014300
2023-04-12,1.399999976158142,1.2699999809265137,1.3799999952316284,1.2799999713897705,21977700
2023-04-13,1.350000023841858,1.2799999713897705,1.2999999523162842,1.3200000524520874,17835100
2023-04-14,1.3600000143051147,1.2799999713897705,1.3300000429153442,1.2999999523162842,13213100
2023-04-17,1.3200000524520874,1.2100000381469727,1.309999942779541,1.2200000286102295,22342500
2023-04-18,1.2599999904632568,1.2200000286102295,1.25,1.25,18254700
2023-04-19,1.3650000095367432,1.2300000190734863,1.25,1.3200000524520874,20803200
2023-04-20,1.3300000429153442,1.25,1.2999999523162842,1.2699999809265137,12096200
2023-04-21,1.3250000476837158,1.2699999809265137,1.2699999809265137,1.309999942779541,11828900
2023-04-24,1.3300000429153442,1.2599999904632568,1.309999942779541,1.2699999809265137,20175200
2023-04-25,1.2599999904632568,1.2000000476837158,1.25,1.2100000381469727,24492300
2023-04-26,1.2400000095367432,1.1699999570846558,1.2300000190734863,1.190000057220459,19944300
2023-04-27,1.2200000286102295,1.159999966621399,1.2000000476837158,1.1799999475479126,14991700
2023-04-28,1.2400000095367432,1.159999966621399,1.190000057220459,1.2200000286102295,12491100
2023-05-01,1.2200000286102295,1.159999966621399,1.2200000286102295,1.1799999475479126,13439200
2023-05-02,1.2100000381469727,1.1299999952316284,1.190000057220459,1.1399999856948853,20267200
2023-05-03,1.2200000286102295,1.1200000047683716,1.159999966621399,1.149999976158142,20100700
2023-05-04,1.2200000286102295,1.149999976158142,1.149999976158142,1.2200000286102295,12529600
2023-05-05,1.3200000524520874,1.2200000286102295,1.2200000286102295,1.2699999809265137,13570600
2023-05-08,1.3899999856948853,1.2699999809265137,1.2899999618530273,1.3700000047683716,18231500
2023-05-09,1.3899999856948853,1.3200000524520874,1.3600000143051147,1.3700000047683716,18343200
2023-05-10,1.4299999475479126,1.2699999809265137,1.3899999856948853,1.350000023841858,27484400
2023-05-11,1.3799999952316284,1.25,1.25,1.3300000429153442,33221100
2023-05-12,1.3300000429153442,1.2100000381469727,1.3300000429153442,1.2300000190734863,14210700
2023-05-15,1.3300000429153442,1.2139999866485596,1.2400000095367432,1.3200000524520874,15631400
2023-05-16,1.309999942779541,1.2400000095367432,1.2999999523162842,1.25,11263600
2023-05-17,1.2999999523162842,1.2000000476837158,1.2400000095367432,1.2699999809265137,15047300
2023-05-18,1.340000033378601,1.2599999904632568,1.2799999713897705,1.3200000524520874,17011500
2023-05-19,1.350000023841858,1.2699999809265137,1.3300000429153442,1.2799999713897705,11963600
2023-05-22,1.5800000429153442,1.2999999523162842,1.3200000524520874,1.5099999904632568,47107800
2023-05-23,1.7200000286102295,1.5,1.5399999618530273,1.5199999809265137,56331500
2023-05-24,1.6299999952316284,1.4700000286102295,1.5099999904632568,1.6200000047683716,27009300
2023-05-25,1.6799999475479126,1.4800000190734863,1.6799999475479126,1.5299999713897705,20207300
2023-05-26,1.649999976158142,1.5,1.5499999523162842,1.5199999809265137,24700800
2023-05-30,1.7899999618530273,1.5499999523162842,1.5499999523162842,1.7300000190734863,32882400
2023-05-31,1.7300000190734863,1.5499999523162842,1.7000000476837158,1.5800000429153442,25031300
2023-06-01,1.7400000095367432,1.5700000524520874,1.590000033378601,1.6799999475479126,22964400
2023-06-02,1.690000057220459,1.5099999904632568,1.6299999952316284,1.6200000047683716,32659100
2023-06-05,1.7000000476837158,1.559999942779541,1.6100000143051147,1.649999976158142,19904600
2023-06-06,1.8550000190734863,1.6150000095367432,1.6399999856948853,1.8300000429153442,28934000
2023-06-07,1.899999976158142,1.7350000143051147,1.8799999952316284,1.7799999713897705,24824000
2023-06-08,1.809999942779541,1.6799999475479126,1.7699999809265137,1.7599999904632568,17697900
2023-06-09,1.8799999952316284,1.75,1.7899999618530273,1.850000023841858,28176000
2023-06-12,2.0299999713897705,1.8250000476837158,1.840000033378601,1.9500000476837158,37310300
2023-06-13,2.005000114440918,1.8600000143051147,2.0,1.940000057220459,28833000
2023-06-14,2.0490000247955322,1.8600000143051147,1.940000057220459,1.909999966621399,28867700
2023-06-15,1.9800000190734863,1.8600000143051147,1.8799999952316284,1.9500000476837158,20935800
2023-06-16,1.9800000190734863,1.8799999952316284,1.9600000381469727,1.899999976158142,27723400
2023-06-20,1.934999942779541,1.8300000429153442,1.8700000047683716,1.8899999856948853,16347100
2023-06-21,1.8799999952316284,1.75,1.8799999952316284,1.7699999809265137,31152600
2023-06-22,1.7699999809265137,1.649999976158142,1.7300000190734863,1.7000000476837158,24365700
2023-06-23,1.7100000381469727,1.6200000047683716,1.6299999952316284,1.7000000476837158,52971600
2023-06-26,1.7400000095367432,1.5800000429153442,1.690000057220459,1.590000033378601,18474000
2023-06-27,1.649999976158142,1.5449999570846558,1.600000023841858,1.600000023841858,18595400
2023-06-28,1.8350000381469727,1.5800000429153442,1.600000023841858,1.8200000524520874,22111200
2023-06-29,1.8799999952316284,1.7699999809265137,1.850000023841858,1.809999942779541,15675400
2023-06-30,1.9199999570846558,1.809999942779541,1.809999942779541,1.8600000143051147,11880800
2023-07-03,1.9149999618530273,1.7549999952316284,1.8899999856948853,1.7799999713897705,9413500
2023-07-05,1.8799999952316284,1.7510000467300415,1.774999976158142,1.850000023841858,12113900
2023-07-06,1.8200000524520874,1.6699999570846558,1.7999999523162842,1.7200000286102295,14663500
2023-07-07,1.774999976158142,1.7100000381469727,1.7100000381469727,1.7699999809265137,9318500
2023-07-10,1.9800000190734863,1.75,1.7599999904632568,1.9800000190734863,23469800
2023-07-11,2.0399999618530273,1.940000057220459,2.0399999618530273,2.009999990463257,36019900
2023-07-12,2.200000047683716,2.0,2.0999999046325684,2.119999885559082,45844900
2023-07-13,2.299999952316284,2.130000114440918,2.180000066757202,2.1600000858306885,39659100
2023-07-14,2.244999885559082,2.0199999809265137,2.184999942779541,2.0399999618530273,24808300
2023-07-17,2.200000047683716,2.0250000953674316,2.049999952316284,2.180000066757202,18830200
2023-07-18,2.369999885559082,2.180000066757202,2.2049999237060547,2.3499999046325684,25043100
2023-07-19,2.5450000762939453,2.3499999046325684,2.450000047683716,2.5399999618530273,34923300
2023-07-20,2.4800000190734863,2.2100000381469727,2.4700000286102295,2.2799999713897705,25806500
2023-07-21,2.4200000762939453,2.2200000286102295,2.3499999046325684,2.380000114440918,18556300
2023-07-24,2.4000000953674316,2.259999990463257,2.4000000953674316,2.2799999713897705,15288100
2023-07-25,2.3949999809265137,2.2850000858306885,2.2899999618530273,2.3299999237060547,13393600
2023-07-26,2.4600000381469727,2.2799999713897705,2.309999942779541,2.450000047683716,19284000
2023-07-27,2.5399999618530273,2.2300000190734863,2.5,2.240000009536743,23476300
2023-07-28,2.444999933242798,2.2799999713897705,2.309999942779541,2.440000057220459,20808800
2023-07-31,2.5199999809265137,2.3949999809265137,2.450000047683716,2.509999990463257,19776300
2023-08-01,2.450000047683716,2.319999933242798,2.450000047683716,2.3399999141693115,18391900
2023-08-02,2.2699999809265137,2.0,2.25,2.0399999618530273,31008300
2023-08-03,2.0799999237060547,2.0,2.069999933242798,2.0399999618530273,14256000
2023-08-04,2.0969998836517334,1.940000057220459,2.049999952316284,2.0399999618530273,22370900
2023-08-07,2.180000066757202,2.009999990463257,2.1600000858306885,2.0799999237060547,23401700
2023-08-08,2.0950000286102295,1.934999942779541,1.9800000190734863,2.0799999237060547,16893200
2023-08-09,2.180000066757202,1.9800000190734863,2.069999933242798,2.009999990463257,19466000
2023-08-10,1.9199999570846558,1.7000000476837158,1.9199999570846558,1.75,47620800
2023-08-11,1.9299999475479126,1.7400000095367432,1.75,1.8700000047683716,19283000
2023-08-14,1.850000023841858,1.7699999809265137,1.850000023841858,1.7899999618530273,17547400
2023-08-15,1.8600000143051147,1.75,1.7699999809265137,1.7699999809265137,18674900
2023-08-16,1.7699999809265137,1.6299999952316284,1.7699999809265137,1.6299999952316284,21749900
2023-08-17,1.690000057220459,1.5800000429153442,1.659999966621399,1.6100000143051147,17166300
2023-08-18,1.7300000190734863,1.5499999523162842,1.5700000524520874,1.6200000047683716,27914300
2023-08-21,1.7000000476837158,1.600000023841858,1.6399999856948853,1.659999966621399,12145200
2023-08-22,1.75,1.6200000047683716,1.715000033378601,1.659999966621399,11717200
2023-08-23,1.7999999523162842,1.659999966621399,1.690000057220459,1.7899999618530273,13163800
2023-08-24,1.840000033378601,1.659999966621399,1.8200000524520874,1.659999966621399,15373200
2023-08-25,1.7400000095367432,1.6200000047683716,1.6799999475479126,1.6799999475479126,17605600
2023-08-28,1.7999999523162842,1.7200000286102295,1.7699999809265137,1.7899999618530273,15608800
2023-08-29,2.25,1.899999976158142,1.9600000381469727,2.2200000286102295,63993300
2023-08-30,2.2799999713897705,2.119999885559082,2.200000047683716,2.25,28409600
2023-08-31,2.3499999046325684,2.2300000190734863,2.259999990463257,2.3399999141693115,30017400
2023-09-01,2.4649999141693115,2.2300000190734863,2.3499999046325684,2.25,28914000
2023-09-05,2.259999990463257,2.180000066757202,2.2249999046325684,2.25,20660100
2023-09-06,2.259999990463257,2.180000066757202,2.2300000190734863,2.240000009536743,18328400
2023-09-07,2.190000057220459,2.0799999237060547,2.180000066757202,2.109999895095825,21809800
2023-09-08,2.1600000858306885,2.0299999713897705,2.0950000286102295,2.0799999237060547,18131300
2023-09-11,2.130000114440918,2.0199999809265137,2.0899999141693115,2.0899999141693115,16635200
2023-09-12,2.1700000762939453,2.0399999618530273,2.0799999237060547,2.069999933242798,12266800
2023-09-13,2.069999933242798,2.0199999809265137,2.0350000858306885,2.0199999809265137,10613500
2023-09-14,2.0799999237060547,1.9500000476837158,2.0299999713897705,1.9600000381469727,19971600
2023-09-15,1.9800000190734863,1.899999976158142,1.9199999570846558,1.9299999475479126,29777500
2023-09-18,1.9199999570846558,1.809999942779541,1.9199999570846558,1.850000023841858,12808600
2023-09-19,1.8589999675750732,1.7799999713897705,1.8300000429153442,1.8200000524520874,18927600
2023-09-20,1.8899999856948853,1.7999999523162842,1.840000033378601,1.8300000429153442,17968200
2023-09-21,1.7999999523162842,1.7400000095367432,1.7899999618530273,1.75,20112400
2023-09-22,1.809999942779541,1.7400000095367432,1.7699999809265137,1.7699999809265137,14897900
2023-09-25,1.784999966621399,1.7100000381469727,1.7699999809265137,1.7300000190734863,11759100
2023-09-26,1.809999942779541,1.7100000381469727,1.715000033378601,1.7300000190734863,11538000
2023-09-27,2.069999933242798,1.75,1.940000057220459,1.7799999713897705,42700500
2023-09-28,1.809999942779541,1.7000000476837158,1.7899999618530273,1.7200000286102295,19113700
2023-09-29,1.8700000047683716,1.7799999713897705,1.7799999713897705,1.809999942779541,21291500
2023-10-02,1.8170000314712524,1.7100000381469727,1.7999999523162842,1.7100000381469727,19837300
2023-10-03,1.7450000047683716,1.5800000429153442,1.7000000476837158,1.600000023841858,25050500
2023-10-04,1.6670000553131104,1.5499999523162842,1.6200000047683716,1.6399999856948853,20479400
2023-10-05,1.7450000047683716,1.6100000143051147,1.649999976158142,1.7300000190734863,19307500
2023-10-06,1.7699999809265137,1.6699999570846558,1.684999942779541,1.7200000286102295,14015200
2023-10-09,1.7599999904632568,1.649999976158142,1.6699999570846558,1.7400000095367432,12597000
2023-10-10,1.8200000524520874,1.7300000190734863,1.7300000190734863,1.7899999618530273,13986100
2023-10-11,1.8450000286102295,1.7100000381469727,1.809999942779541,1.75,16592100
2023-10-12,1.7599999904632568,1.600000023841858,1.7599999904632568,1.6200000047683716,19720600
2023-10-13,1.6699999570846558,1.5800000429153442,1.6399999856948853,1.659999966621399,12453300
2023-10-16,1.7000000476837158,1.600000023841858,1.6200000047683716,1.6799999475479126,12000700
2023-10-17,1.7699999809265137,1.6399999856948853,1.6399999856948853,1.7400000095367432,14766200
2023-10-18,1.7400000095367432,1.649999976158142,1.7300000190734863,1.649999976158142,14863500
2023-10-19,1.659999966621399,1.5499999523162842,1.649999976158142,1.559999942779541,21695300
2023-10-20,1.6200000047683716,1.5099999904632568,1.559999942779541,1.5700000524520874,19504400
2023-10-23,1.5549999475479126,1.4800000190734863,1.5399999618530273,1.4900000095367432,14962700
2023-10-24,1.6200000047683716,1.5,1.5049999952316284,1.5700000524520874,15995700
2023-10-25,1.5399999618530273,1.409999966621399,1.5399999618530273,1.440000057220459,17759300
2023-10-26,1.5,1.4299999475479126,1.4600000381469727,1.4600000381469727,12881100
2023-10-27,1.4700000286102295,1.350000023841858,1.4700000286102295,1.350000023841858,14265100
2023-10-30,1.399999976158142,1.2999999523162842,1.3700000047683716,1.3300000429153442,23823900
2023-10-31,1.3799999952316284,1.3200000524520874,1.3300000429153442,1.3700000047683716,10581200
2023-11-01,1.3799999952316284,1.309999942779541,1.3700000047683716,1.3600000143051147,11975100
2023-11-02,1.5800000429153442,1.3899999856948853,1.409999966621399,1.5399999618530273,27013900
2023-11-03,1.7000000476837158,1.5700000524520874,1.5800000429153442,1.6399999856948853,25728800
2023-11-06,1.6699999570846558,1.4900000095367432,1.659999966621399,1.5199999809265137,21215600
2023-11-07,1.6299999952316284,1.5,1.5,1.5399999618530273,19744200
2023-11-08,1.5800000429153442,1.4800000190734863,1.559999942779541,1.4900000095367432,25068100
2023-11-09,1.399999976158142,1.2599999904632568,1.3899999856948853,1.2599999904632568,36351200
2023-11-10,1.2899999618530273,1.25,1.2799999713897705,1.2799999713897705,20074800
