Date,High_ML,Low_ML,Open_ML,Close_ML,Volume_ML
2020-08-14,294.8999938964844,294.0,294.29998779296875,294.0,16077
2020-08-17,294.45001220703125,294.0,294.29998779296875,294.0,2570
2020-08-18,294.6000061035156,293.70001220703125,294.6000061035156,293.70001220703125,3610
2020-08-19,293.3999938964844,292.5,293.3999938964844,292.5,243
2020-08-20,293.3999938964844,292.5,293.3999938964844,292.5,20643
2020-08-21,294.6000061035156,291.6000061035156,294.6000061035156,293.1000061035156,11330
2020-08-24,294.0,291.8999938964844,294.0,292.20001220703125,477
2020-08-25,293.1000061035156,291.0,292.20001220703125,291.0,3580
2020-08-26,292.55999755859375,290.3999938964844,292.5,290.3999938964844,1023
2020-08-27,293.1000061035156,290.3999938964844,290.3999938964844,293.1000061035156,20713
2020-08-28,294.0,291.8999938964844,294.0,292.20001220703125,33
2020-08-31,294.0,291.8999938964844,294.0,292.5,6413
2020-09-01,292.79998779296875,292.5,292.7699890136719,292.79998779296875,107
2020-09-02,292.79998779296875,291.8999938964844,292.79998779296875,291.8999938964844,113
2020-09-03,293.3999938964844,291.6000061035156,291.6000061035156,292.95001220703125,4243
2020-09-04,296.1000061035156,291.8999938964844,291.8999938964844,294.0,6883
2020-09-08,295.79998779296875,292.5,294.0,293.3999938964844,3277
2020-09-09,295.79998779296875,293.3999938964844,293.3999938964844,295.20001220703125,4427
2020-09-10,294.8999938964844,292.5,293.3999938964844,294.29998779296875,20027
2020-09-11,295.79998779296875,293.70001220703125,295.5,293.70001220703125,11510
2020-09-14,295.79998779296875,294.0,294.29998779296875,295.5,43930
2020-09-15,296.3999938964844,294.29998779296875,296.3999938964844,294.6000061035156,697
2020-09-16,295.5,294.0,294.29998779296875,295.5,2813
2020-09-17,295.79998779296875,294.0,295.5,294.8999938964844,877
2020-09-18,296.3999938964844,294.6000061035156,296.3999938964844,295.20001220703125,2113
2020-09-21,297.0,294.0,295.5,295.5,1933
2020-09-22,297.0,294.0,297.0,295.20001220703125,2803
2020-09-23,295.20001220703125,294.29998779296875,294.80999755859375,294.6000061035156,580
2020-09-24,295.5,293.8500061035156,294.29998779296875,294.6000061035156,8780
2020-09-25,294.6000061035156,293.70001220703125,293.70001220703125,293.70001220703125,267
2020-09-28,295.5,293.70001220703125,293.70001220703125,293.70001220703125,1213
2020-09-29,296.3999938964844,293.70001220703125,296.3999938964844,294.0,1983
2020-09-30,295.79998779296875,294.29998779296875,294.29998779296875,294.8999938964844,10223
2020-10-01,297.0,294.0,297.0,294.0,38933
2020-10-02,295.20001220703125,293.3999938964844,295.20001220703125,294.0,12593
2020-10-05,295.5,292.5,295.20001220703125,294.8999938964844,1243
2020-10-06,295.95001220703125,292.5,295.5,294.7799987792969,2413
2020-10-07,294.8999938964844,294.0,294.0,294.1499938964844,2020
2020-10-08,294.8999938964844,292.79998779296875,294.8999938964844,293.3999938964844,1337
2020-10-09,295.20001220703125,292.5,293.3999938964844,292.79998779296875,2837
2020-10-12,297.0,292.5,297.0,294.0,1180
2020-10-13,294.510009765625,294.0,294.0,294.3599853515625,743
2020-10-14,296.1000061035156,294.0,296.1000061035156,294.0,11373
2020-10-15,294.6000061035156,294.0,294.0,294.0,10367
2020-10-16,294.6000061035156,294.0,294.0,294.29998779296875,2500
2020-10-19,297.0,294.0,297.0,294.45001220703125,887
2020-10-20,296.1000061035156,294.0,295.20001220703125,295.6199951171875,2337
2020-10-21,298.20001220703125,294.0,295.79998779296875,295.6499938964844,1530
2020-10-22,296.1000061035156,294.0,296.1000061035156,294.0,4690
2020-10-23,295.79998779296875,294.29998779296875,295.79998779296875,295.20001220703125,310
2020-10-26,295.5,294.0,295.5,294.6000061035156,2203
2020-10-27,295.5,294.0,294.0,294.6000061035156,3140
2020-10-28,294.8999938964844,294.0,294.0,294.0,330
2020-10-29,294.29998779296875,293.3999938964844,294.0,293.70001220703125,1043
2020-10-30,295.5,293.3999938964844,293.70001220703125,293.70001220703125,140
2020-11-02,295.79998779296875,293.1000061035156,295.79998779296875,294.0,353
2020-11-03,294.0,293.1000061035156,294.0,293.19000244140625,87
2020-11-04,295.79998779296875,293.1000061035156,293.1000061035156,294.05999755859375,267
2020-11-05,295.20001220703125,293.1000061035156,294.510009765625,294.0,34643
2020-11-06,294.8999938964844,293.3999938964844,294.8999938964844,293.70001220703125,77
2020-11-09,295.3500061035156,294.0,294.6000061035156,294.45001220703125,250
2020-11-10,295.20001220703125,293.3999938964844,295.20001220703125,293.3999938964844,137
2020-11-11,294.0,293.3999938964844,293.3999938964844,293.3999938964844,30
2020-11-12,295.5,293.3999938964844,294.0,294.29998779296875,2717
2020-11-13,295.79998779296875,293.3999938964844,293.3999938964844,293.54998779296875,413
2020-11-16,295.20001220703125,293.3999938964844,294.4200134277344,293.3999938964844,597
2020-11-17,295.20001220703125,293.3999938964844,295.20001220703125,293.54998779296875,4890
2020-11-18,295.79998779296875,294.8999938964844,295.20001220703125,294.8999938964844,373
2020-11-19,295.20001220703125,294.0,294.6000061035156,294.0,313
2020-11-20,297.0,294.0,294.0,296.70001220703125,620
2020-11-23,298.5,294.510009765625,297.6000061035156,296.70001220703125,1217
2020-11-24,297.8999938964844,294.6000061035156,297.8999938964844,296.1000061035156,1120
2020-11-25,298.20001220703125,294.6000061035156,298.20001220703125,295.79998779296875,1850
2020-11-27,300.0,297.0,298.20001220703125,299.3999938964844,6713
2020-11-30,305.3999938964844,297.6000061035156,304.5,298.5,7293
2020-12-01,301.5,295.5,298.79998779296875,298.5,3223
2020-12-02,299.1000061035156,295.5,298.79998779296875,297.0,5750
2020-12-03,299.3999938964844,296.3999938964844,297.0,299.3999938964844,4920
2020-12-04,300.0,297.0,299.70001220703125,299.3999938964844,3597
2020-12-07,306.1199951171875,300.0,306.0,302.70001220703125,13487
2020-12-08,305.70001220703125,300.8999938964844,305.70001220703125,303.0,8193
2020-12-09,307.5,300.0,307.5,304.5,10223
2020-12-10,309.0,303.29998779296875,307.5,304.5,20447
2020-12-11,324.0,305.3999938964844,312.29998779296875,309.0,15620
2020-12-14,317.6099853515625,305.70001220703125,315.0,306.8999938964844,29280
2020-12-15,310.5,303.0,309.29998779296875,304.5,17250
2020-12-16,309.0,302.70001220703125,303.0,308.70001220703125,16890
2020-12-17,310.5,304.5,304.5,309.6000061035156,6660
2020-12-18,309.6000061035156,307.67999267578125,309.0,308.1000061035156,5800
2020-12-21,309.0,305.3999938964844,307.5,308.3999938964844,9950
2020-12-22,313.5,307.20001220703125,312.0,309.0,16410
2020-12-23,311.3999938964844,308.70001220703125,309.29998779296875,310.79998779296875,21997
2020-12-24,315.0,311.70001220703125,315.0,312.0,19543
2020-12-28,348.8999938964844,330.0,339.0,339.8999938964844,184687
2020-12-29,351.0,330.6000061035156,349.79998779296875,340.20001220703125,117650
2020-12-30,352.20001220703125,336.29998779296875,343.5,339.6000061035156,68763
2020-12-31,341.70001220703125,330.0,340.79998779296875,339.0,48947
2021-01-04,352.20001220703125,333.29998779296875,345.6000061035156,337.20001220703125,80973
2021-01-05,338.1000061035156,330.29998779296875,330.6000061035156,336.6000061035156,45437
2021-01-06,340.20001220703125,327.29998779296875,333.0,330.0,45723
2021-01-07,362.70001220703125,329.3999938964844,333.0,344.3999938964844,107997
2021-01-08,362.70001220703125,342.29998779296875,348.0,347.70001220703125,88300
2021-01-11,342.6000061035156,335.3999938964844,339.6000061035156,337.5,60713
2021-01-12,340.20001220703125,334.79998779296875,336.0,337.5,52020
2021-01-13,343.5,337.20001220703125,339.8999938964844,342.8999938964844,102987
2021-01-14,385.20001220703125,347.70001220703125,350.3999938964844,367.5,143053
2021-01-15,364.1400146484375,345.45001220703125,360.8999938964844,351.6000061035156,78403
2021-01-19,353.70001220703125,342.29998779296875,353.70001220703125,347.70001220703125,66337
2021-01-20,368.1000061035156,342.0,348.0,362.1000061035156,55513
2021-01-21,380.70001220703125,354.0,362.1000061035156,365.3999938964844,56590
2021-01-22,371.3999938964844,361.5,362.3999938964844,366.8999938964844,31440
2021-01-25,384.6000061035156,358.5,371.1000061035156,366.29998779296875,66493
2021-01-26,366.6000061035156,351.6000061035156,364.5,352.79998779296875,39010
2021-01-27,345.0,324.29998779296875,345.0,334.5,86067
2021-01-28,348.6000061035156,334.5,336.0,339.6000061035156,54453
2021-01-29,348.6000061035156,327.29998779296875,348.6000061035156,342.6000061035156,169270
2021-02-01,363.0,348.0,355.5,360.6000061035156,104253
2021-02-02,371.70001220703125,353.3699951171875,363.0,360.0,67963
2021-02-03,369.29998779296875,357.6000061035156,359.70001220703125,362.1000061035156,79933
2021-02-04,371.3999938964844,363.29998779296875,365.70001220703125,366.6000061035156,55853
2021-02-05,366.6000061035156,357.57000732421875,364.5,365.3999938964844,44187
2021-02-08,371.70001220703125,360.6000061035156,363.6000061035156,371.1000061035156,52660
2021-02-09,367.20001220703125,355.79998779296875,363.29998779296875,363.8999938964844,40447
2021-02-10,362.3999938964844,345.6000061035156,360.29998779296875,354.29998779296875,56410
2021-02-11,369.0,339.8999938964844,353.3999938964844,366.0,59457
2021-02-12,387.0,333.29998779296875,384.6000061035156,347.70001220703125,607123
2021-02-16,379.20001220703125,322.79998779296875,341.1000061035156,364.79998779296875,486427
2021-02-17,360.0,336.0,356.70001220703125,360.0,175790
2021-02-18,348.6000061035156,336.45001220703125,342.6000061035156,339.8999938964844,76680
2021-02-19,363.0,333.8999938964844,341.3999938964844,345.29998779296875,168457
2021-02-22,357.6000061035156,337.79998779296875,345.8999938964844,341.1000061035156,122410
2021-02-23,338.3999938964844,306.29998779296875,327.0,336.29998779296875,112843
2021-02-24,334.5,322.79998779296875,333.0,325.5,65107
2021-02-25,329.1000061035156,311.70001220703125,323.70001220703125,319.79998779296875,60227
2021-02-26,323.70001220703125,307.79998779296875,316.20001220703125,323.70001220703125,66097
2021-03-01,329.3999938964844,312.29998779296875,327.6000061035156,315.29998779296875,69333
2021-03-02,317.1000061035156,307.5,315.0,309.0,53080
2021-03-03,309.0,300.29998779296875,307.5,301.79998779296875,84523
2021-03-04,312.0,297.6000061035156,300.0,306.0,101723
2021-03-05,321.6000061035156,301.79998779296875,303.0,315.0,102377
2021-03-08,315.6000061035156,307.79998779296875,307.79998779296875,311.1000061035156,63337
2021-03-09,321.0,309.6000061035156,311.3999938964844,319.79998779296875,58040
2021-03-10,318.29998779296875,311.1000061035156,318.29998779296875,313.20001220703125,27017
2021-03-11,319.5,309.6000061035156,313.20001220703125,318.8999938964844,57743
2021-03-12,319.20001220703125,310.79998779296875,313.5,318.0,29500
2021-03-15,316.5,311.3999938964844,315.8999938964844,313.79998779296875,28547
2021-03-16,312.0,303.6000061035156,310.79998779296875,306.0,47160
2021-03-17,311.70001220703125,303.0,303.0,311.70001220703125,47270
2021-03-18,314.3999938964844,307.79998779296875,312.29998779296875,310.20001220703125,28593
2021-03-19,309.45001220703125,303.6000061035156,308.3999938964844,305.3999938964844,42857
2021-03-22,305.70001220703125,302.3999938964844,302.3999938964844,305.70001220703125,39177
2021-03-23,306.29998779296875,302.8500061035156,303.0,305.3999938964844,25540
2021-03-24,303.29998779296875,295.04998779296875,303.0,297.0,75380
2021-03-25,300.1499938964844,293.3999938964844,294.0,297.0,73367
2021-03-26,300.0,295.79998779296875,297.29998779296875,299.3999938964844,20783
2021-03-29,300.3299865722656,297.0,298.5,298.20001220703125,8840
2021-03-30,298.3500061035156,296.3999938964844,297.0,297.6000061035156,20963
2021-03-31,299.3999938964844,297.0,298.5,298.79998779296875,16697
2021-04-01,300.0,297.0,298.5,297.6000061035156,14353
2021-04-05,298.79998779296875,297.29998779296875,298.5,297.6000061035156,11207
2021-04-06,299.1000061035156,297.0,297.0,298.20001220703125,8723
2021-04-07,301.3500061035156,297.0,297.0,298.79998779296875,14313
2021-04-08,304.5,300.29998779296875,302.3999938964844,302.70001220703125,45663
2021-04-09,307.5,301.5,301.79998779296875,304.5,23030
2021-04-12,303.6000061035156,299.1000061035156,303.29998779296875,299.3999938964844,10017
2021-04-13,299.3999938964844,297.8999938964844,298.79998779296875,298.79998779296875,17033
2021-04-14,300.6000061035156,298.20001220703125,300.0,299.1000061035156,15850
2021-04-15,299.3999938964844,297.29998779296875,298.20001220703125,298.79998779296875,12650
2021-04-16,300.0,297.0,297.6000061035156,299.1000061035156,25887
2021-04-19,298.5,296.3999938964844,298.5,297.0,23110
2021-04-20,297.8999938964844,295.79998779296875,296.3999938964844,296.70001220703125,52513
2021-04-21,298.79998779296875,296.1000061035156,296.1000061035156,298.20001220703125,25240
2021-04-22,299.1000061035156,297.0,299.1000061035156,297.6000061035156,9577
2021-04-23,299.3999938964844,297.6000061035156,298.5,298.5,12270
2021-04-26,299.70001220703125,298.5,298.5,299.3999938964844,10793
2021-04-27,299.54998779296875,297.29998779296875,299.1000061035156,297.8999938964844,9467
2021-04-28,299.3999938964844,297.8999938964844,297.8999938964844,299.1000061035156,18727
2021-04-29,299.70001220703125,297.29998779296875,299.70001220703125,297.29998779296875,4847
2021-04-30,298.20001220703125,297.29998779296875,297.6000061035156,297.8999938964844,6610
2021-05-03,298.5,295.5,298.20001220703125,295.79998779296875,53540
2021-05-04,297.6000061035156,296.1000061035156,296.3999938964844,297.29998779296875,12223
2021-05-05,297.6000061035156,296.3999938964844,296.70001220703125,297.0,5770
2021-05-06,297.6000061035156,295.79998779296875,295.79998779296875,297.0,12340
2021-05-07,299.70001220703125,295.79998779296875,295.79998779296875,297.29998779296875,11043
2021-05-10,298.20001220703125,296.3999938964844,297.29998779296875,296.3999938964844,9317
2021-05-11,297.8999938964844,294.29998779296875,294.29998779296875,296.70001220703125,55877
2021-05-12,296.70001220703125,295.79998779296875,295.79998779296875,295.79998779296875,6887
2021-05-13,297.29998779296875,295.5,295.5,295.79998779296875,7940
2021-05-14,297.1499938964844,295.79998779296875,295.79998779296875,296.1000061035156,5477
2021-05-17,297.6000061035156,295.5,295.5,296.1000061035156,8127
2021-05-18,297.0,295.79998779296875,295.79998779296875,296.70001220703125,4810
2021-05-19,297.8999938964844,295.79998779296875,296.1000061035156,297.0,16190
2021-05-20,298.20001220703125,296.1000061035156,298.20001220703125,297.0,14413
2021-05-21,297.8999938964844,296.1000061035156,297.0,296.3999938964844,32880
2021-05-24,297.75,296.70001220703125,296.70001220703125,297.29998779296875,5867
2021-05-25,297.8999938964844,297.0,297.0,297.29998779296875,5277
2021-05-26,297.6000061035156,297.0,297.0,297.0,4193
2021-05-27,298.5,297.0,297.0,298.20001220703125,6947
2021-05-28,298.5,297.29998779296875,298.5,297.29998779296875,3023
2021-06-01,298.1400146484375,297.0,297.0,297.29998779296875,4133
2021-06-02,297.8999938964844,297.29998779296875,297.29998779296875,297.6000061035156,4380
2021-06-03,299.1000061035156,297.29998779296875,297.29998779296875,298.20001220703125,8690
2021-06-04,299.3999938964844,298.5,298.79998779296875,299.1000061035156,14153
2021-06-07,299.3999938964844,297.8999938964844,299.3999938964844,298.5,4077
2021-06-08,299.70001220703125,298.20001220703125,298.20001220703125,299.3999938964844,24620
2021-06-09,300.1499938964844,298.79998779296875,300.0,299.1000061035156,19063
2021-06-10,299.70001220703125,298.20001220703125,299.70001220703125,298.20001220703125,19517
2021-06-11,299.1000061035156,297.6000061035156,298.5,297.8999938964844,12813
2021-06-14,299.3999938964844,298.20001220703125,298.20001220703125,298.20001220703125,4807
2021-06-15,299.70001220703125,297.6000061035156,297.8999938964844,298.5,8440
2021-06-16,299.3999938964844,297.8999938964844,297.8999938964844,298.79998779296875,2130
2021-06-17,299.1000061035156,297.8999938964844,298.79998779296875,298.5,2637
2021-06-18,299.1000061035156,297.8999938964844,298.20001220703125,297.8999938964844,6917
2021-06-21,298.5,297.8999938964844,297.8999938964844,297.8999938964844,7560
2021-06-22,298.5,297.8999938964844,297.8999938964844,297.8999938964844,4423
2021-06-23,298.5,297.8999938964844,297.8999938964844,298.20001220703125,2243
2021-06-24,298.79998779296875,298.3500061035156,298.5,298.5,3053
2021-06-25,298.79998779296875,298.20001220703125,298.79998779296875,298.20001220703125,2897
2021-06-28,299.1000061035156,298.20001220703125,298.20001220703125,298.79998779296875,3330
2021-06-29,299.1000061035156,298.5,298.5,298.5,3290
2021-06-30,298.79998779296875,298.5,298.5,298.5,11370
2021-07-01,299.70001220703125,298.3500061035156,299.1000061035156,299.3999938964844,12513
2021-07-02,299.1000061035156,298.5,299.1000061035156,298.79998779296875,7200
2021-07-06,298.79998779296875,298.20001220703125,298.5,298.20001220703125,4253
2021-07-07,298.20001220703125,297.8999938964844,297.8999938964844,297.8999938964844,6947
2021-07-08,298.5,297.8999938964844,297.8999938964844,297.8999938964844,9257
2021-07-09,298.20001220703125,297.6000061035156,297.6000061035156,297.8999938964844,2903
2021-07-12,298.5,297.6000061035156,297.6000061035156,297.8999938964844,2677
2021-07-13,298.20001220703125,297.6000061035156,297.6000061035156,297.6000061035156,5583
2021-07-14,298.04998779296875,297.6000061035156,297.6000061035156,297.8999938964844,4750
2021-07-15,297.8999938964844,297.29998779296875,297.6000061035156,297.6000061035156,17837
2021-07-16,298.20001220703125,297.29998779296875,297.6000061035156,297.6000061035156,9380
2021-07-19,297.8999938964844,297.0,297.0,297.0,16260
2021-07-20,298.5,296.3999938964844,296.3999938964844,298.20001220703125,9260
2021-07-21,299.70001220703125,297.29998779296875,297.8999938964844,298.79998779296875,15167
2021-07-22,298.79998779296875,297.8999938964844,298.5,298.20001220703125,1120
2021-07-23,298.5,297.8999938964844,297.8999938964844,298.20001220703125,1913
2021-07-26,298.5,297.0,298.20001220703125,297.8999938964844,8953
2021-07-27,298.20001220703125,297.75,297.8999938964844,297.8999938964844,4933
2021-07-28,298.20001220703125,297.29998779296875,297.29998779296875,297.29998779296875,8960
2021-07-29,297.7799987792969,297.0,297.29998779296875,297.0,21513
2021-07-30,297.8999938964844,297.239990234375,297.29998779296875,297.8999938964844,2613
2021-08-02,298.6499938964844,297.0,297.0,298.20001220703125,11087
2021-08-03,298.20001220703125,297.0,297.29998779296875,297.29998779296875,19807
2021-08-04,297.8999938964844,296.70001220703125,297.0,296.70001220703125,5907
2021-08-05,297.0299987792969,296.3999938964844,296.70001220703125,296.70001220703125,7067
2021-08-06,297.29998779296875,296.3999938964844,296.3999938964844,297.0,2327
2021-08-09,297.6000061035156,297.0,297.0,297.29998779296875,5720
2021-08-10,299.1000061035156,297.0,297.0,297.6000061035156,21650
2021-08-11,299.70001220703125,297.6000061035156,299.1000061035156,298.5,7443
2021-08-12,298.5,297.29998779296875,297.29998779296875,298.20001220703125,3580
2021-08-13,298.5,297.0,297.0,298.5,1933
2021-08-16,297.8999938964844,297.29998779296875,297.29998779296875,297.6000061035156,3273
2021-08-17,298.20001220703125,297.0,297.6000061035156,297.6000061035156,12363
2021-08-18,298.79998779296875,296.70001220703125,296.70001220703125,297.6000061035156,8423
2021-08-19,297.75,297.0,297.29998779296875,297.29998779296875,9557
2021-08-20,297.92999267578125,296.70001220703125,296.70001220703125,297.6000061035156,5197
2021-08-23,297.8999938964844,297.0,297.29998779296875,297.29998779296875,4957
2021-08-24,298.20001220703125,296.70001220703125,297.0,297.8999938964844,6767
2021-08-25,298.79998779296875,297.29998779296875,297.6000061035156,298.20001220703125,6133
2021-08-26,298.260009765625,297.8999938964844,297.8999938964844,297.8999938964844,1060
2021-08-27,298.20001220703125,297.29998779296875,297.8999938964844,297.8999938964844,14983
2021-08-30,298.20001220703125,297.29998779296875,297.29998779296875,297.8999938964844,2927
2021-08-31,298.5,297.6000061035156,297.8999938964844,298.20001220703125,3150
2021-09-01,298.79998779296875,297.8999938964844,297.8999938964844,298.5,5823
2021-09-02,299.70001220703125,297.8999938964844,297.8999938964844,299.70001220703125,25613
2021-09-03,300.0,298.5,298.5,298.5,27727
2021-09-07,300.29998779296875,298.79998779296875,298.79998779296875,299.1000061035156,24137
2021-09-08,299.70001220703125,298.79998779296875,299.70001220703125,299.1000061035156,11257
2021-09-09,299.8500061035156,299.1000061035156,299.3999938964844,299.70001220703125,28740
2021-09-10,299.70001220703125,299.3999938964844,299.70001220703125,299.3999938964844,14950
2021-09-13,300.0,299.1000061035156,299.70001220703125,299.3999938964844,22390
2021-09-14,299.70001220703125,299.1000061035156,299.1000061035156,299.1000061035156,17117
2021-09-15,299.70001220703125,298.79998779296875,299.3999938964844,299.3999938964844,32577
2021-09-16,322.5,292.20001220703125,298.20001220703125,313.79998779296875,80230
2021-09-17,316.20001220703125,297.8999938964844,315.0,300.6000061035156,61817
2021-09-20,306.29998779296875,285.29998779296875,293.3999938964844,292.20001220703125,44510
2021-09-21,334.20001220703125,299.3999938964844,300.0,322.79998779296875,75300
2021-09-22,340.1700134277344,288.0,321.0,300.0,125657
2021-09-23,287.70001220703125,257.3999938964844,281.9100036621094,258.8999938964844,53460
2021-09-24,283.79998779296875,255.36000061035156,258.8999938964844,265.5,55667
2021-09-27,277.5,258.29998779296875,276.29998779296875,262.5,38093
2021-09-28,260.9100036621094,232.1999969482422,257.70001220703125,242.6999969482422,31423
2021-09-29,240.0,204.3000030517578,240.0,211.8000030517578,79967
2021-09-30,212.6999969482422,200.39999389648438,210.0,203.10000610351562,26557
2021-10-01,216.0,186.89999389648438,207.3000030517578,208.8000030517578,59787
2021-10-04,205.1999969482422,184.52999877929688,204.0,185.6999969482422,31160
2021-10-05,192.3000030517578,175.8000030517578,186.0,178.5,49217
2021-10-06,191.6999969482422,174.60000610351562,175.8000030517578,186.3000030517578,30057
2021-10-07,194.39999389648438,183.0,190.1999969482422,189.89999389648438,10487
2021-10-08,189.60000610351562,177.60000610351562,188.10000610351562,177.89999389648438,10943
2021-10-11,182.39999389648438,170.39999389648438,176.39999389648438,175.5,9343
2021-10-12,185.1300048828125,174.0,178.8000030517578,182.10000610351562,9547
2021-10-13,185.6999969482422,164.39999389648438,182.6999969482422,176.10000610351562,21223
2021-10-14,179.10000610351562,169.8000030517578,178.1999969482422,175.5,16940
2021-10-15,180.0,168.89999389648438,172.5,180.0,20650
2021-10-18,199.5,178.22999572753906,180.0,196.8000030517578,16440
2021-10-19,210.17999267578125,196.5,197.39999389648438,209.6999969482422,15917
2021-10-20,228.1199951171875,209.7899932861328,211.1999969482422,219.3000030517578,25813
2021-10-21,220.5,198.0,220.5,199.8000030517578,19020
2021-10-22,209.39999389648438,196.8000030517578,199.5,205.1999969482422,8940
2021-10-25,194.10000610351562,151.5,193.5,177.3000030517578,293780
2021-10-26,188.30999755859375,171.89999389648438,179.6999969482422,181.5,57950
2021-10-27,195.0,177.0,189.75,181.8000030517578,39613
2021-10-28,182.6999969482422,175.5,181.8000030517578,180.89999389648438,28600
2021-10-29,181.5,174.60000610351562,178.5,176.6999969482422,15390
2021-11-01,184.3800048828125,175.5,177.89999389648438,179.6999969482422,25423
2021-11-02,184.5,174.60000610351562,180.0,175.1999969482422,27467
2021-11-03,179.10000610351562,170.10000610351562,175.5,172.1999969482422,41810
2021-11-04,179.39999389648438,165.89999389648438,171.89999389648438,170.6999969482422,36297
2021-11-05,171.89999389648438,162.60000610351562,171.0,163.8000030517578,42217
2021-11-08,192.0,170.6999969482422,174.60000610351562,188.39999389648438,82513
2021-11-09,189.89999389648438,169.8000030517578,189.89999389648438,181.1999969482422,74887
2021-11-10,189.89999389648438,171.0,185.25,175.5,65147
2021-11-11,178.8000030517578,164.6999969482422,178.8000030517578,172.5,49157
2021-11-12,181.8000030517578,168.0,173.6999969482422,174.89999389648438,33403
2021-11-15,179.39999389648438,169.5,173.39999389648438,177.0,25897
2021-11-16,180.0,168.89999389648438,174.0,177.0,23270
2021-11-17,176.10000610351562,163.5,174.0,165.89999389648438,25267
2021-11-18,167.4600067138672,153.0,166.1999969482422,155.6999969482422,39413
2021-11-19,157.5,151.1999969482422,154.1999969482422,151.5,44297
2021-11-22,156.8699951171875,138.3000030517578,156.0,139.1999969482422,54143
2021-11-23,141.89999389648438,123.5999984741211,138.60000610351562,128.10000610351562,86750
2021-11-24,140.6999969482422,122.0999984741211,128.39999389648438,137.10000610351562,47693
2021-11-26,144.0,128.6999969482422,133.1999969482422,144.0,21017
2021-11-29,144.0,132.89999389648438,143.10000610351562,133.1999969482422,36940
2021-11-30,138.0,125.0999984741211,133.0500030517578,126.5999984741211,45003
2021-12-01,131.10000610351562,117.5999984741211,129.60000610351562,119.4000015258789,56947
2021-12-02,120.0,112.80000305175781,119.4000015258789,119.69999694824219,64420
2021-12-03,120.0,106.5,120.0,114.0,71200
2021-12-06,113.0999984741211,105.30000305175781,112.5,110.4000015258789,47937
2021-12-07,119.4000015258789,111.0,113.4000015258789,114.9000015258789,51257
2021-12-08,122.4000015258789,115.5,115.94999694824219,119.4000015258789,35523
2021-12-09,124.5,113.43000030517578,118.5,114.5999984741211,36010
2021-12-10,118.19999694824219,110.0999984741211,116.0999984741211,110.69999694824219,28243
2021-12-13,110.69999694824219,105.9000015258789,110.0999984741211,106.5,25550
2021-12-14,107.0999984741211,100.3499984741211,105.30000305175781,104.69999694824219,40547
2021-12-15,105.9000015258789,100.19999694824219,102.9000015258789,103.80000305175781,31540
2021-12-16,119.69999694824219,108.30000305175781,108.30000305175781,111.9000015258789,101177
2021-12-17,119.25,105.9000015258789,110.69999694824219,113.4000015258789,168427
2021-12-20,113.55000305175781,105.30000305175781,108.9000015258789,112.19999694824219,45027
2021-12-21,122.4000015258789,110.69999694824219,111.9000015258789,121.19999694824219,36813
2021-12-22,121.19999694824219,116.69999694824219,119.4000015258789,118.5,21110
2021-12-23,118.5,112.80000305175781,117.0,113.4000015258789,30237
2021-12-27,113.4000015258789,110.0999984741211,113.4000015258789,113.0999984741211,29513
2021-12-28,112.19999694824219,109.5,111.9000015258789,110.4000015258789,22637
2021-12-29,112.19999694824219,105.0,108.5999984741211,105.30000305175781,37460
2021-12-30,119.4000015258789,104.69999694824219,104.69999694824219,115.80000305175781,72350
2021-12-31,122.4000015258789,114.36000061035156,114.5999984741211,120.9000015258789,46757
2022-01-03,127.19999694824219,118.6500015258789,121.19999694824219,118.80000305175781,27893
2022-01-04,119.69999694824219,108.30000305175781,119.0999984741211,111.9000015258789,45570
2022-01-05,112.80000305175781,99.5999984741211,111.5999984741211,103.5,41383
2022-01-06,107.69999694824219,98.69999694824219,105.0,102.5999984741211,34377
2022-01-07,106.19999694824219,99.44999694824219,102.9000015258789,101.0999984741211,23563
2022-01-10,100.5,94.80000305175781,100.5,99.0,47110
2022-01-11,101.69999694824219,95.4000015258789,98.4000015258789,99.0,37043
2022-01-12,100.5,93.30000305175781,100.19999694824219,93.30000305175781,35970
2022-01-13,94.19999694824219,89.4000015258789,93.9000015258789,90.30000305175781,41403
2022-01-14,92.0999984741211,87.1500015258789,89.4000015258789,90.0,32440
2022-01-18,89.69999694824219,84.5999984741211,89.4000015258789,84.9000015258789,26477
2022-01-19,89.0999984741211,84.30000305175781,87.30000305175781,85.80000305175781,35580
2022-01-20,94.80000305175781,87.30000305175781,87.30000305175781,87.9000015258789,30087
2022-01-21,88.19999694824219,79.19999694824219,86.4000015258789,79.5,66693
2022-01-24,82.3499984741211,74.0999984741211,77.4000015258789,81.5999984741211,46687
2022-01-25,82.52999877929688,77.0999984741211,80.0999984741211,78.0,30927
2022-01-26,81.9000015258789,74.4000015258789,81.9000015258789,75.5999984741211,25353
2022-01-27,76.80000305175781,70.3499984741211,76.19999694824219,71.0999984741211,42190
2022-01-28,72.30000305175781,67.5,70.19999694824219,72.0,25037
2022-01-31,79.19999694824219,70.5,71.4000015258789,77.0999984741211,30970
2022-02-01,81.9000015258789,77.0999984741211,78.5999984741211,80.69999694824219,21050
2022-02-02,80.4000015258789,72.5999984741211,80.4000015258789,73.80000305175781,25903
2022-02-03,72.5999984741211,69.0,72.0,69.9000015258789,31953
2022-02-04,75.9000015258789,70.19999694824219,70.5,74.4000015258789,18103
2022-02-07,80.0999984741211,73.80000305175781,74.69999694824219,76.5,22417
2022-02-08,78.0,74.69999694824219,76.19999694824219,77.0999984741211,15333
2022-02-09,81.80999755859375,77.69999694824219,78.9000015258789,78.5999984741211,37403
2022-02-10,81.9000015258789,76.19999694824219,76.19999694824219,77.69999694824219,27127
2022-02-11,78.9000015258789,70.80000305175781,78.9000015258789,72.0,23197
2022-02-14,74.25,70.19999694824219,72.0,71.4000015258789,21010
2022-02-15,74.0999984741211,71.25,72.9000015258789,73.5,15383
2022-02-16,73.5,69.9000015258789,72.5999984741211,70.19999694824219,12557
2022-02-17,70.80000305175781,67.19999694824219,69.5999984741211,68.0999984741211,24037
2022-02-18,69.9000015258789,66.9000015258789,68.4000015258789,67.5,20007
2022-02-22,69.30000305175781,65.4000015258789,66.30000305175781,66.5999984741211,27887
2022-02-23,67.5,61.20000076293945,67.19999694824219,61.79999923706055,47337
2022-02-24,70.19999694824219,57.29999923706055,59.70000076293945,69.9000015258789,29407
2022-02-25,71.4000015258789,67.5,70.5,70.19999694824219,17337
2022-02-28,74.8499984741211,70.19999694824219,70.5,72.30000305175781,24327
2022-03-01,73.19999694824219,68.4000015258789,72.5999984741211,69.9000015258789,11050
2022-03-02,73.94999694824219,68.0999984741211,70.5,73.19999694824219,21100
2022-03-03,73.80000305175781,66.30000305175781,73.19999694824219,68.4000015258789,21580
2022-03-04,68.55000305175781,63.29999923706055,67.5,64.5,20107
2022-03-07,68.69999694824219,64.19999694824219,64.5,64.5,32480
2022-03-08,68.4000015258789,62.54999923706055,64.5,65.0999984741211,20560
2022-03-09,74.0999984741211,66.5999984741211,66.5999984741211,73.80000305175781,26520
2022-03-10,75.30000305175781,60.599998474121094,73.80000305175781,69.0,103430
2022-03-11,68.0999984741211,58.20000076293945,66.30000305175781,61.5,74440
2022-03-14,62.400001525878906,54.0,61.5,57.0,65253
2022-03-15,63.900001525878906,57.0,57.0,63.0,38340
2022-03-16,66.30000305175781,62.099998474121094,63.29999923706055,66.30000305175781,42143
2022-03-17,75.9000015258789,70.3499984741211,72.9000015258789,75.9000015258789,65363
2022-03-18,80.69999694824219,72.62999725341797,74.69999694824219,80.69999694824219,61503
2022-03-21,91.05000305175781,82.5,84.0,89.4000015258789,75940
2022-03-22,90.30000305175781,86.69999694824219,88.5,88.19999694824219,66027
2022-03-23,85.19999694824219,78.30000305175781,85.19999694824219,78.5999984741211,52137
2022-03-24,79.19999694824219,74.4000015258789,78.5999984741211,75.5999984741211,52660
2022-03-25,76.80000305175781,72.0,76.80000305175781,75.5999984741211,24833
2022-03-28,78.9000015258789,70.6500015258789,75.0,71.69999694824219,35470
2022-03-29,81.30000305175781,73.6500015258789,73.80000305175781,77.69999694824219,47500
2022-03-30,78.5999984741211,74.69999694824219,76.19999694824219,76.5,45050
2022-03-31,77.69999694824219,74.69999694824219,75.9000015258789,75.30000305175781,15407
2022-04-01,77.25,74.0999984741211,75.0,76.19999694824219,21360
2022-04-04,78.30000305175781,74.69999694824219,76.80000305175781,76.80000305175781,28840
2022-04-05,77.4000015258789,68.0999984741211,75.5999984741211,71.4000015258789,54903
2022-04-06,69.0,67.19999694824219,68.4000015258789,67.80000305175781,30670
2022-04-07,67.5,62.70000076293945,67.5,65.69999694824219,32040
2022-04-08,66.9000015258789,63.29999923706055,65.4000015258789,63.900001525878906,29643
2022-04-11,65.8499984741211,61.20000076293945,62.099998474121094,65.0999984741211,26920
2022-04-12,68.25,62.849998474121094,66.30000305175781,63.599998474121094,30443
2022-04-13,65.69999694824219,62.400001525878906,63.0,63.29999923706055,19957
2022-04-14,65.69999694824219,60.900001525878906,63.0,61.5,21687
2022-04-18,61.5,59.099998474121094,61.20000076293945,60.900001525878906,19693
2022-04-19,63.0,58.5,59.70000076293945,60.900001525878906,49940
2022-04-20,61.04999923706055,58.20000076293945,60.0,60.599998474121094,23473
2022-04-21,62.099998474121094,58.20000076293945,61.5,58.79999923706055,27073
2022-04-22,62.099998474121094,56.70000076293945,57.599998474121094,59.70000076293945,36793
2022-04-25,63.0,58.20000076293945,58.79999923706055,62.400001525878906,29113
2022-04-26,62.099998474121094,57.29999923706055,61.5,57.599998474121094,22830
2022-04-27,58.349998474121094,55.79999923706055,57.0,57.599998474121094,23447
2022-04-28,61.79999923706055,55.5,59.70000076293945,60.599998474121094,21200
2022-04-29,66.0,60.599998474121094,60.599998474121094,62.400001525878906,31757
2022-05-02,67.80000305175781,60.900001525878906,62.70000076293945,66.0,34147
2022-05-03,66.9000015258789,63.29999923706055,65.4000015258789,64.80000305175781,28640
2022-05-04,64.80000305175781,57.599998474121094,64.80000305175781,58.79999923706055,33830
2022-05-05,58.5,52.20000076293945,58.5,53.099998474121094,49190
2022-05-06,53.70000076293945,47.099998474121094,52.5,48.0,74927
2022-05-09,47.099998474121094,42.29999923706055,45.599998474121094,42.29999923706055,43990
2022-05-10,45.45000076293945,38.099998474121094,43.5,39.900001525878906,82677
2022-05-11,39.599998474121094,35.099998474121094,38.70000076293945,36.29999923706055,53527
2022-05-12,50.70000076293945,37.20000076293945,39.900001525878906,49.20000076293945,180837
2022-05-13,55.20000076293945,45.0,55.20000076293945,45.900001525878906,153330
2022-05-16,47.25,42.0,45.0,42.29999923706055,69740
2022-05-17,46.5,40.79999923706055,44.099998474121094,46.20000076293945,36523
2022-05-18,48.900001525878906,43.20000076293945,43.5,47.70000076293945,48490
2022-05-19,51.29999923706055,46.5,46.5,48.0,43000
2022-05-20,50.099998474121094,44.099998474121094,49.5,47.099998474121094,31797
2022-05-23,46.79999923706055,45.0,46.79999923706055,45.599998474121094,26643
2022-05-24,46.20000076293945,42.599998474121094,45.900001525878906,43.5,22687
2022-05-25,48.599998474121094,42.29999923706055,42.29999923706055,48.0,28380
2022-05-26,49.20000076293945,45.29999923706055,49.20000076293945,46.20000076293945,56043
2022-05-27,54.0,46.5,46.79999923706055,53.70000076293945,36027
2022-05-31,56.099998474121094,52.04999923706055,53.70000076293945,52.79999923706055,54357
2022-06-01,56.400001525878906,50.400001525878906,56.400001525878906,50.70000076293945,33653
2022-06-02,55.20000076293945,49.79999923706055,50.099998474121094,54.599998474121094,38680
2022-06-03,54.29999923706055,48.599998474121094,54.29999923706055,49.20000076293945,34877
2022-06-06,55.5,49.79999923706055,51.29999923706055,54.29999923706055,64793
2022-06-07,54.29999923706055,47.400001525878906,52.5,52.79999923706055,58397
2022-06-08,54.29999923706055,51.29999923706055,51.599998474121094,52.20000076293945,26183
2022-06-09,52.95000076293945,47.099998474121094,51.599998474121094,47.099998474121094,45187
2022-06-10,48.45000076293945,46.5,46.5,46.5,23177
2022-06-13,46.79999923706055,40.79999923706055,46.5,42.0,49087
2022-06-14,45.29999923706055,40.79999923706055,42.29999923706055,45.0,34250
2022-06-15,47.54999923706055,44.400001525878906,45.599998474121094,45.599998474121094,70150
2022-06-16,46.5,42.29999923706055,44.70000076293945,43.79999923706055,63220
2022-06-17,48.29999923706055,44.70000076293945,44.70000076293945,46.79999923706055,103473
2022-06-21,50.400001525878906,45.599998474121094,46.79999923706055,46.20000076293945,82840
2022-06-22,48.599998474121094,45.0,45.0,45.0,57537
2022-06-23,47.400001525878906,43.79999923706055,45.0,47.400001525878906,71280
2022-06-24,52.20000076293945,46.79999923706055,47.70000076293945,49.20000076293945,533017
2022-06-27,53.0099983215332,45.900001525878906,51.900001525878906,47.70000076293945,61247
2022-06-28,48.0,42.599998474121094,47.400001525878906,42.900001525878906,48333
2022-06-29,42.900001525878906,40.5,42.599998474121094,41.400001525878906,36607
2022-06-30,42.29999923706055,39.0,41.099998474121094,39.599998474121094,101077
2022-07-01,41.400001525878906,39.0,39.599998474121094,40.5,25820
2022-07-05,43.04999923706055,37.79999923706055,40.5,42.29999923706055,27803
2022-07-06,43.20000076293945,37.79999923706055,42.0,39.0,49087
2022-07-07,42.29999923706055,39.0,39.0,41.099998474121094,23267
2022-07-08,41.70000076293945,37.79999923706055,39.599998474121094,38.099998474121094,26077
2022-07-11,39.0,36.599998474121094,38.099998474121094,37.5,36500
2022-07-12,39.900001525878906,36.29999923706055,38.099998474121094,37.20000076293945,23723
2022-07-13,39.29999923706055,35.099998474121094,37.5,38.70000076293945,38697
2022-07-14,38.63999938964844,36.29999923706055,37.79999923706055,36.599998474121094,17473
2022-07-15,39.900001525878906,36.0,38.400001525878906,39.599998474121094,25663
2022-07-18,44.099998474121094,39.599998474121094,39.900001525878906,41.70000076293945,29943
2022-07-19,44.099998474121094,41.400001525878906,42.29999923706055,43.79999923706055,24770
2022-07-20,47.400001525878906,42.75,43.5,47.099998474121094,32230
2022-07-21,47.70000076293945,44.849998474121094,46.20000076293945,46.5,16377
2022-07-22,47.54999923706055,43.20000076293945,46.20000076293945,46.20000076293945,35503
2022-07-25,45.900001525878906,42.599998474121094,45.900001525878906,44.099998474121094,14890
2022-07-26,44.54999923706055,41.70000076293945,44.400001525878906,41.70000076293945,13323
2022-07-27,46.04999923706055,41.54999923706055,41.70000076293945,45.599998474121094,39683
2022-07-28,47.400001525878906,43.20000076293945,45.900001525878906,45.29999923706055,13253
2022-07-29,47.099998474121094,43.79999923706055,45.900001525878906,47.099998474121094,15250
2022-08-01,47.099998474121094,44.400001525878906,47.099998474121094,45.0,24397
2022-08-02,49.20000076293945,44.70000076293945,45.599998474121094,48.599998474121094,50090
2022-08-03,55.650001525878906,49.20000076293945,50.099998474121094,54.599998474121094,51687
2022-08-04,59.099998474121094,52.04999923706055,54.29999923706055,58.5,59790
2022-08-05,63.900001525878906,54.900001525878906,55.5,63.900001525878906,42823
2022-08-08,68.0999984741211,62.400001525878906,63.0,66.9000015258789,47563
2022-08-09,68.0999984741211,63.0,65.4000015258789,64.19999694824219,30053
2022-08-10,69.0,63.150001525878906,66.0,67.5,41023
2022-08-11,81.9000015258789,58.79999923706055,75.0,61.20000076293945,87483
2022-08-12,62.849998474121094,59.400001525878906,61.79999923706055,62.400001525878906,34023
2022-08-15,72.30000305175781,60.0,60.900001525878906,72.0,40277
2022-08-16,73.6500015258789,67.58999633789062,72.0,72.5999984741211,36917
2022-08-17,72.30000305175781,64.80000305175781,71.69999694824219,65.0999984741211,20503
2022-08-18,67.19999694824219,58.79999923706055,65.0999984741211,61.20000076293945,24610
2022-08-19,58.79999923706055,53.400001525878906,57.900001525878906,53.70000076293945,26550
2022-08-22,53.099998474121094,48.29999923706055,51.0,48.599998474121094,33050
2022-08-23,50.400001525878906,47.099998474121094,48.900001525878906,48.29999923706055,15593
2022-08-24,51.599998474121094,48.0,51.0,50.099998474121094,32747
2022-08-25,51.599998474121094,48.900001525878906,50.400001525878906,51.0,20523
2022-08-26,51.29999923706055,45.900001525878906,51.29999923706055,47.099998474121094,26743
2022-08-29,49.20000076293945,45.29999923706055,45.29999923706055,49.20000076293945,25663
2022-08-30,50.400001525878906,44.70000076293945,49.5,45.599998474121094,22143
2022-08-31,45.900001525878906,39.0,45.900001525878906,42.900001525878906,47747
2022-09-01,45.0,39.900001525878906,42.29999923706055,45.0,45230
2022-09-02,46.04999923706055,42.0,45.0,43.20000076293945,17050
2022-09-06,44.70000076293945,41.70000076293945,43.79999923706055,42.900001525878906,23113
2022-09-07,45.0,42.900001525878906,42.900001525878906,44.400001525878906,15620
2022-09-08,45.150001525878906,42.0,43.20000076293945,43.5,21937
2022-09-09,45.29999923706055,42.75,45.0,43.20000076293945,28150
2022-09-12,45.0,42.41999816894531,44.099998474121094,43.5,28290
2022-09-13,42.150001525878906,39.29999923706055,41.400001525878906,39.599998474121094,43680
2022-09-14,40.5,38.70000076293945,39.599998474121094,39.0,26587
2022-09-15,41.099998474121094,37.20000076293945,37.20000076293945,38.70000076293945,41083
2022-09-16,39.900001525878906,37.5,38.70000076293945,39.29999923706055,58077
2022-09-19,40.5,36.0,39.0,38.099998474121094,24550
2022-09-20,39.900001525878906,36.900001525878906,37.79999923706055,37.79999923706055,20033
2022-09-21,38.70000076293945,35.400001525878906,38.70000076293945,35.70000076293945,33347
2022-09-22,36.75,33.599998474121094,35.70000076293945,36.29999923706055,35930
2022-09-23,35.54999923706055,33.599998474121094,34.5,33.900001525878906,23310
2022-09-26,35.54999923706055,32.54999923706055,33.900001525878906,33.29999923706055,22247
2022-09-27,34.79999923706055,31.799999237060547,33.599998474121094,32.70000076293945,26530
2022-09-28,34.20000076293945,31.950000762939453,32.400001525878906,34.20000076293945,33593
2022-09-29,33.0,23.459999084472656,32.70000076293945,24.1200008392334,142353
2022-09-30,32.70000076293945,24.600000381469727,24.600000381469727,26.790000915527344,187957
2022-10-03,28.920000076293945,25.709999084472656,26.81999969482422,28.709999084472656,67433
2022-10-04,33.599998474121094,28.5,28.860000610351562,32.099998474121094,39767
2022-10-05,31.5,30.0,31.5,30.899999618530273,23437
2022-10-06,32.099998474121094,30.0,30.600000381469727,31.799999237060547,19187
2022-10-07,31.200000762939453,30.0,30.600000381469727,30.600000381469727,23737
2022-10-10,30.600000381469727,29.1299991607666,30.299999237060547,30.600000381469727,13753
2022-10-11,32.099998474121094,29.100000381469727,29.700000762939453,30.899999618530273,16587
2022-10-12,31.200000762939453,29.399999618530273,30.600000381469727,30.299999237060547,12243
2022-10-13,33.0,28.6200008392334,29.100000381469727,32.099998474121094,29227
2022-10-14,33.29999923706055,29.100000381469727,33.0,29.34000015258789,16590
2022-10-17,31.799999237060547,30.0,30.899999618530273,30.899999618530273,13727
2022-10-18,32.70000076293945,30.0,31.799999237060547,30.600000381469727,11000
2022-10-19,30.899999618530273,27.059999465942383,30.0,28.59000015258789,20473
2022-10-20,33.900001525878906,27.65999984741211,28.290000915527344,30.600000381469727,29980
2022-10-21,30.600000381469727,27.899999618530273,30.600000381469727,29.25,14917
2022-10-24,30.0,28.200000762939453,30.0,28.979999542236328,10600
2022-10-25,33.900001525878906,29.100000381469727,29.399999618530273,32.70000076293945,24790
2022-10-26,35.099998474121094,31.5,32.400001525878906,32.400001525878906,14220
2022-10-27,33.0,30.899999618530273,33.0,31.200000762939453,10443
2022-10-28,34.5,30.299999237060547,31.5,33.0,19037
2022-10-31,36.599998474121094,31.5,33.29999923706055,33.599998474121094,25377
2022-11-01,35.70000076293945,32.400001525878906,35.099998474121094,35.099998474121094,20640
2022-11-02,37.5,33.599998474121094,34.20000076293945,34.20000076293945,18843
2022-11-03,36.29999923706055,32.70000076293945,34.20000076293945,35.400001525878906,22810
2022-11-04,37.20000076293945,30.299999237060547,36.0,31.200000762939453,26907
2022-11-07,32.099998474121094,30.149999618530273,31.200000762939453,30.899999618530273,10360
2022-11-08,31.440000534057617,28.68000030517578,31.200000762939453,28.889999389648438,23670
2022-11-09,29.8799991607666,27.030000686645508,28.799999237060547,28.530000686645508,22340
2022-11-10,30.299999237060547,25.260000228881836,30.0,25.799999237060547,38757
2022-11-11,27.600000381469727,25.5,26.3700008392334,26.15999984741211,27470
2022-11-14,28.5,24.0,27.899999618530273,24.0,52210
2022-11-15,26.43000030517578,24.0,25.40999984741211,24.030000686645508,41107
2022-11-16,24.65999984741211,22.5,24.360000610351562,22.559999465942383,39810
2022-11-17,22.799999237060547,21.059999465942383,22.5,22.170000076293945,42617
2022-11-18,24.299999237060547,20.100000381469727,24.299999237060547,20.309999465942383,29730
2022-11-21,21.0,19.799999237060547,21.0,20.700000762939453,30817
2022-11-22,21.84000015258789,20.06999969482422,20.639999389648438,21.0,34673
2022-11-23,23.43000030517578,20.700000762939453,21.420000076293945,23.100000381469727,33903
2022-11-25,24.75,22.350000381469727,22.799999237060547,24.600000381469727,55043
2022-11-28,24.56999969482422,22.530000686645508,23.729999542236328,23.610000610351562,33817
2022-11-29,23.700000762939453,21.18000030517578,22.979999542236328,21.93000030517578,23257
2022-11-30,22.799999237060547,21.0,22.139999389648438,22.40999984741211,31370
2022-12-01,23.100000381469727,21.690000534057617,22.40999984741211,22.200000762939453,30717
2022-12-02,23.1299991607666,21.0,21.780000686645508,22.799999237060547,22943
2022-12-05,23.15999984741211,20.700000762939453,23.040000915527344,21.09000015258789,34647
2022-12-06,21.149999618530273,18.65999984741211,21.0,18.93000030517578,37200
2022-12-07,19.68000030517578,17.459999084472656,18.299999237060547,18.0,59493
2022-12-08,18.8700008392334,17.190000534057617,18.8700008392334,17.459999084472656,40317
2022-12-09,17.639999389648438,16.799999237060547,17.399999618530273,16.799999237060547,35280
2022-12-12,17.100000381469727,14.789999961853027,16.6200008392334,15.0,57100
2022-12-13,18.690000534057617,15.449999809265137,15.449999809265137,17.90999984741211,95553
2022-12-14,18.270000457763672,15.449999809265137,18.0,15.539999961853027,39650
2022-12-15,16.139999389648438,14.760000228881836,15.449999809265137,15.0,68783
2022-12-16,15.899999618530273,14.399999618530273,14.640000343322754,15.0,135530
2022-12-19,15.600000381469727,14.399999618530273,15.600000381469727,14.399999618530273,36603
2022-12-20,15.0,14.130000114440918,14.460000038146973,14.670000076293945,26273
2022-12-21,16.079999923706055,14.729999542236328,14.729999542236328,15.84000015258789,31273
2022-12-22,15.989999771118164,14.399999618530273,15.149999618530273,14.399999618530273,34580
2022-12-23,14.699999809265137,13.289999961853027,13.680000305175781,14.1899995803833,25277
2022-12-27,14.100000381469727,13.319999694824219,13.770000457763672,13.319999694824219,26947
2022-12-28,18.0,13.5,14.100000381469727,16.5,88240
2022-12-29,18.600000381469727,16.110000610351562,16.799999237060547,17.969999313354492,44940
2022-12-30,18.600000381469727,16.559999465942383,17.700000762939453,18.600000381469727,29603
2023-01-03,19.350000381469727,17.459999084472656,18.56999969482422,18.1200008392334,12250
2023-01-04,21.059999465942383,18.030000686645508,18.09000015258789,20.15999984741211,24717
2023-01-05,20.670000076293945,19.350000381469727,20.670000076293945,19.59000015258789,13287
2023-01-06,20.549999237060547,18.209999084472656,19.799999237060547,19.440000534057617,20990
2023-01-09,22.5,19.889999389648438,20.309999465942383,21.149999618530273,33587
2023-01-10,24.149999618530273,19.950000762939453,21.299999237060547,23.969999313354492,27500
2023-01-11,27.0,22.68000030517578,24.0,23.790000915527344,37300
2023-01-12,25.5,23.700000762939453,23.700000762939453,24.989999771118164,17223
2023-01-13,26.25,24.0,25.559999465942383,24.93000030517578,13760
2023-01-17,25.559999465942383,23.81999969482422,25.5,24.959999084472656,19143
2023-01-18,25.5,20.399999618530273,25.5,21.600000381469727,40550
2023-01-19,21.56999969482422,19.979999542236328,20.610000610351562,20.489999771118164,14467
2023-01-20,23.399999618530273,21.0,22.530000686645508,22.530000686645508,13887
2023-01-23,25.5,22.200000762939453,22.6200008392334,23.90999984741211,22700
2023-01-24,24.690000534057617,23.100000381469727,24.600000381469727,24.209999084472656,12607
2023-01-25,24.899999618530273,23.100000381469727,24.299999237060547,24.719999313354492,18353
2023-01-26,25.440000534057617,23.100000381469727,24.510000228881836,23.790000915527344,13107
2023-01-27,24.899999618530273,22.59000015258789,24.18000030517578,23.729999542236328,15670
2023-01-30,24.600000381469727,23.399999618530273,23.81999969482422,23.729999542236328,9480
2023-01-31,24.600000381469727,23.190000534057617,23.700000762939453,23.610000610351562,17957
2023-02-01,24.0,22.200000762939453,23.3700008392334,23.729999542236328,21960
2023-02-02,26.700000762939453,21.899999618530273,24.0,25.139999389648438,34143
2023-02-03,26.850000381469727,24.209999084472656,25.5,26.729999542236328,26510
2023-02-06,27.299999237060547,25.799999237060547,26.700000762939453,25.920000076293945,17857
2023-02-07,26.850000381469727,24.0,26.549999237060547,25.170000076293945,15983
2023-02-08,25.40999984741211,23.700000762939453,25.110000610351562,24.209999084472656,14153
2023-02-09,24.600000381469727,21.299999237060547,24.600000381469727,21.8700008392334,27943
2023-02-10,22.770000457763672,21.0,21.8700008392334,22.440000534057617,15453
2023-02-13,22.799999237060547,21.059999465942383,22.5,21.510000228881836,22917
2023-02-14,23.700000762939453,21.0,22.020000457763672,22.3799991607666,9583
2023-02-15,23.90999984741211,22.40999984741211,23.06999969482422,23.489999771118164,11287
2023-02-16,24.56999969482422,21.780000686645508,23.489999771118164,22.260000228881836,12347
2023-02-17,23.700000762939453,20.700000762939453,23.700000762939453,21.75,15120
2023-02-21,22.200000762939453,20.399999618530273,21.420000076293945,20.579999923706055,12193
2023-02-22,22.200000762939453,19.799999237060547,21.09000015258789,21.600000381469727,14630
2023-02-23,23.100000381469727,20.489999771118164,22.350000381469727,21.450000762939453,11307
2023-02-24,21.899999618530273,20.399999618530273,21.329999923706055,20.850000381469727,12203
2023-02-27,22.079999923706055,20.3700008392334,21.56999969482422,20.579999923706055,11890
2023-02-28,21.56999969482422,19.950000762939453,20.700000762939453,20.06999969482422,13053
2023-03-01,20.459999084472656,18.149999618530273,20.010000228881836,18.450000762939453,35443
2023-03-02,20.459999084472656,18.299999237060547,18.360000610351562,19.6200008392334,12633
2023-03-03,21.56999969482422,19.5,20.520000457763672,20.700000762939453,8870
2023-03-06,23.100000381469727,20.700000762939453,21.719999313354492,21.510000228881836,14370
2023-03-07,22.559999465942383,21.149999618530273,21.299999237060547,21.239999771118164,7967
2023-03-08,22.260000228881836,19.950000762939453,22.200000762939453,20.1299991607666,14657
2023-03-09,21.18000030517578,18.299999237060547,20.25,18.6299991607666,17833
2023-03-10,18.780000686645508,16.950000762939453,18.780000686645508,17.100000381469727,39850
2023-03-13,18.600000381469727,16.229999542236328,16.950000762939453,17.100000381469727,31290
2023-03-14,19.5,16.229999542236328,18.0,17.25,26287
2023-03-15,17.219999313354492,16.290000915527344,17.15999984741211,17.100000381469727,18777
2023-03-16,17.729999542236328,16.799999237060547,17.040000915527344,17.399999618530273,12493
2023-03-17,18.600000381469727,16.799999237060547,17.1299991607666,17.100000381469727,35400
2023-03-20,17.940000534057617,15.300000190734863,17.25,15.930000305175781,20020
2023-03-21,17.610000610351562,16.200000762939453,17.610000610351562,16.5,12703
2023-03-22,16.920000076293945,14.850000381469727,15.779999732971191,15.0,25060
2023-03-23,17.309999465942383,14.220000267028809,15.0,15.569999694824219,31400
2023-03-24,15.600000381469727,14.100000381469727,14.279999732971191,14.819999694824219,22137
2023-03-27,16.5,14.609999656677246,15.899999618530273,14.819999694824219,10577
2023-03-28,16.530000686645508,14.729999542236328,14.90999984741211,16.290000915527344,16080
2023-03-29,17.850000381469727,15.899999618530273,16.290000915527344,17.399999618530273,13563
2023-03-30,17.760000228881836,16.950000762939453,17.309999465942383,17.399999618530273,4210
2023-03-31,18.600000381469727,15.75,17.34000015258789,17.040000915527344,17857
2023-04-03,17.579999923706055,15.600000381469727,15.65999984741211,16.31999969482422,12957
2023-04-04,16.68000030517578,15.239999771118164,16.5,15.300000190734863,10837
2023-04-05,15.600000381469727,14.699999809265137,15.390000343322754,14.789999961853027,7587
2023-04-06,15.300000190734863,14.819999694824219,15.0600004196167,15.0600004196167,4533
2023-04-10,15.0,13.050000190734863,14.399999618530273,14.100000381469727,32723
2023-04-11,15.149999618530273,14.100000381469727,14.100000381469727,14.90999984741211,11727
2023-04-12,15.510000228881836,13.050000190734863,14.550000190734863,13.40999984741211,28583
2023-04-13,14.399999618530273,13.199999809265137,13.5,13.649999618530273,13730
2023-04-14,14.399999618530273,13.079999923706055,14.15999984741211,13.40999984741211,9130
2023-04-17,13.800000190734863,12.960000038146973,13.199999809265137,13.229999542236328,15753
2023-04-18,13.920000076293945,12.600000381469727,13.170000076293945,12.75,19877
2023-04-19,12.989999771118164,12.300000190734863,12.300000190734863,12.6899995803833,20030
2023-04-20,13.739999771118164,12.630000114440918,13.109999656677246,12.8100004196167,11720
2023-04-21,13.319999694824219,12.300000190734863,12.600000381469727,12.600000381469727,23767
2023-04-24,12.0,10.40999984741211,12.0,10.979999542236328,120303
2023-04-25,11.8100004196167,7.5,10.770000457763672,9.1899995803833,562600
2023-04-26,9.779999732971191,9.0,9.010000228881836,9.210000038146973,113300
2023-04-27,9.3100004196167,8.680000305175781,9.140000343322754,9.020000457763672,44400
2023-04-28,9.729999542236328,8.699999809265137,8.920000076293945,9.300000190734863,59200
2023-05-01,11.449999809265137,9.199999809265137,9.329999923706055,11.149999618530273,90700
2023-05-02,12.880000114440918,10.460000038146973,11.039999961853027,12.75,108800
2023-05-03,13.079999923706055,12.020000457763672,12.680000305175781,12.819999694824219,57500
2023-05-04,12.760000228881836,12.020000457763672,12.760000228881836,12.050000190734863,34500
2023-05-05,13.239999771118164,12.210000038146973,12.210000038146973,13.140000343322754,30100
2023-05-08,22.920000076293945,13.0,13.09000015258789,19.700000762939453,1124900
2023-05-09,18.020000457763672,13.300000190734863,16.010000228881836,14.260000228881836,245800
2023-05-10,14.739999771118164,13.109999656677246,14.0,13.529999732971191,62400
2023-05-11,13.479999542236328,12.920000076293945,13.380000114440918,13.170000076293945,38800
2023-05-12,13.550000190734863,12.359999656677246,13.319999694824219,12.630000114440918,33100
2023-05-15,13.1899995803833,12.210000038146973,12.619999885559082,12.960000038146973,44900
2023-05-16,12.760000228881836,11.609999656677246,12.579999923706055,11.739999771118164,56000
2023-05-17,11.760000228881836,10.029999732971191,11.729999542236328,10.390000343322754,98300
2023-05-18,10.9399995803833,10.25,10.25,10.75,32800
2023-05-19,11.0,9.75,10.989999771118164,9.920000076293945,43200
2023-05-22,10.449999809265137,9.729999542236328,9.729999542236328,10.270000457763672,67300
2023-05-23,11.609999656677246,10.239999771118164,10.239999771118164,11.430000305175781,57400
2023-05-24,11.4350004196167,10.635000228881836,11.319999694824219,11.289999961853027,31000
2023-05-25,12.319999694824219,10.9350004196167,11.239999771118164,11.800000190734863,63600
2023-05-26,11.732999801635742,10.706999778747559,11.710000038146973,10.90999984741211,40100
2023-05-30,11.399999618530273,10.520000457763672,10.949999809265137,11.260000228881836,39500
2023-05-31,11.569999694824219,10.899999618530273,11.170000076293945,11.140000343322754,16300
2023-06-01,11.4399995803833,10.420000076293945,11.050000190734863,10.75,31600
2023-06-02,11.008999824523926,10.145000457763672,10.829999923706055,10.949999809265137,42400
2023-06-05,11.420000076293945,10.619999885559082,11.020000457763672,11.260000228881836,37200
2023-06-06,12.845000267028809,11.15999984741211,11.15999984741211,11.90999984741211,79800
2023-06-07,12.630000114440918,11.8149995803833,12.039999961853027,12.050000190734863,47200
2023-06-08,12.140000343322754,10.880000114440918,12.0,11.279999732971191,43000
2023-06-09,11.602999687194824,10.8100004196167,11.100000381469727,10.9399995803833,26300
2023-06-12,12.380000114440918,10.979999542236328,11.0,12.1899995803833,51300
2023-06-13,12.399999618530273,11.583000183105469,12.210000038146973,11.859999656677246,45800
2023-06-14,12.279999732971191,11.395999908447266,11.789999961853027,11.630000114440918,44100
2023-06-15,11.59000015258789,11.010000228881836,11.550000190734863,11.130000114440918,46600
2023-06-16,11.479999542236328,10.819999694824219,11.359999656677246,11.220000267028809,57500
2023-06-20,11.329999923706055,10.579999923706055,11.15999984741211,10.899999618530273,83100
2023-06-21,11.3100004196167,10.350000381469727,10.850000381469727,10.890000343322754,66300
2023-06-22,11.119999885559082,10.5,10.789999961853027,10.6899995803833,54500
2023-06-23,11.069999694824219,10.109999656677246,10.40999984741211,10.510000228881836,594200
2023-06-26,12.670000076293945,10.720000267028809,11.010000228881836,11.800000190734863,124700
2023-06-27,12.539999961853027,11.5,11.989999771118164,12.3100004196167,29600
2023-06-28,12.800000190734863,11.970000267028809,12.220000267028809,12.420000076293945,30500
2023-06-29,13.027000427246094,12.425000190734863,12.449999809265137,12.960000038146973,18300
2023-06-30,13.170000076293945,11.800000190734863,13.029999732971191,12.010000228881836,32500
2023-07-03,12.9399995803833,12.0,12.0,12.770000457763672,19300
2023-07-05,12.869999885559082,10.75,12.869999885559082,11.319999694824219,102200
2023-07-06,11.460000038146973,10.800000190734863,11.079999923706055,11.399999618530273,61100
2023-07-07,11.75,11.142000198364258,11.40999984741211,11.5,22000
2023-07-10,12.079999923706055,11.149999618530273,11.460000038146973,11.989999771118164,33700
2023-07-11,12.380000114440918,11.609999656677246,11.989999771118164,12.25,32100
2023-07-12,12.569999694824219,11.699999809265137,12.569999694824219,12.210000038146973,34100
2023-07-13,12.800000190734863,11.819999694824219,12.279999732971191,11.949999809265137,55400
2023-07-14,11.989999771118164,10.8100004196167,11.90999984741211,11.100000381469727,51900
2023-07-17,12.399999618530273,11.0,11.020000457763672,11.84000015258789,63600
2023-07-18,12.104999542236328,11.25,11.869999885559082,11.4399995803833,32300
2023-07-19,12.399999618530273,11.5,11.5,12.399999618530273,31000
2023-07-20,12.510000228881836,12.024999618530273,12.3100004196167,12.510000228881836,30700
2023-07-21,12.640000343322754,11.859999656677246,12.520000457763672,12.470000267028809,52500
2023-07-24,12.65999984741211,11.91100025177002,12.65999984741211,12.180000305175781,16300
2023-07-25,12.239999771118164,11.550000190734863,12.239999771118164,11.699999809265137,12200
2023-07-26,12.039999961853027,11.550000190734863,11.6899995803833,12.0,13700
2023-07-27,12.4350004196167,11.600000381469727,12.210000038146973,12.1899995803833,57800
2023-07-28,13.569999694824219,11.96500015258789,12.180000305175781,13.489999771118164,37900
2023-07-31,14.569999694824219,13.390000343322754,13.390000343322754,14.359999656677246,50000
2023-08-01,14.600000381469727,13.600000381469727,14.329999923706055,14.09000015258789,35800
2023-08-02,15.300000190734863,13.73799991607666,14.170000076293945,15.140000343322754,58300
2023-08-03,15.40999984741211,14.039999961853027,15.199999809265137,14.300000190734863,45900
2023-08-04,15.114999771118164,13.640000343322754,14.260000228881836,13.90999984741211,28900
2023-08-07,14.569999694824219,13.680000305175781,14.0,13.979999542236328,45800
2023-08-08,13.510000228881836,12.010000228881836,12.65999984741211,12.550000190734863,103300
2023-08-09,12.850000381469727,11.859999656677246,12.850000381469727,12.399999618530273,40000
2023-08-10,14.59000015258789,12.600000381469727,12.649999618530273,14.319999694824219,79300
2023-08-11,16.940000534057617,14.0,14.0,16.329999923706055,106400
2023-08-14,17.90999984741211,15.739999771118164,16.6200008392334,16.459999084472656,89400
2023-08-15,16.280000686645508,14.902000427246094,15.989999771118164,15.460000038146973,42900
2023-08-16,16.040000915527344,13.670000076293945,15.5600004196167,14.670000076293945,61600
2023-08-17,15.140000343322754,14.5,15.140000343322754,14.8100004196167,19000
2023-08-18,15.380000114440918,13.770000457763672,14.460000038146973,14.729999542236328,15400
2023-08-21,15.59000015258789,14.699999809265137,14.75,15.460000038146973,35000
2023-08-22,16.489999771118164,15.09000015258789,15.600000381469727,16.479999542236328,52100
2023-08-23,19.80500030517578,15.9399995803833,16.5,19.0,134500
2023-08-24,19.764999389648438,16.96500015258789,18.40999984741211,17.260000228881836,94700
2023-08-25,19.1200008392334,17.3700008392334,17.3700008392334,18.290000915527344,60400
2023-08-28,19.0,17.030000686645508,19.0,17.329999923706055,34900
2023-08-29,18.545000076293945,17.299999237060547,17.31999969482422,18.100000381469727,41900
2023-08-30,19.40999984741211,17.493000030517578,17.860000610351562,19.40999984741211,70200
2023-08-31,22.899999618530273,18.825000762939453,19.5,22.3799991607666,188300
2023-09-01,23.5,21.53499984741211,22.209999084472656,23.079999923706055,92200
2023-09-05,24.309999465942383,22.325000762939453,22.65999984741211,23.309999465942383,68700
2023-09-06,23.559999465942383,21.7450008392334,23.559999465942383,22.719999313354492,37500
2023-09-07,22.94700050354004,21.770000457763672,22.6299991607666,22.40999984741211,43400
2023-09-08,22.350000381469727,19.850000381469727,22.059999465942383,20.06999969482422,50700
2023-09-11,20.979999542236328,18.940000534057617,20.75,19.110000610351562,77200
2023-09-12,19.225000381469727,18.010000228881836,18.739999771118164,19.09000015258789,109200
2023-09-13,21.649999618530273,19.06999969482422,19.06999969482422,21.030000686645508,49500
2023-09-14,22.0,20.226999282836914,21.200000762939453,21.229999542236328,51400
2023-09-15,21.719999313354492,19.8799991607666,21.479999542236328,20.040000915527344,103200
2023-09-18,20.639999389648438,19.3799991607666,19.670000076293945,20.479999542236328,49100
2023-09-19,21.850000381469727,19.8700008392334,20.739999771118164,21.190000534057617,49900
2023-09-20,25.183000564575195,21.15999984741211,21.299999237060547,24.799999237060547,157500
2023-09-21,24.757999420166016,23.450000762939453,24.739999771118164,24.299999237060547,109800
2023-09-22,24.40999984741211,21.799999237060547,24.110000610351562,22.389999389648438,74700
2023-09-25,23.34000015258789,21.510000228881836,22.020000457763672,22.780000686645508,58100
2023-09-26,22.954999923706055,21.139999389648438,22.579999923706055,21.5,35200
2023-09-27,21.65999984741211,19.649999618530273,21.260000228881836,19.90999984741211,62900
2023-09-28,21.214000701904297,18.68000030517578,19.510000228881836,20.729999542236328,83100
2023-09-29,22.709999084472656,20.690000534057617,20.959999084472656,21.639999389648438,26400
2023-10-02,21.989999771118164,20.6299991607666,21.15999984741211,20.639999389648438,35700
2023-10-03,20.55900001525879,19.65999984741211,20.5,20.100000381469727,49000
2023-10-04,20.30500030517578,19.25,20.079999923706055,19.389999389648438,63600
2023-10-05,20.510000228881836,18.5,19.309999465942383,20.510000228881836,83100
2023-10-06,21.844999313354492,19.719999313354492,20.010000228881836,20.93000030517578,122000
2023-10-09,21.5,20.2549991607666,20.6299991607666,20.979999542236328,50700
2023-10-10,22.760000228881836,21.030000686645508,21.030000686645508,22.290000915527344,89200
2023-10-11,22.690000534057617,21.850000381469727,22.170000076293945,22.360000610351562,38000
2023-10-12,22.350000381469727,20.3700008392334,22.229999542236328,20.5,27400
2023-10-13,20.690000534057617,19.84000015258789,20.56999969482422,20.06999969482422,17800
2023-10-16,21.729999542236328,20.18000030517578,20.229999542236328,21.59000015258789,62700
2023-10-17,22.299999237060547,21.3799991607666,21.3799991607666,22.020000457763672,27900
2023-10-18,21.639999389648438,21.03499984741211,21.540000915527344,21.25,15100
2023-10-19,20.979999542236328,17.399999618530273,20.979999542236328,18.239999771118164,93300
2023-10-20,20.882999420166016,17.639999389648438,18.079999923706055,20.149999618530273,122500
2023-10-23,20.059999465942383,18.229999542236328,19.950000762939453,18.229999542236328,53800
2023-10-24,19.43000030517578,18.420000076293945,18.420000076293945,19.100000381469727,24900
2023-10-25,19.229999542236328,18.09000015258789,18.649999618530273,18.25,24300
2023-10-26,19.399999618530273,18.25,18.25,19.0,45900
2023-10-27,19.209999084472656,17.8700008392334,19.06999969482422,17.889999389648438,31500
2023-10-30,19.450000762939453,18.190000534057617,18.5,19.31999969482422,33500
2023-10-31,19.68000030517578,19.030000686645508,19.190000534057617,19.239999771118164,30600
2023-11-01,19.360000610351562,17.920000076293945,19.149999618530273,19.049999237060547,40400
2023-11-02,22.93000030517578,19.600000381469727,19.600000381469727,22.84000015258789,102600
2023-11-03,24.790000915527344,22.700000762939453,22.700000762939453,23.969999313354492,75900
2023-11-06,23.399999618530273,21.8799991607666,23.0,22.8700008392334,53200
2023-11-07,24.655000686645508,20.73900032043457,22.5,22.670000076293945,101100
2023-11-08,28.030000686645508,21.8799991607666,21.8799991607666,26.190000534057617,127900
2023-11-09,29.3700008392334,25.15999984741211,25.15999984741211,27.959999084472656,79800
2023-11-10,31.93000030517578,26.90999984741211,28.18000030517578,31.440000534057617,171200
2023-11-13,31.649999618530273,28.642000198364258,31.649999618530273,30.360000610351562,89300
