Date,High_OTIS,Low_OTIS,Open_OTIS,Close_OTIS,Volume_OTIS
2020-03-19,46.0,40.0,40.0,45.25,7000
2020-03-20,46.0099983215332,45.0,45.0099983215332,45.0,3600
2020-03-23,42.0,39.97999954223633,42.0,40.0,11900
2020-03-24,40.0,39.0,40.0,40.0,77800
2020-03-25,44.79999923706055,38.0,40.0,41.0099983215332,7000
2020-03-26,47.5,44.25,45.0,45.0,29100
2020-03-27,47.5,44.9900016784668,45.0,45.23500061035156,263200
2020-03-30,50.0,44.25,44.25,50.0,118100
2020-03-31,50.0,44.779998779296875,46.5,50.0,210300
2020-04-01,48.5,44.0,45.9900016784668,46.70000076293945,1206100
2020-04-02,48.65999984741211,43.20000076293945,45.02399826049805,44.0,9264200
2020-04-03,49.29999923706055,41.79999923706055,43.75,47.31999969482422,22551600
2020-04-06,47.849998474121094,44.70000076293945,47.0,45.939998626708984,10294200
2020-04-07,46.9900016784668,42.93000030517578,45.150001525878906,44.279998779296875,12146500
2020-04-08,45.20000076293945,41.2599983215332,42.209999084472656,44.09000015258789,22265800
2020-04-09,50.25,44.0,44.04999923706055,49.13999938964844,17355600
2020-04-13,48.66999816894531,45.720001220703125,48.54999923706055,46.0,8545100
2020-04-14,46.29999923706055,43.970001220703125,45.90999984741211,45.88999938964844,10152100
2020-04-15,44.849998474121094,42.79999923706055,44.189998626708984,44.54999923706055,7935500
2020-04-16,46.40700149536133,43.54999923706055,44.08000183105469,45.619998931884766,8740200
2020-04-17,48.560001373291016,45.91999816894531,47.0,46.150001525878906,7878100
2020-04-20,46.97999954223633,44.900001525878906,45.0,45.38999938964844,5407500
2020-04-21,47.20000076293945,44.5,44.5,45.900001525878906,6939700
2020-04-22,49.54999923706055,46.0,47.310001373291016,47.04999923706055,6801900
2020-04-23,48.040000915527344,46.47999954223633,47.439998626708984,47.470001220703125,5174800
2020-04-24,48.5,46.310001373291016,48.02000045776367,47.849998474121094,6446900
2020-04-27,48.599998474121094,47.61000061035156,48.08000183105469,48.220001220703125,5541100
2020-04-28,50.95000076293945,48.650001525878906,49.06999969482422,49.86000061035156,5368200
2020-04-29,51.72999954223633,49.709999084472656,50.77000045776367,51.150001525878906,4343900
2020-04-30,51.599998474121094,50.5,50.970001220703125,50.90999984741211,6123800
2020-05-01,50.529998779296875,48.310001373291016,50.33000183105469,49.709999084472656,3089700
2020-05-04,49.66999816894531,47.5099983215332,48.849998474121094,49.529998779296875,5676600
2020-05-05,50.63999938964844,47.959999084472656,49.529998779296875,48.09000015258789,4103600
2020-05-06,49.0,47.88999938964844,48.61000061035156,48.310001373291016,2931800
2020-05-07,53.290000915527344,48.9900016784668,49.02000045776367,51.810001373291016,4803200
2020-05-08,54.16999816894531,52.11000061035156,52.119998931884766,52.95000076293945,4289400
2020-05-11,52.400001525878906,51.060001373291016,52.0,51.810001373291016,3150600
2020-05-12,52.290000915527344,49.689998626708984,52.189998626708984,49.720001220703125,3059800
2020-05-13,50.29999923706055,47.8849983215332,49.0,48.209999084472656,4567000
2020-05-14,48.400001525878906,47.22999954223633,47.61000061035156,48.0,4849900
2020-05-15,49.220001220703125,47.20000076293945,47.31999969482422,48.88999938964844,2981400
2020-05-18,52.34000015258789,50.119998931884766,50.119998931884766,52.130001068115234,4452600
2020-05-19,52.928001403808594,51.05500030517578,51.68000030517578,52.310001373291016,2050300
2020-05-20,54.70000076293945,52.474998474121094,52.54999923706055,53.18000030517578,4755100
2020-05-21,53.54999923706055,51.869998931884766,52.36000061035156,52.029998779296875,3813100
2020-05-22,52.720001220703125,50.91999816894531,52.459999084472656,51.709999084472656,2134300
2020-05-26,53.9900016784668,50.70000076293945,53.029998779296875,50.88999938964844,6247000
2020-05-27,52.650001525878906,50.77000045776367,51.59000015258789,52.380001068115234,5202300
2020-05-28,52.95000076293945,50.93000030517578,52.869998931884766,50.959999084472656,4260700
2020-05-29,52.869998931884766,50.18000030517578,50.439998626708984,52.650001525878906,7522700
2020-06-01,54.439998626708984,52.11000061035156,52.45000076293945,54.08000183105469,3073300
2020-06-02,54.75,53.290000915527344,54.15999984741211,54.150001525878906,2638100
2020-06-03,55.58000183105469,54.54999923706055,55.0,55.470001220703125,4134500
2020-06-04,56.65999984741211,54.689998626708984,55.29999923706055,55.400001525878906,3281300
2020-06-05,58.70899963378906,56.0,57.83000183105469,58.56999969482422,4615100
2020-06-08,61.31999969482422,58.36000061035156,58.68000030517578,61.2599983215332,5966500
2020-06-09,61.459999084472656,59.2400016784668,60.400001525878906,60.650001525878906,4610200
2020-06-10,60.959999084472656,59.02000045776367,60.61000061035156,59.029998779296875,2658300
2020-06-11,58.06999969482422,55.70500183105469,56.0,56.25,3293900
2020-06-12,58.97999954223633,55.099998474121094,57.72999954223633,56.040000915527344,4313000
2020-06-15,57.79999923706055,53.83000183105469,54.5099983215332,57.66999816894531,4464300
2020-06-16,59.79999923706055,57.375,59.5,57.849998474121094,3510300
2020-06-17,58.189998626708984,56.459999084472656,58.119998931884766,56.7400016784668,2441500
2020-06-18,57.68000030517578,56.2400016784668,56.439998626708984,57.4900016784668,2137500
2020-06-19,58.959999084472656,55.95000076293945,58.959999084472656,57.0,7096100
2020-06-22,58.18000030517578,56.63999938964844,56.880001068115234,57.060001373291016,2027000
2020-06-23,57.869998931884766,56.59000015258789,57.689998626708984,56.79999923706055,2386900
2020-06-24,56.970001220703125,55.25,56.150001525878906,55.540000915527344,3022000
2020-06-25,56.5,54.7599983215332,55.04999923706055,56.20000076293945,2942900
2020-06-26,56.47999954223633,54.44200134277344,56.22999954223633,55.790000915527344,6634300
2020-06-29,56.79999923706055,55.33000183105469,55.88999938964844,56.56999969482422,2257300
2020-06-30,57.099998474121094,55.5099983215332,55.970001220703125,56.86000061035156,2518100
2020-07-01,57.0,55.75,57.0,55.779998779296875,2400200
2020-07-02,57.2400016784668,55.77000045776367,56.43000030517578,56.5,3162900
2020-07-06,57.58000183105469,56.43000030517578,57.380001068115234,56.86000061035156,1999100
2020-07-07,57.310001373291016,56.119998931884766,56.43000030517578,56.81999969482422,2537900
2020-07-08,57.150001525878906,56.27000045776367,57.029998779296875,56.91999816894531,6694900
2020-07-09,57.939998626708984,56.06999969482422,56.86000061035156,56.11000061035156,2424200
2020-07-10,57.310001373291016,56.040000915527344,56.22999954223633,56.97999954223633,2137300
2020-07-13,57.939998626708984,56.46500015258789,56.560001373291016,56.88999938964844,2882500
2020-07-14,57.45000076293945,56.029998779296875,56.220001220703125,57.369998931884766,2755100
2020-07-15,59.0,57.86000061035156,58.0099983215332,58.20000076293945,2358400
2020-07-16,58.560001373291016,57.65800094604492,58.0,58.31999969482422,2628800
2020-07-17,59.029998779296875,58.150001525878906,58.72999954223633,58.54999923706055,2983100
2020-07-20,59.650001525878906,57.9900016784668,58.41999816894531,58.560001373291016,2407800
2020-07-21,58.939998626708984,58.099998474121094,58.380001068115234,58.439998626708984,2314000
2020-07-22,58.93000030517578,57.68000030517578,57.959999084472656,58.47999954223633,2034300
2020-07-23,59.46799850463867,58.34000015258789,58.5,59.060001373291016,2566500
2020-07-24,59.19499969482422,57.630001068115234,59.18000030517578,58.130001068115234,3142100
2020-07-27,58.439998626708984,57.599998474121094,57.86000061035156,58.31999969482422,2670300
2020-07-28,61.83000183105469,59.70000076293945,59.81999969482422,60.279998779296875,4473600
2020-07-29,64.36000061035156,60.959999084472656,60.959999084472656,64.30000305175781,4885400
2020-07-30,64.5199966430664,63.150001525878906,63.439998626708984,63.38999938964844,2307000
2020-07-31,63.439998626708984,62.18000030517578,63.439998626708984,62.7400016784668,3156100
2020-08-03,63.81999969482422,62.7400016784668,63.02000045776367,63.209999084472656,3200500
2020-08-04,62.900001525878906,61.970001220703125,62.58000183105469,62.61000061035156,1739400
2020-08-05,63.650001525878906,62.34000015258789,62.7400016784668,63.09000015258789,2645000
2020-08-06,63.52000045776367,62.8650016784668,62.88999938964844,63.47999954223633,1557400
2020-08-07,64.47000122070312,63.15999984741211,63.15999984741211,64.41000366210938,1169100
2020-08-10,65.30000305175781,64.29000091552734,64.29000091552734,65.20999908447266,1572700
2020-08-11,65.94999694824219,64.33000183105469,65.5199966430664,64.37000274658203,2787700
2020-08-12,65.47000122070312,64.22000122070312,64.97000122070312,64.9000015258789,1496600
2020-08-13,64.95999908447266,63.83000183105469,64.95999908447266,64.0,1436200
2020-08-14,64.51000213623047,63.599998474121094,63.709999084472656,64.06999969482422,1633900
2020-08-17,64.52999877929688,63.709999084472656,64.45999908447266,63.959999084472656,1785500
2020-08-18,64.4000015258789,63.375,63.849998474121094,63.45000076293945,1680200
2020-08-19,63.59000015258789,62.59000015258789,63.47999954223633,62.91999816894531,1549000
2020-08-20,63.25,61.810001373291016,62.15999984741211,62.970001220703125,1291500
2020-08-21,63.7400016784668,62.59000015258789,63.029998779296875,63.630001068115234,2649500
2020-08-24,64.2300033569336,63.040000915527344,63.61000061035156,63.79999923706055,3199900
2020-08-25,64.80999755859375,63.904998779296875,64.41000366210938,64.29000091552734,1604100
2020-08-26,64.79000091552734,63.74800109863281,64.27999877929688,64.18000030517578,1161900
2020-08-27,64.90499877929688,63.16999816894531,64.47000122070312,63.22999954223633,1341700
2020-08-28,63.630001068115234,62.650001525878906,63.27000045776367,63.59000015258789,1129900
2020-08-31,63.84000015258789,62.84000015258789,63.61000061035156,62.900001525878906,1736400
2020-09-01,64.27999877929688,62.32500076293945,62.52000045776367,64.05000305175781,2334100
2020-09-02,65.55999755859375,63.650001525878906,63.72999954223633,65.33999633789062,1827200
2020-09-03,65.44999694824219,61.060001373291016,64.87999725341797,61.849998474121094,3096800
2020-09-04,62.599998474121094,60.43000030517578,62.5,61.4900016784668,2697000
2020-09-08,61.75,60.459999084472656,61.43000030517578,60.630001068115234,2137900
2020-09-09,62.529998779296875,61.0,61.029998779296875,62.08000183105469,1888500
2020-09-10,61.97999954223633,59.72999954223633,61.97999954223633,59.900001525878906,3828900
2020-09-11,60.709999084472656,59.775001525878906,60.2599983215332,60.13999938964844,2273400
2020-09-14,60.56999969482422,59.06700134277344,60.56999969482422,59.9900016784668,2420100
2020-09-15,61.619998931884766,60.029998779296875,60.029998779296875,60.29999923706055,1629400
2020-09-16,61.0099983215332,59.400001525878906,60.86000061035156,59.790000915527344,2457000
2020-09-17,61.09000015258789,58.040000915527344,58.75,61.040000915527344,2219900
2020-09-18,62.63999938964844,60.38999938964844,61.15999984741211,60.880001068115234,3806500
2020-09-21,60.220001220703125,58.66999816894531,60.0,59.40999984741211,2512100
2020-09-22,61.119998931884766,58.86000061035156,58.939998626708984,60.9900016784668,1841500
2020-09-23,61.77000045776367,60.20000076293945,60.77000045776367,60.40999984741211,1733700
2020-09-24,62.75,60.459999084472656,60.849998474121094,62.08000183105469,2374800
2020-09-25,62.349998474121094,61.189998626708984,61.61000061035156,61.54999923706055,1557600
2020-09-28,62.880001068115234,61.900001525878906,62.27000045776367,62.5099983215332,1233900
2020-09-29,62.7599983215332,61.880001068115234,62.41999816894531,62.40999984741211,1435400
2020-09-30,63.599998474121094,61.95000076293945,62.709999084472656,62.41999816894531,2494000
2020-10-01,64.22000122070312,61.7599983215332,62.869998931884766,62.369998931884766,2342500
2020-10-02,63.439998626708984,61.5099983215332,61.619998931884766,63.15999984741211,1447800
2020-10-05,64.62999725341797,63.23500061035156,63.7400016784668,64.54000091552734,1447700
2020-10-06,65.0,63.48500061035156,64.43000030517578,63.83000183105469,2107000
2020-10-07,65.62000274658203,64.375,64.62999725341797,65.05000305175781,1648100
2020-10-08,65.51000213623047,64.4800033569336,64.79000091552734,64.70999908447266,1213200
2020-10-09,65.66999816894531,64.30000305175781,65.0199966430664,65.3499984741211,1187000
2020-10-12,65.98500061035156,65.16999816894531,65.8499984741211,65.69000244140625,1185800
2020-10-13,65.80000305175781,64.61599731445312,65.16000366210938,65.12999725341797,1415900
2020-10-14,66.0,64.52999877929688,65.5,65.61000061035156,1633600
2020-10-15,65.43499755859375,64.01000213623047,64.66999816894531,65.19999694824219,982100
2020-10-16,65.80999755859375,64.80999755859375,65.30000305175781,65.02999877929688,1047500
2020-10-19,65.44000244140625,64.08000183105469,64.9000015258789,64.36000061035156,910500
2020-10-20,65.73999786376953,64.33999633789062,64.68000030517578,64.38999938964844,720000
2020-10-21,64.83000183105469,63.709999084472656,64.25,63.720001220703125,1082600
2020-10-22,63.9900016784668,62.97999954223633,63.9900016784668,63.2400016784668,4980300
2020-10-23,64.0199966430664,63.119998931884766,63.470001220703125,63.45000076293945,2308600
2020-10-26,63.88999938964844,61.369998931884766,63.84000015258789,63.209999084472656,3026000
2020-10-27,63.2400016784668,61.86000061035156,62.90999984741211,61.970001220703125,1973200
2020-10-28,61.2599983215332,58.77000045776367,61.0099983215332,58.9900016784668,2570900
2020-10-29,61.189998626708984,58.79999923706055,58.88999938964844,60.790000915527344,2122600
2020-10-30,61.29999923706055,59.79999923706055,60.349998474121094,61.279998779296875,2036100
2020-11-02,62.77000045776367,61.09000015258789,62.189998626708984,62.13999938964844,1819100
2020-11-03,63.849998474121094,62.08000183105469,62.93000030517578,62.709999084472656,1545600
2020-11-04,63.64500045776367,61.95000076293945,62.68000030517578,62.29999923706055,2042700
2020-11-05,63.95000076293945,62.59000015258789,63.31999969482422,62.630001068115234,1495700
2020-11-06,63.810001373291016,62.66999816894531,62.970001220703125,63.58000183105469,1145800
2020-11-09,67.29000091552734,63.43000030517578,67.0,63.5,2420100
2020-11-10,65.91799926757812,63.31999969482422,63.380001068115234,65.73999786376953,2174600
2020-11-11,66.33000183105469,64.73999786376953,65.86000061035156,66.12000274658203,1319500
2020-11-12,66.45999908447266,65.41999816894531,66.18000030517578,65.98999786376953,1774700
2020-11-13,66.73999786376953,65.2300033569336,66.23999786376953,65.56999969482422,1438500
2020-11-16,67.63999938964844,65.68000030517578,66.22000122070312,67.38999938964844,2338900
2020-11-17,67.94999694824219,66.30500030517578,67.16000366210938,67.19999694824219,1465000
2020-11-18,67.9800033569336,66.51000213623047,67.30999755859375,66.62999725341797,2182800
2020-11-19,67.19000244140625,65.5999984741211,66.62999725341797,66.16000366210938,1809900
2020-11-20,66.73999786376953,66.0,66.08999633789062,66.31999969482422,1811200
2020-11-23,67.52999877929688,66.55000305175781,66.63999938964844,67.25,1885500
2020-11-24,68.04000091552734,66.87999725341797,68.04000091552734,67.4000015258789,4738800
2020-11-25,67.47000122070312,66.41999816894531,67.44000244140625,67.37999725341797,1125400
2020-11-27,68.20999908447266,66.9000015258789,67.55000305175781,67.33999633789062,1645000
2020-11-30,67.69999694824219,66.37999725341797,66.83999633789062,66.94000244140625,1831000
2020-12-01,68.16000366210938,66.7699966430664,67.41999816894531,66.83000183105469,2928100
2020-12-02,67.2699966430664,65.55999755859375,66.91999816894531,65.69000244140625,1379600
2020-12-03,66.8499984741211,65.36000061035156,65.7699966430664,65.48999786376953,1061900
2020-12-04,66.04299926757812,64.87999725341797,65.6500015258789,65.16000366210938,2054300
2020-12-07,65.30999755859375,64.01000213623047,64.9800033569336,64.8499984741211,1917600
2020-12-08,66.1500015258789,64.68000030517578,64.77999877929688,66.11000061035156,2641500
2020-12-09,66.20999908447266,65.19000244140625,65.75,65.48999786376953,1668600
2020-12-10,66.13999938964844,63.849998474121094,65.20999908447266,64.0,2056600
2020-12-11,63.880001068115234,62.95000076293945,63.33000183105469,63.72999954223633,2023900
2020-12-14,64.48999786376953,62.52000045776367,64.48999786376953,62.779998779296875,1377800
2020-12-15,65.58999633789062,62.959999084472656,63.11000061035156,64.7300033569336,2041100
2020-12-16,65.33000183105469,64.33999633789062,64.93000030517578,65.23999786376953,1760600
2020-12-17,66.31999969482422,65.5,65.75,65.79000091552734,1873700
2020-12-18,66.19999694824219,64.54000091552734,65.98999786376953,65.61000061035156,4028700
2020-12-21,66.4800033569336,64.5999984741211,64.94000244140625,66.1500015258789,2201300
2020-12-22,65.98999786376953,65.09500122070312,65.83999633789062,65.41000366210938,1151500
2020-12-23,66.23999786376953,65.30000305175781,65.48999786376953,65.62999725341797,972500
2020-12-24,65.9800033569336,65.29000091552734,65.44999694824219,65.79000091552734,992100
2020-12-28,66.5999984741211,65.54000091552734,66.18000030517578,66.0,786400
2020-12-29,66.5999984741211,65.12999725341797,66.30999755859375,65.69000244140625,1008400
2020-12-30,66.83000183105469,65.79000091552734,65.79000091552734,66.72000122070312,1082200
2020-12-31,67.69000244140625,66.56999969482422,66.86000061035156,67.55000305175781,1238200
2021-01-04,68.0199966430664,65.55000305175781,67.55000305175781,65.58999633789062,2569600
2021-01-05,66.41999816894531,64.75900268554688,65.81999969482422,65.0999984741211,1366100
2021-01-06,67.33000183105469,65.25,65.81999969482422,66.91000366210938,1596000
2021-01-07,67.95500183105469,66.84500122070312,67.30000305175781,67.77999877929688,1542500
2021-01-08,67.97000122070312,65.8499984741211,67.47000122070312,66.83000183105469,1914000
2021-01-11,66.79000091552734,65.80999755859375,66.22000122070312,66.36000061035156,1506200
2021-01-12,66.80000305175781,65.06999969482422,66.2699966430664,65.2300033569336,1722000
2021-01-13,65.53500366210938,63.849998474121094,65.19000244140625,63.970001220703125,3172600
2021-01-14,65.37000274658203,63.79999923706055,64.19999694824219,64.94000244140625,3088300
2021-01-15,65.69000244140625,63.5099983215332,64.80999755859375,65.52999877929688,1841100
2021-01-19,66.44999694824219,64.91999816894531,66.0,65.37000274658203,2489200
2021-01-20,66.5,64.88999938964844,65.80000305175781,65.19000244140625,1737200
2021-01-21,65.23999786376953,63.45000076293945,65.23999786376953,63.52000045776367,3945600
2021-01-22,65.20999908447266,63.20000076293945,63.52000045776367,64.87999725341797,3546500
2021-01-25,64.61000061035156,62.0,64.0,64.22000122070312,4500200
2021-01-26,65.08999633789062,62.27000045776367,64.5999984741211,63.5099983215332,2742100
2021-01-27,63.0099983215332,61.279998779296875,62.68000030517578,62.2400016784668,3241300
2021-01-28,64.81999969482422,62.33000183105469,62.599998474121094,63.83000183105469,3235000
2021-01-29,65.98999786376953,63.45000076293945,65.11000061035156,64.6500015258789,10353200
2021-02-01,66.01000213623047,63.0,65.98999786376953,64.55000305175781,3731500
2021-02-02,66.77999877929688,64.5,65.05000305175781,64.63999938964844,4327800
2021-02-03,64.87000274658203,62.95000076293945,64.63999938964844,64.05000305175781,3542100
2021-02-04,64.12999725341797,63.0,63.88999938964844,63.290000915527344,2303900
2021-02-05,64.19999694824219,62.630001068115234,62.7400016784668,63.93000030517578,3697900
2021-02-08,64.52999877929688,63.150001525878906,63.75,63.72999954223633,1787100
2021-02-09,64.59300231933594,63.209999084472656,63.540000915527344,64.36000061035156,2819100
2021-02-10,65.9000015258789,64.5999984741211,64.94000244140625,65.30999755859375,1934100
2021-02-11,65.20600128173828,62.8849983215332,65.04000091552734,63.43000030517578,4298900
2021-02-12,64.54000091552734,62.88999938964844,62.88999938964844,63.93000030517578,2021600
2021-02-16,64.33999633789062,62.58000183105469,64.30999755859375,63.189998626708984,3228400
2021-02-17,63.369998931884766,62.61899948120117,63.310001373291016,62.689998626708984,2178600
2021-02-18,63.58000183105469,62.310001373291016,62.459999084472656,63.060001373291016,2258400
2021-02-19,63.45500183105469,62.939998626708984,63.31999969482422,63.040000915527344,3852700
2021-02-22,63.595001220703125,62.52000045776367,62.849998474121094,63.22999954223633,2560000
2021-02-23,63.56999969482422,62.560001373291016,62.84000015258789,63.22999954223633,2571200
2021-02-24,64.41000366210938,63.029998779296875,63.09000015258789,64.3499984741211,2257300
2021-02-25,64.91000366210938,64.01000213623047,64.27999877929688,64.45999908447266,2431700
2021-02-26,64.88999938964844,63.59000015258789,64.88999938964844,63.709999084472656,3278300
2021-03-01,65.75,64.06999969482422,64.12000274658203,64.93000030517578,1896000
2021-03-02,65.84500122070312,64.33000183105469,64.7300033569336,65.41000366210938,2657500
2021-03-03,67.6500015258789,65.06999969482422,65.51000213623047,67.0,3210800
2021-03-04,66.9000015258789,63.34000015258789,66.83000183105469,63.95000076293945,3634400
2021-03-05,65.11000061035156,62.7599983215332,64.5199966430664,64.87000274658203,2168000
2021-03-08,66.33000183105469,64.58999633789062,64.97000122070312,65.22000122070312,1636700
2021-03-09,66.6500015258789,64.91999816894531,65.69000244140625,64.93000030517578,2547300
2021-03-10,66.49500274658203,64.61000061035156,64.66999816894531,66.25,1814900
2021-03-11,67.63999938964844,65.88999938964844,66.0999984741211,67.30000305175781,2214700
2021-03-12,67.6500015258789,65.98999786376953,67.6500015258789,66.0,1938200
2021-03-15,66.63999938964844,65.51499938964844,65.94000244140625,66.61000061035156,1495700
2021-03-16,67.97000122070312,66.58000183105469,67.12000274658203,67.69999694824219,2371800
2021-03-17,68.6500015258789,67.36000061035156,67.98999786376953,68.58000183105469,1729500
2021-03-18,68.63999938964844,67.45999908447266,68.1500015258789,68.1500015258789,2752800
2021-03-19,67.88999938964844,66.5199966430664,67.88999938964844,66.86000061035156,3149000
2021-03-22,66.94000244140625,65.63999938964844,66.80999755859375,66.81999969482422,1391500
2021-03-23,67.70999908447266,66.19999694824219,66.41999816894531,66.95999908447266,1364500
2021-03-24,67.95999908447266,66.87999725341797,66.87999725341797,67.16999816894531,1378000
2021-03-25,68.13999938964844,66.76000213623047,67.41000366210938,67.86000061035156,1738900
2021-03-26,69.37999725341797,67.62000274658203,68.16000366210938,69.04000091552734,1989400
2021-03-29,70.66999816894531,69.5,69.83000183105469,69.91000366210938,2038300
2021-03-30,70.48999786376953,69.41999816894531,70.06999969482422,69.73999786376953,2604800
2021-03-31,70.0199966430664,68.2699966430664,70.0199966430664,68.44999694824219,3783100
2021-04-01,69.63999938964844,68.31999969482422,68.88999938964844,69.26000213623047,1579200
2021-04-05,69.69999694824219,68.91999816894531,69.08000183105469,69.2300033569336,1126600
2021-04-06,70.46499633789062,68.88999938964844,69.5,69.72000122070312,1972800
2021-04-07,70.2699966430664,69.41000366210938,69.86000061035156,69.62999725341797,7225700
2021-04-08,69.6449966430664,68.91999816894531,69.48999786376953,69.41000366210938,1881700
2021-04-09,70.94999694824219,69.44999694824219,69.68000030517578,70.75,3557700
2021-04-12,71.1050033569336,70.31999969482422,70.62000274658203,70.6500015258789,1986000
2021-04-13,71.23500061035156,70.19200134277344,70.44999694824219,71.12000274658203,1513400
2021-04-14,71.07499694824219,70.05999755859375,71.0,70.4000015258789,3099700
2021-04-15,71.23999786376953,70.11000061035156,70.63999938964844,70.97000122070312,1495600
2021-04-16,71.41000366210938,69.8499984741211,71.41000366210938,70.58000183105469,2548500
2021-04-19,71.38500213623047,70.3499984741211,70.70999908447266,71.02999877929688,2641300
2021-04-20,71.69000244140625,70.33000183105469,71.63999938964844,70.47000122070312,3682300
2021-04-21,71.08000183105469,69.83000183105469,70.44999694824219,71.04000091552734,3080300
2021-04-22,71.75,70.61000061035156,71.2300033569336,70.94999694824219,2415600
2021-04-23,71.9800033569336,70.73999786376953,71.06999969482422,71.27999877929688,2574700
2021-04-26,76.87999725341797,74.55000305175781,76.44000244140625,76.2699966430664,6077800
2021-04-27,79.26000213623047,76.12000274658203,76.5,79.0,6143800
2021-04-28,79.5,77.98999786376953,79.18000030517578,78.0,3492300
2021-04-29,79.12000274658203,78.0199966430664,78.0199966430664,78.69000244140625,2492200
2021-04-30,78.66999816894531,77.55000305175781,78.25,77.87000274658203,3659500
2021-05-03,79.0999984741211,77.91000366210938,78.48999786376953,78.4000015258789,2739900
2021-05-04,79.55999755859375,78.37999725341797,78.37999725341797,78.72000122070312,3402100
2021-05-05,79.23999786376953,77.76000213623047,78.88999938964844,78.05999755859375,2075500
2021-05-06,78.87899780273438,77.69999694824219,78.43000030517578,78.36000061035156,2983500
2021-05-07,78.94999694824219,77.91000366210938,78.08000183105469,78.19000244140625,2780700
2021-05-10,79.0999984741211,78.02999877929688,78.66999816894531,78.25,4867400
2021-05-11,78.11000061035156,76.8499984741211,77.79000091552734,77.62000274658203,2939200
2021-05-12,77.95999908447266,76.11000061035156,77.76000213623047,76.12999725341797,2392700
2021-05-13,77.5250015258789,75.81999969482422,75.98999786376953,77.1500015258789,2658300
2021-05-14,79.44000244140625,77.41000366210938,77.6500015258789,78.87999725341797,3255300
2021-05-17,79.18000030517578,78.0999984741211,78.7300033569336,79.01000213623047,2234000
2021-05-18,79.69000244140625,78.56999969482422,79.55000305175781,78.5999984741211,2941000
2021-05-19,78.0,77.02999877929688,77.94000244140625,77.47000122070312,5465700
2021-05-20,77.86000061035156,76.86000061035156,77.12000274658203,77.36000061035156,6751500
2021-05-21,78.30000305175781,77.27999877929688,77.62000274658203,77.56999969482422,2245000
2021-05-24,78.33000183105469,77.20999908447266,77.5999984741211,78.12999725341797,1547500
2021-05-25,78.61000061035156,77.66000366210938,78.27999877929688,77.69000244140625,2288600
2021-05-26,78.2300033569336,77.55000305175781,77.7699966430664,77.7699966430664,1890100
2021-05-27,79.08999633789062,77.69000244140625,78.1500015258789,78.70999908447266,2818900
2021-05-28,78.70999908447266,77.83000183105469,78.4800033569336,78.33000183105469,1915000
2021-06-01,79.83000183105469,78.2750015258789,79.16999816894531,78.41000366210938,2207600
2021-06-02,78.76000213623047,77.7699966430664,78.41999816894531,78.2699966430664,1898600
2021-06-03,79.43000030517578,77.66999816894531,78.25,79.13999938964844,1949900
2021-06-04,79.91999816894531,79.22000122070312,79.25,79.87000274658203,1644000
2021-06-07,80.80500030517578,79.47000122070312,80.4000015258789,79.61000061035156,1723600
2021-06-08,80.94999694824219,79.375,79.76000213623047,80.8499984741211,2647600
2021-06-09,81.18000030517578,80.33000183105469,80.79000091552734,80.75,1947300
2021-06-10,81.55999755859375,79.79000091552734,81.05000305175781,80.41999816894531,1753200
2021-06-11,80.98999786376953,79.69999694824219,80.8499984741211,80.54000091552734,1527800
2021-06-14,80.80000305175781,80.12999725341797,80.56999969482422,80.80000305175781,1232700
2021-06-15,81.2699966430664,80.4229965209961,80.97000122070312,80.98999786376953,1341500
2021-06-16,81.30999755859375,80.29000091552734,81.01000213623047,80.62999725341797,2578100
2021-06-17,81.19000244140625,79.44499969482422,80.91999816894531,80.47000122070312,3734700
2021-06-18,80.16999816894531,78.92500305175781,79.76000213623047,79.5,4490800
2021-06-21,81.0999984741211,79.66999816894531,80.08999633789062,81.04000091552734,2582700
2021-06-22,81.80999755859375,80.75,81.04000091552734,81.37000274658203,1757800
2021-06-23,81.66000366210938,80.73999786376953,81.63999938964844,80.81999969482422,1276400
2021-06-24,81.69999694824219,80.69000244140625,80.88999938964844,81.37000274658203,1679100
2021-06-25,81.91000366210938,81.27999877929688,81.51000213623047,81.6500015258789,2532100
2021-06-28,81.75,80.73999786376953,81.5999984741211,81.66000366210938,1940000
2021-06-29,82.47000122070312,81.58000183105469,81.69000244140625,82.08000183105469,1844000
2021-06-30,82.41000366210938,81.2300033569336,81.8499984741211,81.7699966430664,1981700
2021-07-01,82.38999938964844,81.69999694824219,82.19000244140625,82.08000183105469,1576100
2021-07-02,82.94000244140625,81.8499984741211,82.19000244140625,82.66000366210938,1113100
2021-07-06,82.56999969482422,81.69999694824219,82.2699966430664,82.25,1570300
2021-07-07,84.6500015258789,82.31999969482422,82.86000061035156,84.08000183105469,1645300
2021-07-08,83.93000030517578,82.45999908447266,82.91999816894531,83.08999633789062,1478100
2021-07-09,84.01000213623047,83.2300033569336,83.83999633789062,83.81999969482422,1073300
2021-07-12,83.88999938964844,83.23999786376953,83.47000122070312,83.81999969482422,1506700
2021-07-13,84.38999938964844,83.30000305175781,84.01000213623047,83.52999877929688,1683000
2021-07-14,84.98200225830078,83.4000015258789,83.4000015258789,84.77999877929688,1772100
2021-07-15,85.41999816894531,84.5,84.5,85.2300033569336,1769100
2021-07-16,85.55000305175781,84.87000274658203,85.06999969482422,84.91999816894531,1654800
2021-07-19,84.41000366210938,83.0199966430664,84.30999755859375,84.05999755859375,2534100
2021-07-20,86.29000091552734,84.13999938964844,84.44999694824219,86.0999984741211,1839200
2021-07-21,86.91000366210938,86.14800262451172,86.25,86.80999755859375,1447700
2021-07-22,87.6500015258789,86.62000274658203,87.0,87.33000183105469,2123200
2021-07-23,88.81800079345703,87.6500015258789,88.08000183105469,88.5199966430664,1648700
2021-07-26,90.19999694824219,86.8499984741211,89.94000244140625,89.05999755859375,3098600
2021-07-27,89.15599822998047,87.5199966430664,89.0250015258789,88.22000122070312,1701900
2021-07-28,88.44000244140625,87.2699966430664,88.0199966430664,87.93000030517578,1670200
2021-07-29,88.94000244140625,87.87000274658203,88.3499984741211,88.87000274658203,2009900
2021-07-30,89.79000091552734,88.69000244140625,88.83999633789062,89.55000305175781,1545200
2021-08-02,90.66999816894531,89.68000030517578,89.68000030517578,89.93000030517578,1441000
2021-08-03,91.81999969482422,90.0999984741211,90.11000061035156,91.27999877929688,1683700
2021-08-04,91.66999816894531,90.56999969482422,91.0,90.80000305175781,1214800
2021-08-05,91.41000366210938,90.02999877929688,91.1500015258789,90.7300033569336,1547000
2021-08-06,91.31999969482422,89.95999908447266,91.02999877929688,90.13999938964844,1938600
2021-08-09,90.05999755859375,88.94000244140625,89.81999969482422,89.7300033569336,1867200
2021-08-10,90.55999755859375,89.38999938964844,89.88999938964844,89.87000274658203,1269500
2021-08-11,90.54000091552734,89.80999755859375,89.91000366210938,90.43000030517578,1539600
2021-08-12,90.43000030517578,89.55999755859375,90.43000030517578,90.19999694824219,1344100
2021-08-13,91.02999877929688,90.0999984741211,90.26000213623047,90.66000366210938,2823900
2021-08-16,92.0999984741211,90.45999908447266,90.75,91.9000015258789,2660100
2021-08-17,91.75,90.16999816894531,91.43000030517578,90.73999786376953,1821700
2021-08-18,91.72000122070312,90.30000305175781,90.47000122070312,90.5,2377400
2021-08-19,90.88999938964844,89.30999755859375,89.56999969482422,90.19999694824219,1343500
2021-08-20,90.41000366210938,89.47000122070312,89.83000183105469,90.0199966430664,3291500
2021-08-23,90.98999786376953,89.86000061035156,90.54000091552734,89.91999816894531,2037500
2021-08-24,90.76000213623047,89.65499877929688,89.86000061035156,90.37000274658203,2585500
2021-08-25,91.47000122070312,90.62000274658203,90.7699966430664,91.12999725341797,2034500
2021-08-26,92.0,90.91000366210938,90.91999816894531,91.80999755859375,1527800
2021-08-27,92.67900085449219,91.76000213623047,92.11000061035156,92.01000213623047,1195500
2021-08-30,92.83999633789062,91.7750015258789,92.01000213623047,92.37000274658203,867900
2021-08-31,92.6449966430664,91.86000061035156,92.37000274658203,92.22000122070312,2124700
2021-09-01,92.19999694824219,90.95500183105469,92.19000244140625,91.5,1711600
2021-09-02,92.45999908447266,91.6500015258789,91.9000015258789,92.05999755859375,1547000
2021-09-03,92.45500183105469,91.58000183105469,91.88999938964844,91.81999969482422,1313400
2021-09-07,91.56999969482422,89.26000213623047,91.56999969482422,89.37999725341797,2056300
2021-09-08,91.05999755859375,89.04199981689453,89.12999725341797,90.72000122070312,2312400
2021-09-09,91.26000213623047,90.12000274658203,90.83999633789062,90.4800033569336,1610300
2021-09-10,91.23999786376953,90.19999694824219,91.02999877929688,90.55000305175781,1494900
2021-09-13,91.70999908447266,89.40499877929688,91.33000183105469,89.94999694824219,2013200
2021-09-14,90.83000183105469,89.26499938964844,90.20999908447266,90.36000061035156,2113700
2021-09-15,90.58000183105469,89.45999908447266,90.58000183105469,90.3499984741211,2868600
2021-09-16,90.3499984741211,87.625,90.3499984741211,88.19999694824219,3171200
2021-09-17,87.44999694824219,84.88999938964844,87.26000213623047,85.0199966430664,11037500
2021-09-20,84.4000015258789,82.2699966430664,84.0,83.18000030517578,4458100
2021-09-21,84.12000274658203,81.93000030517578,83.31999969482422,82.0,4208800
2021-09-22,85.55000305175781,83.12000274658203,83.86000061035156,84.29000091552734,3488600
2021-09-23,86.80999755859375,84.02999877929688,84.52999877929688,85.73999786376953,4250200
2021-09-24,86.1449966430664,84.55999755859375,85.41999816894531,84.86000061035156,1874200
2021-09-27,85.13500213623047,84.05000305175781,84.55000305175781,84.2300033569336,1614400
2021-09-28,84.15599822998047,82.72000122070312,83.56999969482422,83.70999908447266,2440600
2021-09-29,84.38999938964844,83.11000061035156,83.9000015258789,83.31999969482422,1784600
2021-09-30,84.08000183105469,82.2699966430664,83.87999725341797,82.27999877929688,2354800
2021-10-01,83.0,81.05000305175781,82.66000366210938,82.5,2530400
2021-10-04,83.125,81.58000183105469,82.11000061035156,81.91000366210938,2474600
2021-10-05,83.74500274658203,81.8499984741211,82.27999877929688,83.36000061035156,2080900
2021-10-06,83.5,81.20999908447266,82.79000091552734,82.87000274658203,1916800
2021-10-07,85.11000061035156,83.77999877929688,83.94000244140625,84.37999725341797,2487900
2021-10-08,84.38500213623047,82.6500015258789,83.91000366210938,83.44999694824219,1942600
2021-10-11,83.5,81.55999755859375,83.2300033569336,81.62000274658203,2134100
2021-10-12,82.18499755859375,81.27999877929688,81.80999755859375,81.94000244140625,2368900
2021-10-13,82.29000091552734,81.08000183105469,82.23999786376953,81.27999877929688,1519300
2021-10-14,83.48999786376953,81.94999694824219,81.95999908447266,83.41000366210938,2166500
2021-10-15,84.69000244140625,83.48999786376953,83.91999816894531,84.0999984741211,1681400
2021-10-18,83.86900329589844,82.9729995727539,83.66000366210938,83.31999969482422,1452300
2021-10-19,84.73999786376953,83.7699966430664,84.0,84.41999816894531,1388000
2021-10-20,86.45999908447266,84.2300033569336,84.62999725341797,85.45999908447266,2339900
2021-10-21,85.38999938964844,83.48999786376953,84.18000030517578,85.3499984741211,1917700
2021-10-22,86.70999908447266,85.41000366210938,85.86000061035156,85.62999725341797,2678500
2021-10-25,83.94999694824219,81.08999633789062,81.08999633789062,81.86000061035156,3623700
2021-10-26,82.5999984741211,79.76000213623047,82.33499908447266,80.2699966430664,3657600
2021-10-27,80.83000183105469,79.48999786376953,80.66999816894531,79.72000122070312,2896600
2021-10-28,80.16000366210938,78.5999984741211,79.5999984741211,79.91999816894531,2435300
2021-10-29,81.4800033569336,79.54000091552734,79.55999755859375,80.30999755859375,2870500
2021-11-01,81.16000366210938,80.12999725341797,80.45999908447266,80.91999816894531,1846100
2021-11-02,81.44999694824219,80.1500015258789,81.33000183105469,81.11000061035156,1465500
2021-11-03,81.81999969482422,79.61499786376953,81.27999877929688,80.61000061035156,2306700
2021-11-04,81.86000061035156,80.79000091552734,80.94000244140625,81.83999633789062,1943200
2021-11-05,82.70999908447266,81.55999755859375,82.12999725341797,81.70999908447266,1500900
2021-11-08,82.38899993896484,81.39299774169922,82.11000061035156,82.23999786376953,2422400
2021-11-09,83.66999816894531,82.06999969482422,82.4000015258789,83.54000091552734,3078900
2021-11-10,84.44999694824219,83.19000244140625,83.94999694824219,83.36000061035156,2986300
2021-11-11,83.69999694824219,82.7699966430664,83.44999694824219,83.4000015258789,1743500
2021-11-12,85.6500015258789,83.30999755859375,83.94000244140625,85.62999725341797,1737600
2021-11-15,85.58999633789062,83.93699645996094,85.5,84.16000366210938,1319100
2021-11-16,84.98999786376953,84.22000122070312,84.55999755859375,84.5199966430664,1532800
2021-11-17,86.04499816894531,84.09500122070312,84.36000061035156,85.56999969482422,2657800
2021-11-18,86.41999816894531,84.68000030517578,84.79000091552734,86.2300033569336,2586400
2021-11-19,87.83000183105469,86.06999969482422,86.44000244140625,86.26000213623047,2901700
2021-11-22,86.38999938964844,83.87000274658203,86.25,84.19999694824219,1770400
2021-11-23,84.375,83.5199966430664,84.0,83.80999755859375,1683000
2021-11-24,84.55000305175781,82.87000274658203,83.6500015258789,84.45999908447266,1024700
2021-11-26,84.2300033569336,82.5,82.93000030517578,83.19000244140625,1170100
2021-11-29,84.33999633789062,82.98999786376953,84.11000061035156,83.58000183105469,1934300
2021-11-30,83.58000183105469,80.1500015258789,83.08000183105469,80.4000015258789,2602300
2021-12-01,83.33999633789062,80.41999816894531,81.69999694824219,80.44999694824219,2247400
2021-12-02,83.06900024414062,80.8550033569336,80.86000061035156,82.8499984741211,2224700
2021-12-03,83.5999984741211,81.91999816894531,83.3499984741211,82.80000305175781,2236400
2021-12-06,84.48999786376953,82.68000030517578,83.4000015258789,84.01000213623047,2046200
2021-12-07,86.26000213623047,84.72000122070312,85.13999938964844,85.69999694824219,2093000
2021-12-08,86.51599884033203,84.69999694824219,85.6500015258789,86.20999908447266,2923600
2021-12-09,86.61000061035156,85.16999816894531,86.04000091552734,86.19000244140625,2406900
2021-12-10,86.56999969482422,85.79499816894531,86.31999969482422,86.08000183105469,2379000
2021-12-13,86.63999938964844,84.80000305175781,86.25,85.37999725341797,2502400
2021-12-14,85.4000015258789,84.07499694824219,85.06999969482422,84.80999755859375,2178600
2021-12-15,85.38500213623047,83.48100280761719,85.05000305175781,84.91999816894531,2011900
2021-12-16,86.86499786376953,85.20999908447266,85.70999908447266,86.51000213623047,3345100
2021-12-17,86.66999816894531,84.0199966430664,85.43000030517578,84.16000366210938,2875700
2021-12-20,83.25,80.57499694824219,83.25,82.33000183105469,2440500
2021-12-21,84.27999877929688,82.80999755859375,83.33000183105469,84.18000030517578,1415100
2021-12-22,84.55999755859375,83.63999938964844,84.12999725341797,84.30999755859375,1014500
2021-12-23,85.58799743652344,84.43000030517578,84.8499984741211,85.25,933100
2021-12-27,86.54000091552734,85.58999633789062,85.7300033569336,86.5199966430664,674400
2021-12-28,86.70999908447266,86.12999725341797,86.48999786376953,86.45999908447266,730200
2021-12-29,87.23300170898438,86.22000122070312,86.22000122070312,86.81999969482422,1229700
2021-12-30,87.27400207519531,86.30000305175781,86.87000274658203,86.36000061035156,864300
2021-12-31,87.56900024414062,86.16999816894531,86.16999816894531,87.06999969482422,985600
2022-01-03,88.22000122070312,84.58000183105469,87.19999694824219,85.56999969482422,2209600
2022-01-04,86.45999908447266,84.97000122070312,85.4000015258789,86.22000122070312,1739200
2022-01-05,87.1050033569336,83.7300033569336,86.52999877929688,83.83000183105469,2656900
2022-01-06,84.9800033569336,83.77999877929688,84.19000244140625,84.70999908447266,1641400
2022-01-07,85.2699966430664,84.20999908447266,84.4000015258789,84.36000061035156,2351500
2022-01-10,84.69000244140625,82.45999908447266,83.80999755859375,84.66000366210938,1940000
2022-01-11,86.29000091552734,84.18000030517578,85.19999694824219,86.23999786376953,2334200
2022-01-12,87.33999633789062,86.12999725341797,86.72000122070312,86.94999694824219,2864100
2022-01-13,87.68000030517578,85.54000091552734,87.08999633789062,85.76000213623047,3365800
2022-01-14,85.6449966430664,83.04000091552734,84.86000061035156,84.18000030517578,2870400
2022-01-18,84.1500015258789,81.68000030517578,83.05000305175781,83.88999938964844,2640500
2022-01-19,84.44000244140625,82.8499984741211,84.19999694824219,83.0999984741211,2632200
2022-01-20,84.0999984741211,81.83999633789062,83.5999984741211,82.20999908447266,3534500
2022-01-21,83.9000015258789,81.56999969482422,82.20999908447266,83.11000061035156,2844000
2022-01-24,83.3499984741211,80.13999938964844,81.68000030517578,83.2300033569336,4451900
2022-01-25,83.62999725341797,80.91999816894531,81.7300033569336,82.97000122070312,4027200
2022-01-26,84.62000274658203,81.0,83.56999969482422,81.5199966430664,3633100
2022-01-27,83.41999816894531,81.30000305175781,82.30000305175781,82.61000061035156,3093400
2022-01-28,82.81999969482422,80.83999633789062,82.20999908447266,82.7699966430664,4367500
2022-01-31,85.69499969482422,80.5199966430664,81.30000305175781,85.43000030517578,4710600
2022-02-01,86.37000274658203,81.56999969482422,85.8499984741211,83.55999755859375,4970900
2022-02-02,84.31199645996094,82.43000030517578,83.81999969482422,83.2699966430664,2889900
2022-02-03,83.62999725341797,81.75,82.66999816894531,81.8499984741211,2902900
2022-02-04,83.2300033569336,80.97000122070312,81.26000213623047,82.44000244140625,3508500
2022-02-07,82.9000015258789,81.5,82.5999984741211,81.66000366210938,1790200
2022-02-08,84.26000213623047,81.8949966430664,82.04000091552734,84.06999969482422,3294300
2022-02-09,85.11399841308594,83.41000366210938,84.91000366210938,83.7699966430664,2132000
2022-02-10,83.33000183105469,81.19999694824219,82.87999725341797,81.55000305175781,1926400
2022-02-11,81.83999633789062,79.11000061035156,81.5999984741211,79.63999938964844,2494800
2022-02-14,80.25,78.66999816894531,79.55999755859375,79.75,3899000
2022-02-15,81.68000030517578,78.54499816894531,81.18000030517578,78.79000091552734,4126300
2022-02-16,79.31999969482422,77.45999908447266,78.94000244140625,78.87000274658203,3305200
2022-02-17,78.0999984741211,76.16100311279297,78.02999877929688,76.22000122070312,2253500
2022-02-18,76.91999816894531,75.33999633789062,76.05000305175781,76.3499984741211,6320300
2022-02-22,77.51000213623047,75.87999725341797,76.0999984741211,76.30000305175781,2481400
2022-02-23,76.80000305175781,74.16000366210938,76.7699966430664,74.69000244140625,2771000
2022-02-24,76.93000030517578,73.0999984741211,73.32499694824219,76.58999633789062,3807000
2022-02-25,78.77999877929688,76.45999908447266,76.68000030517578,78.51000213623047,3005300
2022-02-28,78.93000030517578,77.16000366210938,77.16000366210938,78.33000183105469,3918500
2022-03-01,78.4800033569336,76.55999755859375,78.33999633789062,77.6500015258789,3501600
2022-03-02,79.00499725341797,78.05000305175781,78.18000030517578,78.77999877929688,3266200
2022-03-03,80.54000091552734,78.69999694824219,79.66999816894531,79.18000030517578,2660900
2022-03-04,78.58000183105469,76.66000366210938,78.20999908447266,77.95999908447266,2967900
2022-03-07,78.08999633789062,74.25,77.80000305175781,74.30000305175781,2768400
2022-03-08,75.2300033569336,73.4800033569336,74.20999908447266,73.5,3249800
2022-03-09,76.19999694824219,74.76000213623047,74.94000244140625,75.26000213623047,3050200
2022-03-10,74.55000305175781,73.30000305175781,74.30000305175781,73.80000305175781,3981100
2022-03-11,74.11499786376953,72.2699966430664,73.98999786376953,72.4000015258789,3290800
2022-03-14,73.375,71.06999969482422,73.33000183105469,71.9800033569336,4014900
2022-03-15,73.91000366210938,71.94999694824219,72.5,73.6500015258789,4655600
2022-03-16,76.83000183105469,74.0,74.51000213623047,75.5,2692800
2022-03-17,76.44000244140625,74.98999786376953,75.04000091552734,76.38999938964844,1868200
2022-03-18,78.37000274658203,76.5199966430664,76.6500015258789,77.9800033569336,3822500
2022-03-21,78.16500091552734,76.41999816894531,77.5199966430664,77.33000183105469,1805000
2022-03-22,78.58000183105469,77.30000305175781,77.30000305175781,77.52999877929688,2601700
2022-03-23,77.61000061035156,76.25,77.12999725341797,76.44000244140625,1675300
2022-03-24,77.47000122070312,75.94999694824219,76.37999725341797,77.41999816894531,1837900
2022-03-25,77.75,76.62000274658203,77.61000061035156,77.23999786376953,1531900
2022-03-28,78.05000305175781,76.31999969482422,76.95999908447266,78.01000213623047,2218200
2022-03-29,79.48999786376953,78.08999633789062,78.69999694824219,78.6500015258789,1812200
2022-03-30,78.6500015258789,77.69999694824219,78.0,77.75,1261600
2022-03-31,78.34500122070312,76.9000015258789,77.61000061035156,76.94999694824219,2413400
2022-04-01,77.25399780273438,75.75,76.91000366210938,76.27999877929688,2591900
2022-04-04,76.75,75.80999755859375,76.30000305175781,76.63999938964844,1872600
2022-04-05,76.56999969482422,74.91000366210938,76.36000061035156,75.1500015258789,1582900
2022-04-06,76.3499984741211,74.16000366210938,74.33000183105469,76.2300033569336,2666000
2022-04-07,77.98999786376953,75.77999877929688,75.77999877929688,77.54000091552734,3012100
2022-04-08,78.19999694824219,77.11000061035156,77.26000213623047,77.23999786376953,2107000
2022-04-11,77.26000213623047,76.16000366210938,77.0,76.37000274658203,1750400
2022-04-12,77.19000244140625,75.48999786376953,76.5199966430664,75.88999938964844,2814200
2022-04-13,76.5,75.26000213623047,75.26000213623047,75.83999633789062,1592600
2022-04-14,76.48500061035156,74.69999694824219,76.02999877929688,74.75,1717000
2022-04-18,75.06999969482422,73.12000274658203,74.69000244140625,73.62000274658203,1517100
2022-04-19,75.4800033569336,73.87000274658203,74.02999877929688,75.37000274658203,1380400
2022-04-20,76.37000274658203,75.29000091552734,75.9800033569336,75.5199966430664,2107800
2022-04-21,76.62999725341797,74.83999633789062,76.0999984741211,75.20999908447266,2256200
2022-04-22,74.62999725341797,73.31999969482422,73.83999633789062,73.41999816894531,2115500
2022-04-25,76.02999877929688,73.05999755859375,75.27999877929688,74.5999984741211,4038900
2022-04-26,73.97000122070312,72.19000244140625,73.37000274658203,72.37000274658203,2231400
2022-04-27,74.3499984741211,72.30999755859375,72.30999755859375,73.56999969482422,2499900
2022-04-28,76.5199966430664,73.44000244140625,73.58999633789062,76.06999969482422,2837400
2022-04-29,75.91999816894531,72.56999969482422,75.58000183105469,72.83999633789062,2808100
2022-05-02,74.04000091552734,71.33000183105469,73.0,72.94999694824219,2627400
2022-05-03,73.62999725341797,72.46800231933594,72.91999816894531,73.31999969482422,2297000
2022-05-04,76.83000183105469,73.26000213623047,73.94000244140625,76.5999984741211,2700800
2022-05-05,76.0999984741211,73.93499755859375,75.48999786376953,74.68000030517578,2377800
2022-05-06,74.87000274658203,72.7699966430664,74.2300033569336,74.58000183105469,2470400
2022-05-09,74.19000244140625,72.7699966430664,73.29000091552734,73.30999755859375,2718000
2022-05-10,74.80000305175781,71.47000122070312,73.87000274658203,72.7699966430664,2771000
2022-05-11,73.9800033569336,72.33999633789062,72.70999908447266,72.9000015258789,3214400
2022-05-12,74.30000305175781,71.26000213623047,72.5199966430664,73.0,2482100
2022-05-13,75.48999786376953,73.48500061035156,73.83000183105469,75.11000061035156,2601200
2022-05-16,74.86000061035156,73.58000183105469,74.55999755859375,74.33999633789062,2101000
2022-05-17,75.45999908447266,73.86000061035156,75.04000091552734,75.45999908447266,2742800
2022-05-18,74.87000274658203,71.98999786376953,74.41000366210938,72.20999908447266,1899700
2022-05-19,73.48999786376953,71.20999908447266,71.26000213623047,72.58999633789062,1780500
2022-05-20,74.36000061035156,71.44999694824219,73.30999755859375,73.44000244140625,3017700
2022-05-23,74.7750015258789,73.12999725341797,73.98999786376953,73.87000274658203,2473100
2022-05-24,75.87999725341797,73.2300033569336,74.83000183105469,75.48999786376953,3071700
2022-05-25,74.91999816894531,72.7750015258789,74.72000122070312,73.52999877929688,2854900
2022-05-26,75.56999969482422,74.08000183105469,74.37999725341797,75.08000183105469,3380100
2022-05-27,76.62000274658203,75.37999725341797,75.8499984741211,76.30000305175781,2837700
2022-05-31,75.65499877929688,73.7300033569336,75.55000305175781,74.4000015258789,9765400
2022-06-01,75.16999816894531,73.58000183105469,74.31999969482422,73.97000122070312,2384000
2022-06-02,75.36000061035156,73.6500015258789,74.0,75.23999786376953,2133600
2022-06-03,75.31999969482422,74.08999633789062,74.73999786376953,75.19000244140625,1415400
2022-06-06,76.05999755859375,75.08000183105469,75.52999877929688,75.19999694824219,1019900
2022-06-07,76.55999755859375,74.37999725341797,74.73999786376953,76.48999786376953,1582500
2022-06-08,76.94000244140625,75.19000244140625,75.83000183105469,76.33999633789062,1926900
2022-06-09,77.16000366210938,75.76000213623047,76.19000244140625,76.0,2505100
2022-06-10,75.02999877929688,73.2699966430664,74.79000091552734,73.29000091552734,2314500
2022-06-13,72.19999694824219,70.44999694824219,71.43000030517578,71.0999984741211,1860400
2022-06-14,71.20500183105469,68.63999938964844,70.91999816894531,69.20999908447266,1859400
2022-06-15,70.7699966430664,68.76000213623047,69.41000366210938,69.76000213623047,1629300
2022-06-16,68.48500061035156,66.97000122070312,68.41999816894531,67.94999694824219,1818700
2022-06-17,68.73999786376953,67.2300033569336,67.94000244140625,67.87999725341797,3669400
2022-06-21,70.11000061035156,68.16000366210938,68.80000305175781,69.87000274658203,2506000
2022-06-22,69.12000274658203,67.87000274658203,68.4800033569336,68.76000213623047,2621800
2022-06-23,69.5199966430664,67.91999816894531,68.68000030517578,68.58999633789062,1791000
2022-06-24,70.9000015258789,68.47000122070312,68.94999694824219,70.86000061035156,3453500
2022-06-27,71.37000274658203,69.125,71.30000305175781,69.91999816894531,2327700
2022-06-28,70.8499984741211,69.48999786376953,70.19999694824219,69.79000091552734,1877800
2022-06-29,70.19999694824219,68.5199966430664,69.5,69.77999877929688,2728700
2022-06-30,70.91000366210938,68.75,68.97000122070312,70.66999816894531,2822500
2022-07-01,72.24500274658203,70.2300033569336,70.9800033569336,71.9000015258789,2096300
2022-07-05,71.48999786376953,70.17500305175781,70.37999725341797,71.37000274658203,1936800
2022-07-06,71.77999877929688,70.58999633789062,71.45999908447266,71.26000213623047,2440000
2022-07-07,70.20999908447266,67.36000061035156,68.6500015258789,70.08999633789062,4386800
2022-07-08,70.37000274658203,68.82099914550781,70.0,69.88999938964844,2485600
2022-07-11,70.16999816894531,68.69999694824219,69.93000030517578,69.0,2116900
2022-07-12,70.19999694824219,68.55999755859375,68.88999938964844,68.83999633789062,2430700
2022-07-13,68.94999694824219,67.83000183105469,68.08000183105469,68.4000015258789,1635500
2022-07-14,69.0199966430664,67.0,67.31999969482422,68.98999786376953,2793600
2022-07-15,70.1500015258789,69.26000213623047,69.93000030517578,69.51000213623047,3010100
2022-07-18,70.48400115966797,68.77999877929688,69.88999938964844,68.95999908447266,1525900
2022-07-19,71.93000030517578,69.75,69.80000305175781,71.83999633789062,2450500
2022-07-20,72.76000213623047,71.0999984741211,72.04000091552734,72.66999816894531,1942400
2022-07-21,73.11499786376953,72.25,72.6500015258789,72.94999694824219,1520900
2022-07-22,73.29000091552734,71.37999725341797,73.08000183105469,71.9000015258789,3805300
2022-07-25,72.66000366210938,71.70999908447266,71.97000122070312,72.38999938964844,1620800
2022-07-26,72.79000091552734,71.58999633789062,72.38999938964844,72.72000122070312,1897800
2022-07-27,76.61000061035156,72.80000305175781,72.80000305175781,76.44000244140625,3786500
2022-07-28,77.48999786376953,75.91000366210938,76.05999755859375,76.8499984741211,2118300
2022-07-29,78.55000305175781,76.38999938964844,77.08999633789062,78.16999816894531,2183100
2022-08-01,79.05000305175781,77.30000305175781,77.30000305175781,78.27999877929688,2425700
2022-08-02,78.7699966430664,77.4000015258789,78.16999816894531,77.45999908447266,2146700
2022-08-03,79.69999694824219,77.45899963378906,77.8499984741211,79.2300033569336,2483600
2022-08-04,79.80999755859375,79.04000091552734,79.58000183105469,79.5,2129600
2022-08-05,79.71499633789062,78.55999755859375,78.91000366210938,79.31999969482422,1492700
2022-08-08,80.06500244140625,79.01499938964844,79.80000305175781,79.27999877929688,1882400
2022-08-09,79.08000183105469,78.36000061035156,78.9000015258789,78.86000061035156,1276600
2022-08-10,80.54499816894531,79.37999725341797,80.0,79.9000015258789,1419700
2022-08-11,81.54000091552734,80.0999984741211,80.70999908447266,80.5999984741211,1665800
2022-08-12,81.86000061035156,80.55000305175781,81.05999755859375,81.75,1758800
2022-08-15,81.94000244140625,81.01000213623047,81.26000213623047,81.55000305175781,2015600
2022-08-16,81.76000213623047,80.90499877929688,81.23999786376953,81.31999969482422,1862100
2022-08-17,80.86000061035156,80.16000366210938,80.5199966430664,80.58000183105469,1623200
2022-08-18,80.58999633789062,80.01000213623047,80.54000091552734,80.41000366210938,1183100
2022-08-19,80.19999694824219,78.98999786376953,80.02999877929688,79.41000366210938,1212500
2022-08-22,78.2750015258789,77.08999633789062,78.06999969482422,77.33000183105469,2493900
2022-08-23,77.66000366210938,76.55500030517578,77.12999725341797,76.9000015258789,1680300
2022-08-24,77.66000366210938,76.77999877929688,76.95999908447266,77.37000274658203,1676800
2022-08-25,78.23999786376953,77.38999938964844,77.70999908447266,78.18000030517578,1881600
2022-08-26,78.38999938964844,75.16999816894531,78.38999938964844,75.2300033569336,1482100
2022-08-29,74.80000305175781,73.88999938964844,74.75,74.06999969482422,1441700
2022-08-30,74.36000061035156,72.2300033569336,74.12999725341797,72.86000061035156,2247000
2022-08-31,73.48999786376953,71.83000183105469,73.19999694824219,72.22000122070312,3350600
2022-09-01,72.76000213623047,71.31999969482422,72.13999938964844,72.72000122070312,1653600
2022-09-02,73.61000061035156,71.44999694824219,73.45999908447266,71.72000122070312,1565900
2022-09-06,72.1500015258789,70.93000030517578,71.69999694824219,72.08000183105469,1597300
2022-09-07,73.51000213623047,71.7300033569336,72.20999908447266,73.41000366210938,1751400
2022-09-08,73.22000122070312,72.41999816894531,72.94000244140625,72.91000366210938,1883900
2022-09-09,73.54000091552734,72.7699966430664,73.18000030517578,73.4000015258789,1803300
2022-09-12,74.0999984741211,72.87000274658203,73.98999786376953,73.80000305175781,1693800
2022-09-13,72.43000030517578,70.76000213623047,72.2699966430664,71.12000274658203,1756300
2022-09-14,71.17500305175781,69.30999755859375,71.05000305175781,69.8499984741211,2097200
2022-09-15,70.45999908447266,68.69000244140625,69.9000015258789,68.93000030517578,2129100
2022-09-16,68.30000305175781,67.0199966430664,68.16999816894531,67.80000305175781,3782500
2022-09-19,68.3499984741211,67.4000015258789,67.44999694824219,68.25,2338000
2022-09-20,68.01000213623047,66.88999938964844,67.83000183105469,67.62000274658203,1842500
2022-09-21,68.83999633789062,67.0199966430664,67.93000030517578,67.02999877929688,1579600
2022-09-22,67.11499786376953,65.3550033569336,66.58000183105469,65.44999694824219,1981000
2022-09-23,65.93000030517578,64.75499725341797,64.98999786376953,65.77999877929688,2551600
2022-09-26,66.58000183105469,64.8499984741211,65.4800033569336,65.37000274658203,2415500
2022-09-27,66.25,64.61000061035156,65.94000244140625,65.12999725341797,1890500
2022-09-28,66.2300033569336,64.8949966430664,65.7300033569336,65.7699966430664,2264400
2022-09-29,65.36000061035156,63.875,65.22000122070312,64.5,1910800
2022-09-30,64.91999816894531,63.7400016784668,64.52999877929688,63.79999923706055,2625600
2022-10-03,66.01000213623047,64.11000061035156,64.72000122070312,65.44000244140625,1905500
2022-10-04,67.4800033569336,66.28500366210938,66.45999908447266,67.05000305175781,2424900
2022-10-05,67.87999725341797,66.33499908447266,66.41999816894531,67.43000030517578,1452500
2022-10-06,67.61000061035156,66.69999694824219,67.22000122070312,66.80000305175781,1670000
2022-10-07,66.51000213623047,64.87000274658203,66.16999816894531,65.26000213623047,1446600
2022-10-10,65.98999786376953,64.47000122070312,65.80000305175781,65.01000213623047,841300
2022-10-11,65.56999969482422,64.4800033569336,64.97000122070312,64.75,1449200
2022-10-12,65.33999633789062,64.56500244140625,65.06999969482422,64.58000183105469,1637600
2022-10-13,65.55000305175781,62.4900016784668,63.18000030517578,65.01000213623047,1946400
2022-10-14,66.0999984741211,63.83000183105469,65.43000030517578,64.12000274658203,1632800
2022-10-17,65.7300033569336,64.80999755859375,65.02999877929688,65.37000274658203,1688600
2022-10-18,67.0,66.0,66.91999816894531,66.70999908447266,1637200
2022-10-19,66.94999694824219,65.66000366210938,66.47000122070312,66.27999877929688,1552300
2022-10-20,66.70500183105469,64.66999816894531,66.44000244140625,64.75,1923200
2022-10-21,66.94000244140625,64.30000305175781,65.02999877929688,66.79000091552734,2351000
2022-10-24,67.88999938964844,66.79000091552734,67.16999816894531,67.08000183105469,2518300
2022-10-25,68.91000366210938,66.9800033569336,66.9800033569336,68.8499984741211,2567100
2022-10-26,69.1500015258789,66.77999877929688,68.69000244140625,68.33999633789062,3656700
2022-10-27,71.5199966430664,68.4000015258789,68.51000213623047,70.01000213623047,3016900
2022-10-28,71.87000274658203,69.8499984741211,70.12000274658203,71.69000244140625,1918400
2022-10-31,71.5199966430664,70.23999786376953,70.68000030517578,70.63999938964844,2551900
2022-11-01,72.0199966430664,70.7300033569336,71.2699966430664,71.51000213623047,1885200
2022-11-02,72.56999969482422,70.19999694824219,71.20999908447266,70.20999908447266,1782900
2022-11-03,71.08999633789062,69.12000274658203,69.47000122070312,70.20999908447266,2035000
2022-11-04,73.87000274658203,71.29000091552734,71.29000091552734,73.22000122070312,2299000
2022-11-07,73.7699966430664,72.69000244140625,73.08999633789062,73.73999786376953,1777400
2022-11-08,74.19999694824219,72.5999984741211,73.94000244140625,73.16000366210938,1528100
2022-11-09,73.88999938964844,72.54000091552734,72.95999908447266,72.61000061035156,1743200
2022-11-10,76.11000061035156,74.5199966430664,74.5199966430664,75.5999984741211,2643400
2022-11-11,78.02999877929688,75.61499786376953,75.66000366210938,77.37000274658203,2984500
2022-11-14,79.55999755859375,76.72000122070312,76.76000213623047,77.7699966430664,4193900
2022-11-15,79.4800033569336,78.19000244140625,78.47000122070312,78.70999908447266,2349100
2022-11-16,79.75,78.33000183105469,78.44999694824219,78.4000015258789,2169600
2022-11-17,77.41000366210938,75.70999908447266,77.0,77.3499984741211,3420800
2022-11-18,78.76000213623047,77.41999816894531,78.18000030517578,77.76000213623047,3697600
2022-11-21,78.5199966430664,76.80500030517578,77.47000122070312,78.19000244140625,2068800
2022-11-22,78.58999633789062,77.5999984741211,78.55999755859375,78.25,1916300
2022-11-23,78.52999877929688,77.51000213623047,77.97000122070312,78.0999984741211,1898000
2022-11-25,79.01799774169922,78.22000122070312,78.54000091552734,78.66999816894531,971100
2022-11-28,78.36000061035156,76.19499969482422,78.0199966430664,76.33999633789062,2065800
2022-11-29,77.62000274658203,76.13999938964844,76.45999908447266,76.87999725341797,1869000
2022-11-30,78.16500091552734,75.5199966430664,76.80999755859375,78.08999633789062,3462100
2022-12-01,78.91000366210938,77.33999633789062,77.62000274658203,78.83000183105469,1776700
2022-12-02,80.16000366210938,77.5199966430664,78.06999969482422,79.75,1998300
2022-12-05,79.26000213623047,77.83999633789062,78.81999969482422,78.4800033569336,2100200
2022-12-06,79.22000122070312,78.25,78.47000122070312,79.19000244140625,2674000
2022-12-07,79.48999786376953,78.36000061035156,78.97000122070312,79.0,2151300
2022-12-08,80.0,79.05500030517578,79.87999725341797,79.73999786376953,2376700
2022-12-09,80.0,78.3550033569336,79.87000274658203,78.45999908447266,1417200
2022-12-12,80.62000274658203,78.5199966430664,78.9000015258789,80.54000091552734,1681200
2022-12-13,82.0,80.58000183105469,82.0,80.94999694824219,2600900
2022-12-14,81.94000244140625,79.9000015258789,81.0,80.25,3025900
2022-12-15,79.56999969482422,77.98999786376953,79.33999633789062,78.81999969482422,2119400
2022-12-16,78.7300033569336,77.69999694824219,78.20999908447266,78.5999984741211,4036900
2022-12-19,79.01499938964844,77.5719985961914,78.62999725341797,77.87000274658203,1532700
2022-12-20,78.26000213623047,77.51000213623047,77.9000015258789,77.91999816894531,1889800
2022-12-21,79.12999725341797,77.91000366210938,78.44000244140625,79.02999877929688,1621700
2022-12-22,78.77999877929688,77.0999984741211,78.55999755859375,78.13999938964844,1379600
2022-12-23,78.62999725341797,77.73999786376953,77.9000015258789,78.36000061035156,810400
2022-12-27,78.97000122070312,78.01000213623047,78.37000274658203,78.51000213623047,955400
2022-12-28,78.75,77.38999938964844,78.5999984741211,77.4000015258789,882800
2022-12-29,79.2300033569336,77.5999984741211,78.04000091552734,79.06999969482422,957700
2022-12-30,78.98999786376953,77.55000305175781,78.80000305175781,78.30999755859375,995900
2023-01-03,79.45999908447266,78.41000366210938,78.94000244140625,79.12000274658203,1317300
2023-01-04,80.87000274658203,79.30000305175781,79.77999877929688,80.7699966430664,1611900
2023-01-05,80.80999755859375,79.95999908447266,80.51000213623047,80.12999725341797,2136300
2023-01-06,82.05000305175781,80.41000366210938,80.98999786376953,81.8499984741211,1555400
2023-01-09,82.92500305175781,81.31500244140625,81.9800033569336,81.47000122070312,1652600
2023-01-10,81.7699966430664,80.7699966430664,81.37999725341797,81.66999816894531,1975300
2023-01-11,82.2300033569336,81.13999938964844,82.2300033569336,81.9000015258789,2683300
2023-01-12,82.98999786376953,80.75,82.0,82.9000015258789,2503600
2023-01-13,83.30000305175781,82.22200012207031,82.63999938964844,83.25,1272000
2023-01-17,83.48999786376953,82.875,83.26000213623047,82.9800033569336,1946300
2023-01-18,83.4000015258789,81.7699966430664,83.22000122070312,81.79000091552734,1876300
2023-01-19,81.7699966430664,79.62000274658203,81.52999877929688,79.6500015258789,1552100
2023-01-20,80.83999633789062,79.16000366210938,80.04000091552734,80.80999755859375,1787600
2023-01-23,81.78500366210938,79.88999938964844,80.62000274658203,81.3499984741211,1104400
2023-01-24,82.5250015258789,80.26000213623047,80.26000213623047,82.11000061035156,1542900
2023-01-25,81.5,80.04000091552734,81.5,80.95999908447266,1448800
2023-01-26,81.45999908447266,80.16000366210938,81.41000366210938,81.08000183105469,1353100
2023-01-27,81.5999984741211,80.38999938964844,80.91999816894531,81.19999694824219,1457100
2023-01-30,81.5199966430664,80.37000274658203,80.77999877929688,80.95999908447266,1334300
2023-01-31,82.2300033569336,81.01000213623047,81.5199966430664,82.2300033569336,2543400
2023-02-01,85.12000274658203,82.08000183105469,82.47000122070312,84.55999755859375,3058700
2023-02-02,85.54000091552734,83.79000091552734,85.43000030517578,83.86000061035156,2274200
2023-02-03,84.8499984741211,83.43499755859375,83.4800033569336,84.7300033569336,1580500
2023-02-06,84.8499984741211,83.54000091552734,83.97000122070312,83.66999816894531,1500100
2023-02-07,83.81999969482422,82.20999908447266,83.12000274658203,83.62999725341797,1641500
2023-02-08,84.0199966430664,83.04000091552734,83.41000366210938,83.52999877929688,1724200
2023-02-09,84.25,82.5,84.0199966430664,82.80999755859375,1745200
2023-02-10,83.43000030517578,82.37999725341797,82.81999969482422,83.22000122070312,1906000
2023-02-13,84.61000061035156,83.3499984741211,83.68000030517578,84.37999725341797,1758700
2023-02-14,84.87000274658203,83.69000244140625,84.37999725341797,84.33000183105469,1887400
2023-02-15,84.6500015258789,83.95999908447266,84.23999786376953,84.56999969482422,1182000
2023-02-16,84.16999816894531,83.09500122070312,83.44999694824219,83.58999633789062,1427500
2023-02-17,84.80999755859375,83.37000274658203,83.86000061035156,84.76000213623047,1800700
2023-02-21,84.30999755859375,82.86000061035156,83.9000015258789,83.05999755859375,2365600
2023-02-22,84.12999725341797,83.05000305175781,83.75,83.37000274658203,1671900
2023-02-23,84.13999938964844,82.7300033569336,83.44000244140625,83.97000122070312,1371600
2023-02-24,84.0199966430664,83.05000305175781,83.63999938964844,83.62999725341797,1889500
2023-02-27,84.5199966430664,83.72000122070312,83.76000213623047,84.0,1362400
2023-02-28,84.98999786376953,83.94000244140625,83.97000122070312,84.62000274658203,2963600
2023-03-01,85.55999755859375,84.30999755859375,84.47000122070312,85.2300033569336,1914600
2023-03-02,85.9749984741211,84.69000244140625,85.13999938964844,85.66999816894531,1415400
2023-03-03,87.05999755859375,85.63999938964844,86.0,86.93000030517578,1292300
2023-03-06,87.33000183105469,86.52999877929688,86.88999938964844,86.6500015258789,1704900
2023-03-07,86.80999755859375,84.98999786376953,86.80999755859375,85.13999938964844,1952400
2023-03-08,85.63999938964844,84.5,85.22000122070312,85.33999633789062,1703600
2023-03-09,85.76000213623047,84.0,85.66000366210938,84.1500015258789,1731600
2023-03-10,84.12999725341797,81.79000091552734,84.12999725341797,82.1500015258789,1962300
2023-03-13,82.98500061035156,81.2300033569336,81.36000061035156,81.94000244140625,2497000
2023-03-14,83.94000244140625,82.48999786376953,83.1500015258789,83.43000030517578,2293000
2023-03-15,82.62999725341797,79.66000366210938,82.30999755859375,81.16000366210938,2710400
2023-03-16,81.63999938964844,80.01000213623047,80.41000366210938,81.51000213623047,1854400
2023-03-17,81.23999786376953,79.61000061035156,81.16999816894531,80.04000091552734,3538700
2023-03-20,81.88999938964844,80.44000244140625,80.68000030517578,81.77999877929688,1624900
2023-03-21,82.93000030517578,81.8550033569336,82.6500015258789,82.30999755859375,1237300
2023-03-22,82.48999786376953,80.61000061035156,82.12999725341797,80.63999938964844,1464400
2023-03-23,81.50399780273438,79.62000274658203,80.30000305175781,80.27999877929688,1890300
2023-03-24,80.6500015258789,78.52999877929688,79.16000366210938,80.5,1766800
2023-03-27,81.47000122070312,80.51000213623047,81.08999633789062,80.98999786376953,1432800
2023-03-28,81.75,80.7699966430664,80.93000030517578,81.72000122070312,1217200
2023-03-29,83.05999755859375,82.13999938964844,82.52999877929688,82.83000183105469,1531400
2023-03-30,83.63999938964844,82.69300079345703,83.11000061035156,83.12999725341797,1189600
2023-03-31,84.47000122070312,83.3949966430664,83.58999633789062,84.4000015258789,2608900
2023-04-03,84.80000305175781,83.7699966430664,84.2699966430664,84.19999694824219,1382200
2023-04-04,84.70999908447266,80.25,84.0999984741211,80.62999725341797,2606800
2023-04-05,80.47000122070312,79.06999969482422,80.11000061035156,79.38999938964844,1723500
2023-04-06,79.0999984741211,77.87999725341797,79.08999633789062,78.48999786376953,1826200
2023-04-10,79.1500015258789,76.88999938964844,77.94999694824219,79.12999725341797,1235800
2023-04-11,80.16999816894531,79.23999786376953,79.55999755859375,79.7699966430664,1407100
2023-04-12,81.27999877929688,79.86000061035156,80.1500015258789,80.7300033569336,1327500
2023-04-13,81.30000305175781,79.55000305175781,80.66000366210938,81.16000366210938,1565200
2023-04-14,82.0,80.76000213623047,80.9749984741211,81.26000213623047,926000
2023-04-17,82.41000366210938,81.48999786376953,81.54000091552734,82.37999725341797,1312700
2023-04-18,83.23999786376953,82.04000091552734,82.80000305175781,82.29000091552734,2024100
2023-04-19,82.51000213623047,81.61499786376953,81.66999816894531,82.5,1143400
2023-04-20,82.81999969482422,81.72000122070312,82.2699966430664,82.75,1905100
2023-04-21,83.47000122070312,81.91000366210938,83.26000213623047,82.7300033569336,1042500
2023-04-24,83.47000122070312,82.48999786376953,82.58000183105469,83.05000305175781,1715400
2023-04-25,83.45500183105469,82.5,82.98999786376953,82.6500015258789,2137700
2023-04-26,83.47000122070312,81.55000305175781,81.9000015258789,81.87999725341797,2947600
2023-04-27,85.91999816894531,82.08000183105469,82.83000183105469,85.87999725341797,2353000
2023-04-28,86.63999938964844,85.0,86.20999908447266,85.30000305175781,1973800
2023-05-01,86.37999725341797,85.36000061035156,85.62999725341797,85.94999694824219,1347200
2023-05-02,86.36000061035156,84.7249984741211,85.87000274658203,86.26000213623047,1290800
2023-05-03,86.91999816894531,85.4749984741211,86.7699966430664,85.54000091552734,1370300
2023-05-04,86.19000244140625,85.08000183105469,86.04000091552734,85.30000305175781,1857800
2023-05-05,86.69999694824219,85.63999938964844,86.1500015258789,85.95999908447266,1478000
2023-05-08,86.33999633789062,85.44000244140625,86.05000305175781,85.76000213623047,1546200
2023-05-09,85.66000366210938,85.08000183105469,85.66000366210938,85.44999694824219,1293100
2023-05-10,86.04000091552734,84.08999633789062,86.01000213623047,85.44999694824219,1871500
2023-05-11,85.02999877929688,84.08000183105469,84.83999633789062,84.54000091552734,1323100
2023-05-12,85.33000183105469,83.875,84.88999938964844,84.4000015258789,1437400
2023-05-15,84.68000030517578,83.98999786376953,84.45999908447266,84.51000213623047,1390000
2023-05-16,84.04000091552734,82.78900146484375,84.04000091552734,82.94000244140625,1812900
2023-05-17,84.08000183105469,82.86000061035156,83.43000030517578,83.75,2546300
2023-05-18,84.63500213623047,82.9000015258789,83.58999633789062,84.5,2172300
2023-05-19,85.23999786376953,83.91999816894531,85.23999786376953,84.55999755859375,2092800
2023-05-22,84.80999755859375,83.61000061035156,84.31999969482422,84.08000183105469,1553300
2023-05-23,83.5999984741211,81.93000030517578,83.29000091552734,82.23999786376953,2892200
2023-05-24,82.10900115966797,80.93000030517578,81.9800033569336,81.0999984741211,1987500
2023-05-25,81.55000305175781,80.69999694824219,81.37000274658203,81.43000030517578,2541800
2023-05-26,81.93000030517578,80.91000366210938,81.37999725341797,81.79000091552734,2736400
2023-05-30,82.02999877929688,80.9000015258789,81.94999694824219,81.2300033569336,1823500
2023-05-31,81.08000183105469,79.08000183105469,80.9000015258789,79.51000213623047,6744600
2023-06-01,81.73999786376953,79.02999877929688,79.7300033569336,81.51000213623047,2415100
2023-06-02,85.94999694824219,83.13999938964844,83.13999938964844,85.5999984741211,3155200
2023-06-05,85.52999877929688,84.08000183105469,85.52999877929688,84.52999877929688,1683900
2023-06-06,85.69999694824219,84.44999694824219,84.5,85.5199966430664,1431500
2023-06-07,87.47000122070312,85.11000061035156,85.30999755859375,87.19000244140625,2151400
2023-06-08,87.49500274658203,85.99700164794922,87.20999908447266,86.08999633789062,1503700
2023-06-09,85.97000122070312,84.86000061035156,85.87999725341797,85.66000366210938,2064800
2023-06-12,86.66999816894531,85.19000244140625,85.69000244140625,86.5,1570700
2023-06-13,87.72000122070312,86.63999938964844,86.76000213623047,87.19999694824219,1724000
2023-06-14,88.05000305175781,86.80000305175781,87.69000244140625,87.51000213623047,1854200
2023-06-15,88.7300033569336,87.16000366210938,87.4000015258789,88.54000091552734,1495900
2023-06-16,89.30000305175781,88.11000061035156,88.87000274658203,88.62000274658203,3054200
2023-06-20,88.06500244140625,86.75,87.7300033569336,87.08000183105469,1541400
2023-06-21,87.66000366210938,86.31999969482422,86.7300033569336,87.0,2063700
2023-06-22,87.01000213623047,85.80000305175781,87.01000213623047,86.06999969482422,1542600
2023-06-23,86.55999755859375,84.80000305175781,85.2699966430664,86.37000274658203,2143100
2023-06-26,87.38300323486328,86.4000015258789,86.4000015258789,87.12000274658203,1023200
2023-06-27,87.93000030517578,86.94999694824219,87.5,87.73999786376953,1052900
2023-06-28,87.9000015258789,87.16000366210938,87.9000015258789,87.51000213623047,962000
2023-06-29,88.63999938964844,86.69999694824219,87.05000305175781,88.61000061035156,1107000
2023-06-30,90.11000061035156,89.01000213623047,89.33999633789062,89.01000213623047,2776000
2023-07-03,88.6500015258789,87.875,88.43000030517578,88.61000061035156,689400
2023-07-05,88.4000015258789,87.36000061035156,87.91999816894531,87.54000091552734,1549900
2023-07-06,87.26000213623047,86.04000091552734,86.97000122070312,86.38999938964844,1591800
2023-07-07,87.33999633789062,86.0199966430664,86.12000274658203,86.86000061035156,2034100
2023-07-10,87.58499908447266,86.55999755859375,86.97000122070312,87.27999877929688,1585500
2023-07-11,88.08999633789062,87.27999877929688,87.75,87.43000030517578,1337900
2023-07-12,89.43000030517578,87.25,88.19999694824219,88.70999908447266,2499900
2023-07-13,89.41999816894531,88.52799987792969,88.83000183105469,89.05999755859375,1250200
2023-07-14,88.95999908447266,87.9000015258789,88.76000213623047,88.72000122070312,930300
2023-07-17,89.18000030517578,88.12000274658203,88.45999908447266,88.54000091552734,1373700
2023-07-18,89.36000061035156,88.18000030517578,88.66000366210938,88.52999877929688,1859900
2023-07-19,88.47000122070312,86.94999694824219,87.55000305175781,88.08000183105469,1783000
2023-07-20,87.51000213623047,85.80999755859375,86.48999786376953,86.86000061035156,2714300
2023-07-21,87.8499984741211,86.83999633789062,87.27999877929688,87.25,1788400
2023-07-24,87.90499877929688,87.0,87.52999877929688,87.2300033569336,1300200
2023-07-25,87.80999755859375,86.13999938964844,86.5,87.56999969482422,2330300
2023-07-26,91.02999877929688,85.2300033569336,85.93000030517578,90.7300033569336,4285500
2023-07-27,91.33000183105469,89.0199966430664,91.33000183105469,89.66999816894531,3478200
2023-07-28,90.81999969482422,89.11499786376953,90.5199966430664,90.05000305175781,2465400
2023-07-31,91.23999786376953,90.0999984741211,90.18000030517578,90.95999908447266,1961900
2023-08-01,90.93000030517578,89.86000061035156,90.16999816894531,90.2300033569336,1500100
2023-08-02,90.0250015258789,88.73999786376953,89.5199966430664,89.38999938964844,1594600
2023-08-03,90.12999725341797,88.9000015258789,89.22000122070312,89.62000274658203,1554600
2023-08-04,89.9000015258789,88.33000183105469,89.9000015258789,88.51000213623047,1135000
2023-08-07,90.27999877929688,88.94000244140625,88.94000244140625,90.19999694824219,1671100
2023-08-08,89.66999816894531,88.38999938964844,89.5199966430664,88.94000244140625,1651500
2023-08-09,89.18000030517578,87.93000030517578,88.83000183105469,88.0,1713300
2023-08-10,88.9800033569336,87.48999786376953,88.12999725341797,87.77999877929688,1628800
2023-08-11,87.87000274658203,87.01000213623047,87.31999969482422,87.41000366210938,1559200
2023-08-14,87.27999877929688,86.45999908447266,87.20999908447266,87.05000305175781,2050800
2023-08-15,86.87999725341797,85.31999969482422,86.43000030517578,85.73999786376953,2251800
2023-08-16,86.19499969482422,84.95999908447266,85.61000061035156,85.2699966430664,2331600
2023-08-17,86.04000091552734,83.9000015258789,85.37000274658203,83.91999816894531,2218000
2023-08-18,84.5,83.18000030517578,83.18000030517578,83.7300033569336,1949600
2023-08-21,83.8499984741211,82.9800033569336,83.69999694824219,83.5199966430664,1660300
2023-08-22,84.2300033569336,82.76000213623047,84.0,82.94999694824219,1955700
2023-08-23,84.0199966430664,82.69999694824219,83.22000122070312,83.8499984741211,1663100
2023-08-24,84.31999969482422,82.80000305175781,83.47000122070312,82.83999633789062,1902000
2023-08-25,84.29000091552734,82.83499908447266,83.55000305175781,83.87000274658203,2107900
2023-08-28,85.00499725341797,84.0999984741211,84.16000366210938,84.63999938964844,1158000
2023-08-29,85.75,84.2699966430664,84.55999755859375,85.51000213623047,1589000
2023-08-30,86.62999725341797,85.33000183105469,85.93000030517578,85.66000366210938,1583400
2023-08-31,86.56999969482422,85.52999877929688,85.77999877929688,85.55000305175781,1922300
2023-09-01,86.49500274658203,85.68000030517578,85.95999908447266,86.16999816894531,1188600
2023-09-05,86.26000213623047,84.16999816894531,86.06999969482422,84.3499984741211,1814500
2023-09-06,84.9800033569336,84.0,84.2300033569336,84.38999938964844,2179300
2023-09-07,84.72000122070312,82.93000030517578,83.7699966430664,82.97000122070312,2377800
2023-09-08,83.4000015258789,82.44999694824219,83.01000213623047,82.70999908447266,1922700
2023-09-11,83.55999755859375,82.5199966430664,83.1500015258789,82.98999786376953,1346000
2023-09-12,82.9800033569336,82.36000061035156,82.43000030517578,82.58999633789062,883300
2023-09-13,82.66999816894531,80.7699966430664,82.62999725341797,81.29000091552734,1579400
2023-09-14,82.31999969482422,80.93000030517578,81.91000366210938,81.68000030517578,1538800
2023-09-15,81.77999877929688,80.70999908447266,81.30999755859375,81.12000274658203,3551900
2023-09-18,81.91999816894531,80.94000244140625,81.08999633789062,81.38999938964844,1692200
2023-09-19,82.44000244140625,80.91999816894531,80.94999694824219,82.18000030517578,2322200
2023-09-20,82.73999786376953,81.56999969482422,82.41000366210938,81.69999694824219,1432000
2023-09-21,81.83000183105469,80.77999877929688,81.52999877929688,80.93000030517578,2768900
2023-09-22,81.52999877929688,80.70999908447266,80.94000244140625,80.81999969482422,1361500
2023-09-25,81.1500015258789,80.1500015258789,80.37999725341797,80.94999694824219,1074200
2023-09-26,80.71499633789062,79.20999908447266,80.47000122070312,79.29000091552734,3357400
2023-09-27,79.93000030517578,79.12999725341797,79.4000015258789,79.3499984741211,3145700
2023-09-28,80.9800033569336,79.13999938964844,79.52999877929688,80.47000122070312,1647900
2023-09-29,81.1500015258789,79.97000122070312,81.02999877929688,80.30999755859375,1763900
2023-10-02,80.52999877929688,79.16000366210938,80.05999755859375,79.5,1621100
2023-10-03,80.08000183105469,79.05000305175781,79.26000213623047,79.4000015258789,1645200
2023-10-04,80.13999938964844,78.78600311279297,79.55999755859375,80.05999755859375,1463200
2023-10-05,80.30000305175781,78.86000061035156,80.0199966430664,79.13999938964844,1197200
2023-10-06,80.08000183105469,78.41000366210938,79.0199966430664,79.54000091552734,2133500
2023-10-09,79.94999694824219,78.69999694824219,79.11000061035156,79.94999694824219,1506800
2023-10-10,80.91999816894531,79.94000244140625,80.16000366210938,80.30000305175781,1615900
2023-10-11,81.06999969482422,80.3499984741211,80.3499984741211,81.04000091552734,1576300
2023-10-12,81.37999725341797,80.06999969482422,81.36000061035156,80.44000244140625,1598400
2023-10-13,80.79000091552734,79.7249984741211,80.58999633789062,80.0,1767900
2023-10-16,81.04299926757812,80.08999633789062,80.6500015258789,80.51000213623047,1212200
2023-10-17,81.27999877929688,79.98500061035156,80.12999725341797,81.06999969482422,1172400
2023-10-18,80.5,78.80999755859375,80.44999694824219,78.8499984741211,2440300
2023-10-19,79.93000030517578,78.06400299072266,78.79000091552734,78.16999816894531,2441600
2023-10-20,78.44000244140625,77.40499877929688,78.23999786376953,77.52999877929688,2008100
2023-10-23,78.0999984741211,76.7300033569336,77.30999755859375,76.91000366210938,1822200
2023-10-24,78.01000213623047,76.6500015258789,77.58999633789062,77.2699966430664,2970400
2023-10-25,76.8949966430664,73.31999969482422,75.0999984741211,75.47000122070312,2910800
2023-10-26,76.47000122070312,75.26000213623047,75.75,75.5199966430664,1687000
2023-10-27,76.61000061035156,75.16000366210938,75.2300033569336,76.13999938964844,2331100
2023-10-30,76.9749984741211,75.77999877929688,76.69999694824219,76.54000091552734,1942500
2023-10-31,77.4000015258789,76.47000122070312,76.58000183105469,77.20999908447266,2165100
2023-11-01,77.69000244140625,76.22000122070312,77.38999938964844,76.80999755859375,2392200
2023-11-02,78.7699966430664,77.51000213623047,77.87999725341797,78.6500015258789,1974400
2023-11-03,80.58999633789062,79.55899810791016,79.63999938964844,79.80999755859375,2600600
2023-11-06,80.56999969482422,79.44000244140625,79.6500015258789,80.31999969482422,2205100
2023-11-07,80.3499984741211,79.54000091552734,79.91999816894531,79.87000274658203,1841700
2023-11-08,81.19999694824219,79.7300033569336,79.93000030517578,80.8499984741211,2355500
2023-11-09,81.5199966430664,80.48999786376953,81.19999694824219,80.6500015258789,1762100
2023-11-10,82.30000305175781,80.63999938964844,80.87000274658203,82.02999877929688,2053400
2023-11-13,82.1500015258789,81.20999908447266,81.83999633789062,81.77999877929688,1250800
