Date,High_PLTR,Low_PLTR,Open_PLTR,Close_PLTR,Volume_PLTR
2020-09-30,11.40999984741211,9.109999656677246,10.0,9.5,338584400
2020-10-01,10.100000381469727,9.229999542236328,9.6899995803833,9.460000038146973,124297600
2020-10-02,9.279999732971191,8.9399995803833,9.0600004196167,9.199999809265137,55018300
2020-10-05,9.489999771118164,8.920000076293945,9.430000305175781,9.029999732971191,36316900
2020-10-06,10.180000305175781,8.899999618530273,9.039999961853027,9.899999618530273,90864000
2020-10-07,10.489999771118164,9.989999771118164,10.039999961853027,10.0,54672400
2020-10-08,10.399999618530273,9.989999771118164,10.289999961853027,10.0,34989200
2020-10-09,10.1899995803833,9.890000343322754,10.130000114440918,9.949999809265137,19653500
2020-10-12,10.050000190734863,9.65999984741211,10.039999961853027,9.890000343322754,20623600
2020-10-13,9.880000114440918,9.40999984741211,9.880000114440918,9.470000267028809,21847200
2020-10-14,9.65999984741211,9.289999961853027,9.600000381469727,9.34000015258789,13652600
2020-10-15,9.90999984741211,9.180000305175781,9.270000457763672,9.90999984741211,12924100
2020-10-16,9.949999809265137,9.65999984741211,9.9399995803833,9.710000038146973,11142500
2020-10-19,9.819999694824219,9.529999732971191,9.789999961853027,9.569999694824219,9126400
2020-10-20,9.65999984741211,9.270000457763672,9.600000381469727,9.270000457763672,11138200
2020-10-21,9.479999542236328,9.199999809265137,9.300000190734863,9.199999809265137,9190000
2020-10-22,9.75,9.220000267028809,9.369999885559082,9.680000305175781,17928600
2020-10-23,9.829999923706055,9.470000267028809,9.710000038146973,9.489999771118164,12618000
2020-10-26,9.970000267028809,9.600000381469727,9.720000267028809,9.949999809265137,23767300
2020-10-27,11.039999961853027,9.920000076293945,10.0,10.949999809265137,53695900
2020-10-28,10.984999656677246,10.100000381469727,10.65999984741211,10.850000381469727,30941700
2020-10-29,11.100000381469727,10.5600004196167,10.899999618530273,10.75,20515700
2020-10-30,10.680000305175781,9.850000381469727,10.609999656677246,10.130000114440918,19705500
2020-11-02,10.569999694824219,10.229999542236328,10.229999542236328,10.539999961853027,11677800
2020-11-03,10.9399995803833,10.4399995803833,10.569999694824219,10.5,21652800
2020-11-04,10.920000076293945,10.550000190734863,10.819999694824219,10.720000267028809,15783400
2020-11-05,12.130000114440918,10.850000381469727,10.899999618530273,11.880000114440918,48560400
2020-11-06,14.960000038146973,12.050000190734863,12.220000267028809,13.829999923706055,89977600
2020-11-09,15.899999618530273,14.109999656677246,14.960000038146973,14.670000076293945,60099000
2020-11-10,15.010000228881836,13.180000305175781,14.989999771118164,14.0,38078700
2020-11-11,15.970000267028809,14.399999618530273,14.569999694824219,15.960000038146973,47027900
2020-11-12,17.059999465942383,14.40999984741211,16.65999984741211,14.579999923706055,97904000
2020-11-13,16.0,14.489999771118164,14.489999771118164,15.800000190734863,76354800
2020-11-16,16.100000381469727,15.010000228881836,15.960000038146973,15.930000305175781,65326000
2020-11-17,18.75,16.18000030517578,16.290000915527344,17.850000381469727,116618500
2020-11-18,19.25,17.540000915527344,18.280000686645508,17.899999618530273,89957900
2020-11-19,18.979999542236328,17.959999084472656,18.5,18.979999542236328,56225400
2020-11-20,19.65999984741211,18.0,19.030000686645508,18.149999618530273,72104000
2020-11-23,21.450000762939453,18.56999969482422,18.6299991607666,21.040000915527344,84716300
2020-11-24,24.270000457763672,20.6299991607666,22.350000381469727,23.81999969482422,115468800
2020-11-25,29.75,23.690000534057617,23.959999084472656,29.049999237060547,202563700
2020-11-27,33.5,26.1200008392334,31.190000534057617,27.65999984741211,207834000
2020-11-30,30.149999618530273,24.110000610351562,28.239999771118164,27.110000610351562,137243000
2020-12-01,28.139999389648438,24.450000762939453,28.09000015258789,25.670000076293945,84050000
2020-12-02,23.399999618530273,21.149999618530273,22.239999771118164,22.510000228881836,149062100
2020-12-03,25.6200008392334,23.5,23.549999237060547,24.030000686645508,85634300
2020-12-04,25.239999771118164,23.510000228881836,24.8799991607666,23.850000381469727,56044100
2020-12-07,29.0,24.440000534057617,24.440000534057617,28.940000534057617,118463700
2020-12-08,31.239999771118164,27.25,30.6299991607666,28.59000015258789,124754300
2020-12-09,28.850000381469727,25.329999923706055,28.68000030517578,26.6299991607666,79634700
2020-12-10,28.040000915527344,25.149999618530273,25.541000366210938,27.040000915527344,57774800
2020-12-11,28.270000457763672,26.059999465942383,27.149999618530273,27.200000762939453,52764400
2020-12-14,28.260000228881836,26.729999542236328,28.260000228881836,27.239999771118164,44734500
2020-12-15,27.100000381469727,25.520000457763672,26.81999969482422,26.43000030517578,49273200
2020-12-16,26.15999984741211,25.110000610351562,25.709999084472656,25.920000076293945,44013400
2020-12-17,27.450000762939453,26.049999237060547,26.520000457763672,27.229999542236328,53829800
2020-12-18,26.850000381469727,25.799999237060547,26.270000457763672,25.969999313354492,71042900
2020-12-21,28.700000762939453,25.399999618530273,26.190000534057617,28.510000228881836,76729100
2020-12-22,29.420000076293945,26.81999969482422,29.030000686645508,28.040000915527344,66033100
2020-12-23,29.389999389648438,28.049999237060547,28.950000762939453,28.690000534057617,58772200
2020-12-24,29.15999984741211,27.520000457763672,28.79800033569336,27.75,26306800
2020-12-28,28.59000015258789,25.399999618530273,28.389999389648438,25.6299991607666,55878700
2020-12-29,26.18199920654297,24.34000015258789,25.75,24.65999984741211,47302400
2020-12-30,25.90999984741211,24.6299991607666,24.969999313354492,25.100000381469727,34586700
2020-12-31,24.719999313354492,23.520000457763672,24.6299991607666,23.549999237060547,39922500
2021-01-04,24.5,22.5,23.90999984741211,23.3700008392334,44970400
2021-01-05,24.670000076293945,22.889999389648438,23.18000030517578,24.600000381469727,29050400
2021-01-06,24.459999084472656,23.25,24.1200008392334,23.540000915527344,32732900
2021-01-07,25.190000534057617,23.670000076293945,24.020000457763672,25.0,32240000
2021-01-08,26.440000534057617,24.700000762939453,25.700000762939453,25.200000762939453,41313800
2021-01-11,26.600000381469727,24.309999465942383,24.610000610351562,25.93000030517578,32609000
2021-01-12,26.420000076293945,25.510000228881836,26.34000015258789,26.18000030517578,26887200
2021-01-13,27.43000030517578,25.1299991607666,25.709999084472656,25.5,51216600
2021-01-14,25.6200008392334,24.3700008392334,25.450000762939453,24.920000076293945,32908000
2021-01-15,28.0,25.459999084472656,26.260000228881836,25.639999389648438,92285500
2021-01-19,27.540000915527344,26.0,26.809999465942383,26.6200008392334,48675800
2021-01-20,27.299999237060547,25.700000762939453,27.290000915527344,26.34000015258789,37459000
2021-01-21,26.68000030517578,25.299999237060547,26.420000076293945,25.979999542236328,29891400
2021-01-22,32.650001525878906,25.81999969482422,25.850000381469727,32.58000183105469,156844700
2021-01-25,39.58000183105469,29.559999465942383,34.459999084472656,36.22999954223633,191345300
2021-01-26,36.869998931884766,34.31999969482422,35.13999938964844,35.369998931884766,65870000
2021-01-27,45.0,32.25,32.970001220703125,39.0,170758800
2021-01-28,42.0,33.099998474121094,39.540000915527344,35.65999984741211,85250700
2021-01-29,38.0099983215332,34.65999984741211,36.61000061035156,35.18000030517578,42030900
2021-02-01,35.619998931884766,32.58000183105469,35.33000183105469,33.959999084472656,43460900
2021-02-02,34.20000076293945,30.5,34.099998474121094,31.020000457763672,69647900
2021-02-03,32.95000076293945,31.3799991607666,32.38999938964844,31.760000228881836,35312000
2021-02-04,33.18000030517578,31.049999237060547,32.58000183105469,32.04999923706055,31565000
2021-02-05,35.20000076293945,31.75,32.61000061035156,34.04999923706055,62375300
2021-02-08,39.220001220703125,35.88999938964844,37.220001220703125,36.04999923706055,72376000
2021-02-09,38.255001068115234,36.130001068115234,36.900001525878906,38.16999816894531,44243200
2021-02-10,38.2400016784668,35.0,38.150001525878906,35.70000076293945,45177200
2021-02-11,35.97999954223633,32.61000061035156,35.790000915527344,33.11000061035156,52094900
2021-02-12,33.650001525878906,31.34000015258789,33.36000061035156,31.90999984741211,60925600
2021-02-16,30.440000534057617,27.299999237060547,30.020000457763672,27.84000015258789,180294300
2021-02-17,29.729999542236328,27.0,27.989999771118164,27.079999923706055,151007000
2021-02-18,26.309999465942383,24.5,24.989999771118164,25.170000076293945,313175100
2021-02-19,29.959999084472656,26.899999618530273,27.020000457763672,29.0,320063700
2021-02-22,30.190000534057617,27.535999298095703,29.959999084472656,28.0,183049500
2021-02-23,27.459999084472656,23.899999618530273,25.959999084472656,26.75,145289400
2021-02-24,27.229999542236328,25.75,26.709999084472656,26.389999389648438,90095700
2021-02-25,26.440000534057617,23.149999618530273,25.81999969482422,23.959999084472656,161776400
2021-02-26,24.5,22.700000762939453,24.200000762939453,23.899999618530273,119588600
2021-03-01,25.899999618530273,24.6200008392334,25.190000534057617,24.809999465942383,85059900
2021-03-02,25.59000015258789,24.260000228881836,25.0,24.479999542236328,73997000
2021-03-03,25.167999267578125,23.43000030517578,24.989999771118164,23.59000015258789,79046200
2021-03-04,25.559999465942383,23.049999237060547,24.850000381469727,24.729999542236328,161611200
2021-03-05,24.68000030517578,20.18000030517578,24.360000610351562,23.950000762939453,173468600
2021-03-08,24.579999923706055,22.399999618530273,23.770000457763672,22.520000457763672,94432800
2021-03-09,24.739999771118164,23.100000381469727,23.3799991607666,24.260000228881836,99586500
2021-03-10,26.239999771118164,24.270000457763672,25.030000686645508,24.75,103212800
2021-03-11,26.84000015258789,25.579999923706055,25.950000762939453,26.729999542236328,84788700
2021-03-12,26.920000076293945,25.18000030517578,25.739999771118164,26.920000076293945,58721900
2021-03-15,27.469999313354492,26.309999465942383,27.350000381469727,26.790000915527344,56101500
2021-03-16,27.100000381469727,25.229999542236328,26.75,25.610000610351562,73615100
2021-03-17,25.729999542236328,24.299999237060547,24.520000457763672,25.209999084472656,77081700
2021-03-18,25.18000030517578,23.780000686645508,24.729999542236328,23.979999542236328,57141400
2021-03-19,24.56999969482422,23.389999389648438,24.010000228881836,24.31999969482422,57915900
2021-03-22,24.920000076293945,23.860000610351562,24.889999389648438,24.219999313354492,46208100
2021-03-23,24.104999542236328,23.100000381469727,24.0,23.260000228881836,50169700
2021-03-24,23.485000610351562,21.75,23.299999237060547,21.8799991607666,69271900
2021-03-25,22.799999237060547,21.049999237060547,21.200000762939453,22.579999923706055,74592600
2021-03-26,23.049999237060547,21.760000228881836,22.6299991607666,22.579999923706055,57916400
2021-03-29,22.5,21.389999389648438,22.479999542236328,21.729999542236328,57647400
2021-03-30,22.09000015258789,20.860000610351562,21.360000610351562,22.040000915527344,52039700
2021-03-31,23.850000381469727,22.3799991607666,22.5,23.290000915527344,61458500
2021-04-01,23.950000762939453,22.729999542236328,23.950000762939453,23.06999969482422,51788800
2021-04-05,24.450000762939453,23.34000015258789,23.780000686645508,23.440000534057617,65374300
2021-04-06,23.610000610351562,22.829999923706055,23.549999237060547,23.270000457763672,41933500
2021-04-07,23.549999237060547,22.809999465942383,23.0,22.899999618530273,32766200
2021-04-08,23.600000381469727,22.739999771118164,23.200000762939453,23.40999984741211,35905500
2021-04-09,24.350000381469727,23.3700008392334,23.459999084472656,24.040000915527344,54082700
2021-04-12,24.549999237060547,22.729999542236328,24.520000457763672,23.34000015258789,68620800
2021-04-13,25.659000396728516,23.1200008392334,23.190000534057617,25.420000076293945,83913500
2021-04-14,26.200000762939453,23.649999618530273,25.350000381469727,23.700000762939453,108793800
2021-04-15,24.059999465942383,22.690000534057617,24.010000228881836,23.149999618530273,58849300
2021-04-16,23.260000228881836,22.299999237060547,22.860000610351562,22.469999313354492,46627700
2021-04-19,22.329999923706055,21.530000686645508,22.149999618530273,21.940000534057617,45753900
2021-04-20,22.549999237060547,21.239999771118164,21.959999084472656,21.780000686645508,47123100
2021-04-21,22.639999389648438,21.43000030517578,21.649999618530273,22.6299991607666,42641400
2021-04-22,23.510000228881836,22.510000228881836,22.940000534057617,22.860000610351562,51346400
2021-04-23,23.549999237060547,22.739999771118164,22.889999389648438,23.40999984741211,32052800
2021-04-26,24.260000228881836,23.459999084472656,23.690000534057617,24.110000610351562,33667600
2021-04-27,24.260000228881836,23.56999969482422,24.170000076293945,23.8799991607666,27678300
2021-04-28,24.170000076293945,23.420000076293945,23.670000076293945,23.850000381469727,22068100
2021-04-29,24.139999389648438,22.809999465942383,23.8700008392334,23.3700008392334,36770100
2021-04-30,23.549999237060547,22.84000015258789,23.18000030517578,23.040000915527344,24717300
2021-05-03,23.079999923706055,22.209999084472656,23.010000228881836,22.299999237060547,33934400
2021-05-04,22.200000762939453,20.8700008392334,21.940000534057617,21.639999389648438,63429600
2021-05-05,21.940000534057617,20.969999313354492,21.809999465942383,21.149999618530273,39134700
2021-05-06,21.020000457763672,19.40999984741211,21.020000457763672,20.09000015258789,92201100
2021-05-07,20.75,19.579999923706055,20.299999237060547,19.75,63725500
2021-05-10,19.299999237060547,18.18000030517578,19.280000686645508,18.469999313354492,104670500
2021-05-11,20.299999237060547,17.05500030517578,17.200000762939453,20.209999084472656,203230500
2021-05-12,20.0,18.510000228881836,20.0,18.889999389648438,128281500
2021-05-13,19.469999313354492,17.81999969482422,19.139999389648438,18.3700008392334,87811600
2021-05-14,20.200000762939453,18.530000686645508,18.81999969482422,20.079999923706055,79409500
2021-05-17,20.489999771118164,19.6299991607666,19.729999542236328,20.459999084472656,50039600
2021-05-18,21.6200008392334,20.260000228881836,20.520000457763672,21.239999771118164,59672400
2021-05-19,21.03499984741211,19.940000534057617,20.100000381469727,20.670000076293945,45314000
2021-05-20,20.809999465942383,20.280000686645508,20.75,20.610000610351562,46302400
2021-05-21,21.15999984741211,20.469999313354492,20.84000015258789,20.75,35372900
2021-05-24,21.520000457763672,20.674999237060547,21.059999465942383,21.219999313354492,46596800
2021-05-25,22.110000610351562,21.280000686645508,21.420000076293945,21.479999542236328,49890800
2021-05-26,22.239999771118164,21.489999771118164,21.579999923706055,22.1200008392334,42958300
2021-05-27,22.700000762939453,21.649999618530273,22.010000228881836,22.700000762939453,76230500
2021-05-28,24.75,22.760000228881836,23.0,22.950000762939453,111846000
2021-06-01,23.350000381469727,22.360000610351562,23.190000534057617,23.059999465942383,52695500
2021-06-02,24.84000015258789,22.81999969482422,23.020000457763672,24.450000762939453,86473200
2021-06-03,24.260000228881836,23.34000015258789,24.139999389648438,23.6299991607666,48164200
2021-06-04,24.489999771118164,23.5,23.709999084472656,24.030000686645508,42537600
2021-06-07,24.760000228881836,23.790000915527344,24.0,24.459999084472656,49641000
2021-06-08,25.229999542236328,23.93000030517578,24.850000381469727,24.3799991607666,53488600
2021-06-09,24.739999771118164,24.170000076293945,24.450000762939453,24.170000076293945,36006200
2021-06-10,24.389999389648438,23.440000534057617,24.0,24.139999389648438,35482900
2021-06-11,24.709999084472656,24.030000686645508,24.1200008392334,24.670000076293945,33113100
2021-06-14,25.149999618530273,24.469999313354492,24.729999542236328,25.0,51801500
2021-06-15,25.549999237060547,24.389999389648438,25.030000686645508,24.40999984741211,46693200
2021-06-16,24.940000534057617,23.860000610351562,24.09000015258789,24.799999237060547,58452600
2021-06-17,25.459999084472656,24.549999237060547,24.68000030517578,25.450000762939453,64408400
2021-06-18,25.940000534057617,25.020000457763672,25.59000015258789,25.3700008392334,65852600
2021-06-21,25.549999237060547,24.510000228881836,25.100000381469727,25.420000076293945,54805000
2021-06-22,25.520000457763672,24.959999084472656,25.389999389648438,25.399999618530273,46171100
2021-06-23,26.350000381469727,25.34000015258789,25.459999084472656,26.270000457763672,53362200
2021-06-24,26.709999084472656,26.170000076293945,26.489999771118164,26.530000686645508,48419400
2021-06-25,27.010000228881836,26.2450008392334,26.579999923706055,26.780000686645508,140832700
2021-06-28,27.5,26.860000610351562,26.979999542236328,27.3799991607666,42184600
2021-06-29,27.440000534057617,26.440000534057617,27.3799991607666,26.6299991607666,38478900
2021-06-30,26.920000076293945,26.209999084472656,26.479999542236328,26.360000610351562,28957100
2021-07-01,26.1299991607666,24.59000015258789,26.100000381469727,24.719999313354492,55429800
2021-07-02,25.34000015258789,24.329999923706055,25.0,24.440000534057617,29389500
2021-07-06,25.200000762939453,24.469999313354492,24.600000381469727,24.68000030517578,28764500
2021-07-07,24.260000228881836,22.719999313354492,24.229999542236328,22.889999389648438,66937300
2021-07-08,23.209999084472656,22.25,22.43000030517578,23.079999923706055,34612600
2021-07-09,23.389999389648438,22.760000228881836,22.959999084472656,23.290000915527344,22492400
2021-07-12,23.4950008392334,22.8799991607666,23.260000228881836,22.950000762939453,23457200
2021-07-13,22.989999771118164,22.420000076293945,22.979999542236328,22.450000762939453,24748800
2021-07-14,22.6200008392334,21.510000228881836,22.489999771118164,21.559999465942383,33796200
2021-07-15,22.05500030517578,21.010000228881836,21.719999313354492,21.469999313354492,31871000
2021-07-16,21.709999084472656,21.239999771118164,21.600000381469727,21.3700008392334,19503100
2021-07-19,21.690000534057617,20.549999237060547,20.969999313354492,21.540000915527344,30314400
2021-07-20,22.350000381469727,21.219999313354492,21.6299991607666,22.18000030517578,22954000
2021-07-21,22.68000030517578,22.1200008392334,22.270000457763672,22.520000457763672,20437300
2021-07-22,22.670000076293945,21.8799991607666,22.549999237060547,22.06999969482422,17468900
2021-07-23,22.079999923706055,21.510000228881836,22.010000228881836,21.809999465942383,17653300
2021-07-26,22.299999237060547,21.479999542236328,21.799999237060547,22.1299991607666,16267900
2021-07-27,22.110000610351562,21.09000015258789,21.959999084472656,21.68000030517578,23078700
2021-07-28,22.614999771118164,21.690000534057617,21.75,22.559999465942383,25073600
2021-07-29,22.850000381469727,22.139999389648438,22.780000686645508,22.18000030517578,19219100
2021-07-30,22.4060001373291,21.709999084472656,21.850000381469727,21.709999084472656,15889200
2021-08-02,22.3700008392334,21.479999542236328,21.90999984741211,22.100000381469727,21372900
2021-08-03,22.270000457763672,21.709999084472656,22.030000686645508,22.239999771118164,17040100
2021-08-04,22.540000915527344,22.06999969482422,22.200000762939453,22.299999237060547,15537400
2021-08-05,22.770000457763672,22.020000457763672,22.219999313354492,22.520000457763672,18575200
2021-08-06,22.690000534057617,21.790000915527344,22.639999389648438,21.81999969482422,24200700
2021-08-09,23.280000686645508,21.799999237060547,21.850000381469727,22.93000030517578,35611100
2021-08-10,23.520000457763672,22.780000686645508,23.010000228881836,22.920000076293945,25947900
2021-08-11,23.190000534057617,22.09000015258789,23.06999969482422,22.350000381469727,34679000
2021-08-12,25.760000228881836,23.584999084472656,24.450000762939453,24.889999389648438,189287200
2021-08-13,25.100000381469727,24.309999465942383,25.0,24.899999618530273,52395100
2021-08-16,24.899999618530273,23.770000457763672,24.899999618530273,24.5,45907300
2021-08-17,24.59000015258789,23.739999771118164,23.899999618530273,23.969999313354492,35348300
2021-08-18,25.940000534057617,23.68000030517578,24.06999969482422,25.280000686645508,92065600
2021-08-19,25.639999389648438,24.139999389648438,25.010000228881836,24.15999984741211,67605600
2021-08-20,24.479999542236328,23.65999984741211,24.219999313354492,24.010000228881836,52062300
2021-08-23,24.93000030517578,23.899999618530273,24.020000457763672,24.81999969482422,35705300
2021-08-24,25.350000381469727,24.760000228881836,25.0,25.100000381469727,37227400
2021-08-25,25.190000534057617,24.06999969482422,25.1200008392334,24.350000381469727,54678500
2021-08-26,25.40999984741211,24.360000610351562,24.399999618530273,24.8700008392334,46179400
2021-08-27,26.09000015258789,24.90999984741211,25.049999237060547,25.709999084472656,52268500
2021-08-30,26.600000381469727,25.6200008392334,25.739999771118164,25.760000228881836,44139300
2021-08-31,26.360000610351562,25.65999984741211,25.790000915527344,26.34000015258789,93168600
2021-09-01,26.510000228881836,26.030000686645508,26.459999084472656,26.200000762939453,34417200
2021-09-02,26.8700008392334,26.09000015258789,26.209999084472656,26.510000228881836,38460100
2021-09-03,26.75,26.219999313354492,26.489999771118164,26.639999389648438,26609500
2021-09-07,26.8799991607666,26.270000457763672,26.790000915527344,26.700000762939453,35835100
2021-09-08,26.610000610351562,24.959999084472656,26.600000381469727,25.579999923706055,54394400
2021-09-09,26.239999771118164,25.290000915527344,25.389999389648438,26.1299991607666,34190800
2021-09-10,26.729999542236328,26.170000076293945,26.18000030517578,26.280000686645508,37307800
2021-09-13,26.23900032043457,25.030000686645508,26.149999618530273,25.829999923706055,42372300
2021-09-14,26.700000762939453,25.899999618530273,25.969999313354492,26.260000228881836,34569000
2021-09-15,27.149999618530273,26.030000686645508,26.299999237060547,27.079999923706055,49555500
2021-09-16,28.790000915527344,27.020000457763672,27.200000762939453,28.6299991607666,109992000
2021-09-17,29.290000915527344,28.06999969482422,28.65999984741211,28.709999084472656,182052600
2021-09-20,28.100000381469727,26.059999465942383,27.56999969482422,26.549999237060547,89413500
2021-09-21,27.14900016784668,26.079999923706055,26.889999389648438,26.6200008392334,50933600
2021-09-22,27.770000457763672,26.582000732421875,26.610000610351562,27.43000030517578,44308100
2021-09-23,29.190000534057617,27.670000076293945,27.709999084472656,28.770000457763672,60028600
2021-09-24,28.760000228881836,27.900999069213867,28.270000457763672,28.559999465942383,40309700
2021-09-27,28.3799991607666,27.229999542236328,28.229999542236328,27.469999313354492,44102800
2021-09-28,27.1299991607666,25.209999084472656,27.020000457763672,25.34000015258789,64206200
2021-09-29,25.700000762939453,24.420000076293945,25.610000610351562,24.520000457763672,46164500
2021-09-30,25.049999237060547,23.8799991607666,24.690000534057617,24.040000915527344,59505600
2021-10-01,24.360000610351562,23.719999313354492,24.209999084472656,24.329999923706055,32778000
2021-10-04,24.049999237060547,23.020000457763672,24.010000228881836,23.170000076293945,46789700
2021-10-05,23.8799991607666,23.06999969482422,23.209999084472656,23.209999084472656,56574800
2021-10-06,25.010000228881836,23.350000381469727,24.90999984741211,23.579999923706055,125175700
2021-10-07,24.1299991607666,23.540000915527344,23.709999084472656,23.729999542236328,38873700
2021-10-08,24.09600067138672,23.110000610351562,23.860000610351562,23.5,39713400
2021-10-11,23.979999542236328,23.260000228881836,23.260000228881836,23.530000686645508,23971700
2021-10-12,23.809999465942383,23.290000915527344,23.549999237060547,23.690000534057617,26280000
2021-10-13,24.309999465942383,23.790000915527344,23.829999923706055,24.1299991607666,28494000
2021-10-14,24.709999084472656,24.204999923706055,24.43000030517578,24.350000381469727,26106700
2021-10-15,24.520000457763672,23.829999923706055,24.5,24.0,24366100
2021-10-18,24.389999389648438,23.920000076293945,24.0,24.260000228881836,25609900
2021-10-19,25.200000762939453,24.360000610351562,24.5,24.690000534057617,29393900
2021-10-20,24.959999084472656,24.170000076293945,24.790000915527344,24.219999313354492,24248000
2021-10-21,24.93000030517578,24.079999923706055,24.1299991607666,24.780000686645508,23976600
2021-10-22,24.850000381469727,24.25,24.489999771118164,24.43000030517578,20166800
2021-10-25,25.540000915527344,24.479999542236328,24.5,25.40999984741211,33962100
2021-10-26,26.75,25.25,25.989999771118164,25.520000457763672,56767000
2021-10-27,25.899999618530273,25.020000457763672,25.639999389648438,25.059999465942383,24157200
2021-10-28,25.795000076293945,25.1200008392334,25.299999237060547,25.639999389648438,21203000
2021-10-29,26.1200008392334,25.450000762939453,25.5,25.8799991607666,21910300
2021-11-01,26.645000457763672,25.882999420166016,26.110000610351562,26.559999465942383,26684700
2021-11-02,26.719999313354492,25.55500030517578,26.559999465942383,25.920000076293945,30794600
2021-11-03,26.235000610351562,25.170000076293945,25.889999389648438,26.1200008392334,25244200
2021-11-04,26.56999969482422,25.8700008392334,26.260000228881836,26.469999313354492,25029700
2021-11-05,26.6299991607666,25.719999313354492,26.450000762939453,26.0,26005000
2021-11-08,27.110000610351562,26.1200008392334,26.25,26.75,41359600
2021-11-09,25.979999542236328,23.950000762939453,25.899999618530273,24.25,117540200
2021-11-10,23.639999389648438,22.1200008392334,23.600000381469727,22.520000457763672,94860100
2021-11-11,23.1299991607666,22.665000915527344,23.040000915527344,22.989999771118164,43381500
2021-11-12,23.225000381469727,22.3799991607666,23.020000457763672,22.829999923706055,53516200
2021-11-15,23.520000457763672,22.950000762939453,23.0,23.40999984741211,33225700
2021-11-16,23.290000915527344,22.610000610351562,23.290000915527344,23.1299991607666,31574800
2021-11-17,23.2189998626709,22.399999618530273,23.049999237060547,22.489999771118164,27994100
2021-11-18,22.549999237060547,21.341999053955078,22.5,21.5,51039900
2021-11-19,21.959999084472656,21.299999237060547,21.600000381469727,21.40999984741211,30013100
2021-11-22,21.56999969482422,20.18000030517578,21.530000686645508,20.649999618530273,59899100
2021-11-23,21.049999237060547,20.049999237060547,20.59000015258789,20.59000015258789,44588000
2021-11-24,21.200000762939453,20.059999465942383,20.350000381469727,21.110000610351562,35233900
2021-11-26,21.09000015258789,20.349000930786133,20.40999984741211,21.030000686645508,20691200
2021-11-29,21.399999618530273,20.559999465942383,21.190000534057617,21.06999969482422,29114000
2021-11-30,21.25,20.110000610351562,20.950000762939453,20.649999618530273,38196400
2021-12-01,20.889999389648438,19.290000915527344,20.530000686645508,19.3799991607666,48283700
2021-12-02,19.90999984741211,19.059999465942383,19.299999237060547,19.690000534057617,45802900
2021-12-03,19.530000686645508,18.399999618530273,19.5,18.979999542236328,56039600
2021-12-06,18.969999313354492,18.075000762939453,18.540000915527344,18.799999237060547,56459800
2021-12-07,19.854999542236328,19.06999969482422,19.260000228881836,19.459999084472656,35129000
2021-12-08,19.825000762939453,19.030000686645508,19.510000228881836,19.81999969482422,28425900
2021-12-09,20.149999618530273,19.040000915527344,19.950000762939453,19.209999084472656,30354700
2021-12-10,19.579999923706055,18.700000762939453,19.280000686645508,18.940000534057617,27594500
2021-12-13,19.075000762939453,18.170000076293945,18.799999237060547,18.399999618530273,38376000
2021-12-14,18.858999252319336,17.90999984741211,18.0,18.639999389648438,38864800
2021-12-15,18.940000534057617,17.9950008392334,18.3700008392334,18.860000610351562,39361900
2021-12-16,19.1200008392334,18.149999618530273,18.959999084472656,18.34000015258789,33950000
2021-12-17,19.100000381469727,17.809999465942383,18.030000686645508,19.059999465942383,44495200
2021-12-20,18.670000076293945,17.834999084472656,18.59000015258789,17.959999084472656,42265900
2021-12-21,18.979999542236328,18.100000381469727,18.15999984741211,18.899999618530273,33878600
2021-12-22,19.450000762939453,18.649999618530273,18.649999618530273,18.8799991607666,33894200
2021-12-23,19.135000228881836,18.719999313354492,18.850000381469727,18.93000030517578,24758300
2021-12-27,19.25,18.780000686645508,18.780000686645508,18.940000534057617,21782000
2021-12-28,19.06999969482422,18.440000534057617,18.889999389648438,18.56999969482422,20518800
2021-12-29,18.600000381469727,17.90999984741211,18.530000686645508,18.170000076293945,28217500
2021-12-30,18.9950008392334,18.06999969482422,18.100000381469727,18.690000534057617,29285200
2021-12-31,18.920000076293945,18.209999084472656,18.610000610351562,18.209999084472656,23556000
2022-01-03,18.569000244140625,17.860000610351562,18.360000610351562,18.530000686645508,34283600
2022-01-04,18.84000015258789,17.790000915527344,18.610000610351562,18.170000076293945,39643200
2022-01-05,18.56800079345703,16.8700008392334,18.030000686645508,16.959999084472656,58445900
2022-01-06,17.18000030517578,16.05500030517578,16.8700008392334,16.739999771118164,49737100
2022-01-07,17.329999923706055,16.475000381469727,16.700000762939453,16.559999465942383,37989300
2022-01-10,16.56999969482422,15.350000381469727,16.190000534057617,16.5,77649400
2022-01-11,17.25,16.31999969482422,16.399999618530273,16.889999389648438,47442600
2022-01-12,17.459999084472656,16.399999618530273,17.15999984741211,16.719999313354492,39784200
2022-01-13,16.81999969482422,15.9399995803833,16.799999237060547,16.010000228881836,35492200
2022-01-14,16.249000549316406,15.619999885559082,15.9399995803833,16.010000228881836,35624900
2022-01-18,15.75,14.920000076293945,15.449999809265137,14.970000267028809,49067700
2022-01-19,15.25,14.539999961853027,14.899999618530273,14.5600004196167,48049100
2022-01-20,15.550000190734863,14.569999694824219,14.890000343322754,14.619999885559082,44690400
2022-01-21,14.477999687194824,13.5,14.25,13.529999732971191,73031300
2022-01-24,13.40999984741211,11.75,12.789999961853027,13.399999618530273,110518900
2022-01-25,13.600000381469727,12.829999923706055,13.119999885559082,13.0600004196167,47456600
2022-01-26,13.819999694824219,12.680000305175781,13.600000381469727,12.75,69949700
2022-01-27,13.0600004196167,12.199999809265137,13.010000228881836,12.279999732971191,52622900
2022-01-28,12.880000114440918,11.890000343322754,12.300000190734863,12.710000038146973,54887500
2022-01-31,13.739999771118164,12.760000228881836,12.770000457763672,13.710000038146973,51039300
2022-02-01,14.369999885559082,13.5600004196167,14.229999542236328,14.199999809265137,69012900
2022-02-02,14.199999809265137,13.1899995803833,14.09000015258789,13.319999694824219,47204300
2022-02-03,13.319999694824219,12.420000076293945,12.949999809265137,12.449999809265137,47236900
2022-02-04,13.09000015258789,12.265000343322754,12.470000267028809,12.9399995803833,38989200
2022-02-07,13.600000381469727,12.9399995803833,13.024999618530273,12.979999542236328,45646100
2022-02-08,13.189000129699707,12.619999885559082,12.75,13.149999618530273,30317100
2022-02-09,13.890000343322754,13.260000228881836,13.289999961853027,13.869999885559082,34451900
2022-02-10,14.164999961853027,13.369999885559082,13.5,13.5600004196167,41998200
2022-02-11,13.920000076293945,12.970000267028809,13.449999809265137,13.130000114440918,41831600
2022-02-14,13.795000076293945,12.979999542236328,13.100000381469727,13.260000228881836,40617900
2022-02-15,14.1850004196167,13.40999984741211,13.520000457763672,14.170000076293945,48523700
2022-02-16,14.260000228881836,13.65999984741211,13.90999984741211,13.970000267028809,58624400
2022-02-17,12.699999809265137,11.699999809265137,12.390000343322754,11.770000457763672,151385400
2022-02-18,12.010000228881836,10.569999694824219,11.920000076293945,11.020000457763672,137808100
2022-02-22,11.1850004196167,10.300000190734863,10.699999809265137,10.479999542236328,104501500
2022-02-23,11.260000228881836,10.399999618530273,10.829999923706055,10.430000305175781,93964500
2022-02-24,11.869999885559082,9.739999771118164,9.75,11.829999923706055,118793000
2022-02-25,11.890000343322754,11.0,11.59000015258789,11.470000267028809,75433700
2022-02-28,12.180000305175781,11.390000343322754,11.960000038146973,11.850000381469727,75390500
2022-03-01,12.520000457763672,11.710000038146973,11.989999771118164,12.180000305175781,64867200
2022-03-02,12.210000038146973,11.420000076293945,12.210000038146973,12.0600004196167,56698300
2022-03-03,12.055000305175781,11.234999656677246,12.010000228881836,11.34000015258789,46172000
2022-03-04,11.770000457763672,10.739999771118164,11.699999809265137,10.960000038146973,43502200
2022-03-07,11.75,11.100000381469727,11.430000305175781,11.109999656677246,63070600
2022-03-08,11.390000343322754,10.718999862670898,10.930000305175781,11.039999961853027,49279600
2022-03-09,12.020000457763672,11.270000457763672,11.40999984741211,11.649999618530273,43591400
2022-03-10,11.970000267028809,11.319999694824219,11.380000114440918,11.869999885559082,52295400
2022-03-11,12.005000114440918,11.369999885559082,11.859999656677246,11.390000343322754,37817400
2022-03-14,11.40999984741211,10.40999984741211,11.170000076293945,10.5,49762600
2022-03-15,10.850000381469727,10.270000457763672,10.470000267028809,10.770000457763672,40451200
2022-03-16,11.819999694824219,10.9399995803833,10.949999809265137,11.789999961853027,62746600
2022-03-17,12.369999885559082,11.65999984741211,11.720000267028809,12.319999694824219,43948900
2022-03-18,13.020000457763672,12.21500015258789,12.279999732971191,12.819999694824219,59125500
2022-03-21,13.050000190734863,12.420000076293945,12.720000267028809,12.59000015258789,39410900
2022-03-22,13.479999542236328,12.520000457763672,12.520000457763672,13.270000457763672,46210700
2022-03-23,13.550000190734863,13.020000457763672,13.15999984741211,13.180000305175781,33699400
2022-03-24,13.420000076293945,12.829999923706055,13.25,13.390000343322754,29535300
2022-03-25,13.395000457763672,12.710000038146973,13.359999656677246,12.970000267028809,24796900
2022-03-28,13.4399995803833,12.854999542236328,13.010000228881836,13.420000076293945,27152000
2022-03-29,14.279999732971191,13.350000381469727,13.649999618530273,14.199999809265137,46433700
2022-03-30,14.359999656677246,13.739999771118164,14.039999961853027,13.880000114440918,32164000
2022-03-31,14.0600004196167,13.630000114440918,13.899999618530273,13.729999542236328,22840000
2022-04-01,14.0649995803833,13.5,13.770000457763672,13.829999923706055,23831600
2022-04-04,14.65999984741211,14.020000457763672,14.029999732971191,14.630000114440918,40066800
2022-04-05,14.859999656677246,13.795000076293945,14.609999656677246,13.890000343322754,37677300
2022-04-06,13.539999961853027,12.850000381469727,13.520000457763672,13.0,40647700
2022-04-07,13.34000015258789,12.479999542236328,12.949999809265137,12.84000015258789,34727400
2022-04-08,13.050000190734863,12.569999694824219,12.699999809265137,12.699999809265137,24962500
2022-04-11,12.819999694824219,12.130000114440918,12.449999809265137,12.65999984741211,26095800
2022-04-12,13.199999809265137,12.425000190734863,12.880000114440918,12.460000038146973,26226500
2022-04-13,12.9399995803833,12.230999946594238,12.350000381469727,12.899999618530273,21152900
2022-04-14,12.920000076293945,12.40999984741211,12.920000076293945,12.420000076293945,23284100
2022-04-18,12.414999961853027,11.880000114440918,12.350000381469727,12.149999618530273,25395600
2022-04-19,13.020000457763672,12.069999694824219,12.079999923706055,12.90999984741211,31753900
2022-04-20,13.170000076293945,12.739999771118164,13.079999923706055,12.789999961853027,31528600
2022-04-21,13.329999923706055,12.225000381469727,13.020000457763672,12.329999923706055,32009000
2022-04-22,12.729999542236328,11.859999656677246,12.329999923706055,11.960000038146973,30386100
2022-04-25,12.15999984741211,11.680000305175781,11.829999923706055,12.109999656677246,31727600
2022-04-26,12.050000190734863,11.100000381469727,11.9399995803833,11.119999885559082,38666500
2022-04-27,11.194999694824219,10.529999732971191,11.010000228881836,10.5600004196167,54508500
2022-04-28,11.045000076293945,10.369999885559082,10.6899995803833,10.949999809265137,40074500
2022-04-29,11.229999542236328,10.359999656677246,10.899999618530273,10.399999618530273,30937500
2022-05-02,10.755000114440918,10.180000305175781,10.380000114440918,10.739999771118164,41193800
2022-05-03,10.979999542236328,10.4399995803833,10.6899995803833,10.550000190734863,31372700
2022-05-04,11.010000228881836,10.079999923706055,10.529999732971191,10.979999542236328,43239900
2022-05-05,10.800000190734863,9.979999542236328,10.800000190734863,10.119999885559082,40523600
2022-05-06,10.050000190734863,9.420000076293945,10.0,9.479999542236328,69691300
2022-05-09,7.849999904632568,7.320000171661377,7.78000020980835,7.460000038146973,170871700
2022-05-10,7.703000068664551,6.929999828338623,7.559999942779541,7.289999961853027,86932400
2022-05-11,7.539999961853027,6.659999847412109,7.28000020980835,6.710000038146973,72894900
2022-05-12,7.380000114440918,6.440000057220459,6.550000190734863,7.340000152587891,82147300
2022-05-13,8.350000381469727,7.519999980926514,7.519999980926514,8.34000015258789,69242700
2022-05-16,8.430000305175781,8.010000228881836,8.170000076293945,8.039999961853027,46153200
2022-05-17,8.460000038146973,8.010000228881836,8.100000381469727,8.359999656677246,38620800
2022-05-18,8.430000305175781,7.920000076293945,8.210000038146973,8.010000228881836,29304600
2022-05-19,8.581000328063965,7.945000171661377,7.96999979019165,8.3100004196167,35780900
2022-05-20,8.399999618530273,7.710000038146973,8.260000228881836,8.079999923706055,40879100
2022-05-23,8.170000076293945,7.800000190734863,8.010000228881836,8.010000228881836,27755200
2022-05-24,7.989999771118164,7.369999885559082,7.980000019073486,7.550000190734863,47218700
2022-05-25,8.017999649047852,7.510000228881836,7.519999980926514,7.960000038146973,35068900
2022-05-26,8.399999618530273,7.769999980926514,7.840000152587891,8.359999656677246,39738900
2022-05-27,8.850000381469727,8.434000015258789,8.5,8.850000381469727,37064000
2022-05-31,9.100000381469727,8.5600004196167,8.970000267028809,8.680000305175781,41672300
2022-06-01,8.979000091552734,8.380000114440918,8.720000267028809,8.460000038146973,34438100
2022-06-02,9.390000343322754,8.461000442504883,8.539999961853027,9.300000190734863,41347000
2022-06-03,9.25,8.859999656677246,9.039999961853027,8.9399995803833,36632300
2022-06-06,9.210000038146973,8.779999732971191,9.109999656677246,8.979999542236328,35101100
2022-06-07,9.140000343322754,8.729999542236328,8.890000343322754,9.130000114440918,28049400
2022-06-08,9.420000076293945,9.09000015258789,9.180000305175781,9.180000305175781,29056300
2022-06-09,9.15999984741211,8.670000076293945,9.130000114440918,8.680000305175781,30527400
2022-06-10,8.579999923706055,8.140000343322754,8.479999542236328,8.260000228881836,30225800
2022-06-13,8.0,7.5,7.989999771118164,7.639999866485596,40943000
2022-06-14,7.980000019073486,7.585000038146973,7.735000133514404,7.820000171661377,30564100
2022-06-15,8.300000190734863,7.815000057220459,7.920000076293945,8.119999885559082,38235300
2022-06-16,7.985000133514404,7.579999923706055,7.840000152587891,7.670000076293945,36793500
2022-06-17,8.329999923706055,7.690000057220459,7.699999809265137,8.239999771118164,45518000
2022-06-21,9.050000190734863,8.5600004196167,8.59000015258789,8.710000038146973,48887600
2022-06-22,9.28499984741211,8.449999809265137,8.520000457763672,9.010000228881836,43430600
2022-06-23,9.5,8.84000015258789,9.020000457763672,9.460000038146973,44618000
2022-06-24,10.199999809265137,9.479999542236328,9.529999732971191,10.1899995803833,67826000
2022-06-27,10.15999984741211,9.510000228881836,10.149999618530273,9.619999885559082,44768000
2022-06-28,9.880000114440918,9.1899995803833,9.569999694824219,9.3100004196167,45589000
2022-06-29,9.420000076293945,9.069999694824219,9.350000381469727,9.229999542236328,40408700
2022-06-30,9.1899995803833,8.720000267028809,9.020000457763672,9.069999694824219,33636400
2022-07-01,9.430000305175781,9.031000137329102,9.109999656677246,9.270000457763672,33504400
2022-07-05,10.100000381469727,9.0,9.140000343322754,10.069999694824219,55854800
2022-07-06,10.3100004196167,9.739999771118164,10.010000228881836,9.800000190734863,54604300
2022-07-07,10.279999732971191,9.75,9.760000228881836,10.180000305175781,35672500
2022-07-08,10.380000114440918,9.829999923706055,9.920000076293945,10.170000076293945,36737100
2022-07-11,9.994000434875488,9.529999732971191,9.979999542236328,9.5600004196167,34015100
2022-07-12,9.960000038146973,9.270000457763672,9.65999984741211,9.489999771118164,42765800
2022-07-13,9.550000190734863,9.050000190734863,9.220000267028809,9.279999732971191,32461300
2022-07-14,9.279999732971191,8.850000381469727,9.229999542236328,8.899999618530273,26702100
2022-07-15,9.119999885559082,8.649999618530273,9.010000228881836,9.039999961853027,34918100
2022-07-18,9.449999809265137,9.005000114440918,9.25,9.029999732971191,32428400
2022-07-19,9.369999885559082,8.890000343322754,9.149999618530273,9.34000015258789,29033800
2022-07-20,10.199999809265137,9.4399995803833,9.4399995803833,10.109999656677246,40845200
2022-07-21,10.760000228881836,10.220000267028809,10.369999885559082,10.489999771118164,51691200
2022-07-22,10.569999694824219,9.729999542236328,10.350000381469727,9.84000015258789,38915500
2022-07-25,9.850000381469727,9.520000457763672,9.829999923706055,9.680000305175781,21485000
2022-07-26,9.65999984741211,9.380000114440918,9.65999984741211,9.399999618530273,21997800
2022-07-27,10.029999732971191,9.5,9.670000076293945,10.020000457763672,29810900
2022-07-28,10.199999809265137,9.739999771118164,10.029999732971191,10.130000114440918,27172900
2022-07-29,10.350000381469727,9.920000076293945,10.010000228881836,10.350000381469727,31106600
2022-08-01,10.699999809265137,10.121999740600586,10.25,10.470000267028809,31694700
2022-08-02,11.229999542236328,10.260000228881836,10.319999694824219,10.920000076293945,40958800
2022-08-03,11.34000015258789,11.039999961853027,11.079999923706055,11.199999809265137,35796500
2022-08-04,11.40999984741211,11.029999732971191,11.1899995803833,11.319999694824219,32093400
2022-08-05,11.619999885559082,10.850000381469727,11.010000228881836,11.449999809265137,50264800
2022-08-08,10.399999618530273,9.710000038146973,9.770000457763672,9.819999694824219,125272600
2022-08-09,9.569999694824219,9.010000228881836,9.539999961853027,9.25,58788900
2022-08-10,9.65999984741211,9.319999694824219,9.510000228881836,9.59000015258789,46054900
2022-08-11,10.050000190734863,9.399999618530273,9.760000228881836,9.420000076293945,44790900
2022-08-12,9.970000267028809,9.420000076293945,9.550000190734863,9.90999984741211,30638200
2022-08-15,10.100000381469727,9.760000228881836,9.819999694824219,9.90999984741211,33263400
2022-08-16,9.880000114440918,9.359999656677246,9.850000381469727,9.739999771118164,40603900
2022-08-17,9.619000434875488,9.329999923706055,9.5600004196167,9.430000305175781,33933600
2022-08-18,9.470000267028809,9.119999885559082,9.420000076293945,9.149999618530273,26365600
2022-08-19,9.010000228881836,8.479999542236328,9.0,8.510000228881836,40560200
2022-08-22,8.399999618530273,8.0600004196167,8.319999694824219,8.069999694824219,37824900
2022-08-23,8.279999732971191,8.0,8.100000381469727,8.010000228881836,25658500
2022-08-24,8.359999656677246,7.980000019073486,8.039999961853027,8.100000381469727,26576400
2022-08-25,8.430000305175781,8.050000190734863,8.220000267028809,8.420000076293945,25635600
2022-08-26,8.430000305175781,7.929999828338623,8.420000076293945,7.940000057220459,34150400
2022-08-29,7.998000144958496,7.760000228881836,7.820000171661377,7.809999942779541,28566200
2022-08-30,7.974999904632568,7.679999828338623,7.929999828338623,7.789999961853027,27189200
2022-08-31,8.0,7.699999809265137,7.949999809265137,7.71999979019165,28691500
2022-09-01,7.619999885559082,7.21999979019165,7.610000133514404,7.489999771118164,39079700
2022-09-02,7.670000076293945,7.349999904632568,7.670000076293945,7.400000095367432,25965000
2022-09-06,7.460000038146973,7.170000076293945,7.449999809265137,7.28000020980835,30429400
2022-09-07,7.429999828338623,7.179999828338623,7.269999980926514,7.389999866485596,30330000
2022-09-08,7.53000020980835,7.269999980926514,7.329999923706055,7.53000020980835,26303600
2022-09-09,7.820000171661377,7.639999866485596,7.679999828338623,7.789999961853027,27822300
2022-09-12,8.029999732971191,7.820000171661377,7.860000133514404,8.010000228881836,30544800
2022-09-13,7.659999847412109,7.449999809265137,7.630000114440918,7.480000019073486,29770700
2022-09-14,7.630000114440918,7.329999923706055,7.449999809265137,7.630000114440918,29422500
2022-09-15,8.100000381469727,7.449999809265137,7.46999979019165,8.010000228881836,51700600
2022-09-16,7.929999828338623,7.639999866485596,7.75,7.78000020980835,42155500
2022-09-19,7.860000133514404,7.579999923706055,7.639999866485596,7.860000133514404,29238800
2022-09-20,7.914999961853027,7.599999904632568,7.78000020980835,7.619999885559082,30349600
2022-09-21,8.069999694824219,7.65500020980835,7.71999979019165,7.690000057220459,36814500
2022-09-22,7.739999771118164,7.239999771118164,7.739999771118164,7.369999885559082,49138300
2022-09-23,7.420000076293945,7.130000114440918,7.199999809265137,7.400000095367432,34197300
2022-09-26,7.829999923706055,7.349999904632568,7.349999904632568,7.53000020980835,45429800
2022-09-27,7.835000038146973,7.460000038146973,7.690000057220459,7.630000114440918,31794700
2022-09-28,8.0,7.619999885559082,7.630000114440918,7.940000057220459,31955900
2022-09-29,8.329999923706055,7.78000020980835,8.050000190734863,8.079999923706055,57845800
2022-09-30,8.5,7.9710001945495605,8.010000228881836,8.130000114440918,47454800
2022-10-03,8.300000190734863,7.96999979019165,8.145000457763672,8.239999771118164,35524000
2022-10-04,8.609999656677246,8.34000015258789,8.479999542236328,8.460000038146973,36313300
2022-10-05,8.484999656677246,8.074999809265137,8.260000228881836,8.420000076293945,37790200
2022-10-06,8.600000381469727,8.3149995803833,8.399999618530273,8.470000267028809,27653400
2022-10-07,8.279999732971191,8.109999656677246,8.260000228881836,8.149999618530273,29550500
2022-10-10,8.180000305175781,7.880000114440918,8.170000076293945,8.0600004196167,26923300
2022-10-11,8.295000076293945,7.699999809265137,7.989999771118164,8.039999961853027,40775800
2022-10-12,8.100000381469727,7.820000171661377,8.0600004196167,8.069999694824219,30201600
2022-10-13,8.199999809265137,7.565000057220459,7.739999771118164,8.079999923706055,36040900
2022-10-14,8.3100004196167,7.53000020980835,8.229999542236328,7.53000020980835,37430100
2022-10-17,8.0600004196167,7.690000057220459,7.710000038146973,7.940000057220459,31751700
2022-10-18,8.329999923706055,8.039999961853027,8.149999618530273,8.15999984741211,37120400
2022-10-19,8.125,7.84499979019165,8.0600004196167,7.909999847412109,26594000
2022-10-20,8.260000228881836,7.730000019073486,7.730000019073486,8.039999961853027,26689500
2022-10-21,8.319999694824219,7.809999942779541,7.929999828338623,8.289999961853027,30705700
2022-10-24,8.300000190734863,8.010000228881836,8.300000190734863,8.270000457763672,28062200
2022-10-25,8.65999984741211,8.359999656677246,8.359999656677246,8.65999984741211,31001500
2022-10-26,9.050000190734863,8.390000343322754,8.479999542236328,8.569999694824219,33530900
2022-10-27,8.779999732971191,8.460000038146973,8.680000305175781,8.600000381469727,28940800
2022-10-28,8.65999984741211,8.364999771118164,8.550000190734863,8.640000343322754,20697400
2022-10-31,8.829999923706055,8.430000305175781,8.59000015258789,8.789999961853027,31376100
2022-11-01,9.0600004196167,8.5600004196167,8.989999771118164,8.649999618530273,29800000
2022-11-02,8.760000228881836,8.199999809265137,8.699999809265137,8.220000267028809,36042600
2022-11-03,8.300000190734863,7.869999885559082,8.069999694824219,8.079999923706055,36419500
2022-11-04,8.199999809265137,7.650000095367432,8.1899995803833,7.929999828338623,64338900
2022-11-07,7.849999904632568,6.889999866485596,7.78000020980835,7.019999980926514,99332800
2022-11-08,7.420000076293945,6.909999847412109,7.079999923706055,7.210000038146973,56353900
2022-11-09,7.184999942779541,6.949999809265137,7.119999885559082,6.980000019073486,42517300
2022-11-10,7.96999979019165,7.429999828338623,7.460000038146973,7.639999866485596,58579800
2022-11-11,8.420000076293945,7.375,7.480000019073486,8.40999984741211,55324100
2022-11-14,8.319999694824219,7.953000068664551,8.180000305175781,8.100000381469727,37402700
2022-11-15,8.470000267028809,8.154999732971191,8.449999809265137,8.34000015258789,34454100
2022-11-16,8.239999771118164,8.0,8.180000305175781,8.0600004196167,28436000
2022-11-17,7.880000114440918,7.525000095367432,7.829999923706055,7.619999885559082,33746500
2022-11-18,7.789999961853027,7.309999942779541,7.760000228881836,7.389999866485596,27245200
2022-11-21,7.320000171661377,7.070000171661377,7.309999942779541,7.190000057220459,36605600
2022-11-22,7.25,6.980000019073486,7.179999828338623,7.21999979019165,27327800
2022-11-23,7.420000076293945,7.119999885559082,7.25,7.369999885559082,24182900
2022-11-25,7.339000225067139,7.190000057220459,7.320000171661377,7.28000020980835,10824400
2022-11-28,7.400000095367432,7.150000095367432,7.230000019073486,7.159999847412109,19438000
2022-11-29,7.300000190734863,7.050000190734863,7.199999809265137,7.079999923706055,22150800
2022-11-30,7.510000228881836,7.0329999923706055,7.139999866485596,7.5,32745700
2022-12-01,7.880000114440918,7.46999979019165,7.510000228881836,7.860000133514404,34424400
2022-12-02,7.760000228881836,7.5,7.614999771118164,7.659999847412109,18794000
2022-12-05,7.695000171661377,7.105000019073486,7.619999885559082,7.190000057220459,32158200
2022-12-06,7.195000171661377,6.880000114440918,7.190000057220459,6.989999771118164,32868100
2022-12-07,7.349999904632568,7.019999980926514,7.079999923706055,7.070000171661377,28351600
2022-12-08,7.269999980926514,6.940000057220459,7.099999904632568,7.119999885559082,23107700
2022-12-09,7.190000057220459,7.03000020980835,7.059999942779541,7.110000133514404,23367300
2022-12-12,7.309999942779541,7.090000152587891,7.110000133514404,7.289999961853027,22672400
2022-12-13,7.96999979019165,7.489999771118164,7.730000019073486,7.5,41033800
2022-12-14,7.599999904632568,7.264999866485596,7.5,7.349999904632568,22653800
2022-12-15,7.297999858856201,7.010000228881836,7.170000076293945,7.010000228881836,25417100
2022-12-16,7.079999923706055,6.760000228881836,7.019999980926514,6.900000095367432,32655600
2022-12-19,6.829999923706055,6.320000171661377,6.800000190734863,6.349999904632568,41511600
2022-12-20,6.539999961853027,6.199999809265137,6.289999961853027,6.309999942779541,30215600
2022-12-21,6.519999980926514,6.039999961853027,6.239999771118164,6.5,34408600
2022-12-22,6.380000114440918,6.179999828338623,6.369999885559082,6.320000171661377,28066000
2022-12-23,6.300000190734863,6.070000171661377,6.269999980926514,6.289999961853027,20419000
2022-12-27,6.21999979019165,5.920000076293945,6.150000095367432,6.0,34573300
2022-12-28,6.170000076293945,5.949999809265137,5.980000019073486,6.070000171661377,30096800
2022-12-29,6.525000095367432,6.099999904632568,6.099999904632568,6.400000095367432,42694200
2022-12-30,6.420000076293945,6.190000057220459,6.190000057220459,6.420000076293945,27830900
2023-01-03,6.639999866485596,6.275000095367432,6.579999923706055,6.389999866485596,29969900
2023-01-04,6.675000190734863,6.369999885559082,6.480000019073486,6.579999923706055,31660500
2023-01-05,6.489999771118164,6.25,6.449999809265137,6.320000171661377,34186000
2023-01-06,6.449999809265137,6.090000152587891,6.400000095367432,6.400000095367432,30596400
2023-01-09,6.670000076293945,6.400000095367432,6.489999771118164,6.5,31028900
2023-01-10,6.71999979019165,6.489999771118164,6.5,6.699999809265137,28236600
2023-01-11,6.989999771118164,6.760000228881836,6.840000152587891,6.980000019073486,25936700
2023-01-12,7.050000190734863,6.78000020980835,7.010000228881836,7.010000228881836,30152500
2023-01-13,7.010000228881836,6.809999942779541,6.840000152587891,6.960000038146973,20981000
2023-01-17,7.150000095367432,6.730000019073486,6.989999771118164,7.070000171661377,30910300
2023-01-18,7.300000190734863,6.880000114440918,7.15500020980835,6.900000095367432,32743400
2023-01-19,6.894999980926514,6.670000076293945,6.800000190734863,6.730000019073486,24841700
2023-01-20,7.059999942779541,6.71999979019165,6.760000228881836,7.019999980926514,28751700
2023-01-23,7.409999847412109,6.991000175476074,7.03000020980835,7.380000114440918,31633300
2023-01-24,7.420000076293945,7.0,7.0,7.019999980926514,22649500
2023-01-25,7.269999980926514,6.690000057220459,6.920000076293945,7.21999979019165,37147900
2023-01-26,7.449999809265137,7.039999961853027,7.369999885559082,7.239999771118164,28005600
2023-01-27,7.730000019073486,7.139999866485596,7.190000057220459,7.550000190734863,37555200
2023-01-30,7.610000133514404,7.360000133514404,7.5,7.369999885559082,28567800
2023-01-31,7.820000171661377,7.380000114440918,7.409999847412109,7.78000020980835,40984000
2023-02-01,8.220000267028809,7.679999828338623,7.730000019073486,8.199999809265137,50123700
2023-02-02,9.210000038146973,8.470000267028809,8.510000228881836,8.989999771118164,71889700
2023-02-03,8.899999618530273,8.373000144958496,8.539999961853027,8.40999984741211,64785500
2023-02-06,8.53499984741211,8.239999771118164,8.3100004196167,8.3100004196167,38845500
2023-02-07,8.40999984741211,8.0600004196167,8.329999923706055,8.329999923706055,42201800
2023-02-08,8.569999694824219,8.170000076293945,8.25,8.220000267028809,35105500
2023-02-09,8.430000305175781,7.940000057220459,8.34000015258789,7.949999809265137,33366700
2023-02-10,7.860000133514404,7.460000038146973,7.789999961853027,7.510000228881836,43042400
2023-02-13,7.775000095367432,7.449999809265137,7.579999923706055,7.610000133514404,87397100
2023-02-14,9.295000076293945,8.229999542236328,8.59000015258789,9.220000267028809,216055200
2023-02-15,10.229999542236328,9.109999656677246,9.15999984741211,10.109999656677246,153210400
2023-02-16,10.3100004196167,9.600000381469727,9.649999618530273,9.710000038146973,88638800
2023-02-17,9.710000038146973,9.085000038146973,9.569999694824219,9.199999809265137,62137800
2023-02-21,9.100000381469727,8.399999618530273,9.010000228881836,8.470000267028809,65226600
2023-02-22,8.625,8.15999984741211,8.479999542236328,8.359999656677246,55346000
2023-02-23,8.479999542236328,7.909999847412109,8.420000076293945,8.170000076293945,60015500
2023-02-24,8.199999809265137,7.869999885559082,7.940000057220459,8.09000015258789,41518600
2023-02-27,8.229999542236328,7.960000038146973,8.119999885559082,8.029999732971191,35270000
2023-02-28,8.097000122070312,7.800000190734863,7.960000038146973,7.840000152587891,32937000
2023-03-01,7.909999847412109,7.690000057220459,7.829999923706055,7.690000057220459,27939100
2023-03-02,8.029999732971191,7.559999942779541,7.590000152587891,7.96999979019165,36538700
2023-03-03,8.5,8.0,8.0,8.329999923706055,43229100
2023-03-06,8.449999809265137,8.199999809265137,8.34000015258789,8.279999732971191,28316200
2023-03-07,8.425000190734863,8.1899995803833,8.274999618530273,8.279999732971191,26819600
2023-03-08,8.579999923706055,8.0600004196167,8.359999656677246,8.130000114440918,38723600
2023-03-09,8.260000228881836,7.679999828338623,8.069999694824219,7.690000057220459,29005900
2023-03-10,7.679999828338623,7.28000020980835,7.590000152587891,7.349999904632568,41953600
2023-03-13,8.149999618530273,7.190000057220459,7.289999961853027,7.869999885559082,63183500
2023-03-14,8.140000343322754,7.78000020980835,8.050000190734863,7.889999866485596,33460100
2023-03-15,7.989999771118164,7.699999809265137,7.809999942779541,7.900000095367432,28217400
2023-03-16,8.079999923706055,7.860000133514404,8.010000228881836,7.980000019073486,20255400
2023-03-17,8.029999732971191,7.840000152587891,7.929999828338623,7.880000114440918,20920800
2023-03-20,8.095000267028809,7.71999979019165,7.764999866485596,8.079999923706055,25497400
2023-03-21,8.510000228881836,8.170000076293945,8.199999809265137,8.449999809265137,27104500
2023-03-22,8.619999885559082,8.199999809265137,8.4399995803833,8.210000038146973,34151000
2023-03-23,8.5600004196167,8.15999984741211,8.319999694824219,8.329999923706055,22662200
2023-03-24,8.350000381469727,8.0600004196167,8.289999961853027,8.199999809265137,17901200
2023-03-27,8.319999694824219,7.940000057220459,8.149999618530273,8.039999961853027,20666800
2023-03-28,8.119999885559082,7.96999979019165,8.0600004196167,8.0,14860500
2023-03-29,8.25,8.050999641418457,8.09000015258789,8.220000267028809,15339700
2023-03-30,8.380000114440918,8.050000190734863,8.329999923706055,8.149999618530273,21001600
2023-03-31,8.479999542236328,8.079999923706055,8.149999618530273,8.449999809265137,26174800
2023-04-03,8.529999732971191,8.210000038146973,8.369999885559082,8.380000114440918,22512000
2023-04-04,8.539999961853027,8.229999542236328,8.529999732971191,8.350000381469727,23961200
2023-04-05,8.649999618530273,7.840000152587891,8.630000114440918,7.980000019073486,54946900
2023-04-06,8.140000343322754,7.789999961853027,7.880000114440918,8.09000015258789,23488600
2023-04-10,8.4399995803833,7.900000095367432,8.0,8.390000343322754,29184700
2023-04-11,8.789999961853027,8.34000015258789,8.350000381469727,8.609999656677246,35617900
2023-04-12,8.774999618530273,8.300000190734863,8.75,8.329999923706055,28771300
2023-04-13,8.699999809265137,8.430000305175781,8.5,8.579999923706055,27983300
2023-04-14,8.90999984741211,8.470000267028809,8.529999732971191,8.8100004196167,42364500
2023-04-17,9.039999961853027,8.779999732971191,8.8100004196167,8.800000190734863,26047500
2023-04-18,9.020000457763672,8.720000267028809,8.930000305175781,8.729999542236328,21185300
2023-04-19,8.657999992370605,8.479999542236328,8.579999923706055,8.489999771118164,18193700
2023-04-20,8.5,8.130000114440918,8.289999961853027,8.149999618530273,23573000
2023-04-21,8.220000267028809,8.09000015258789,8.140000343322754,8.180000305175781,14896700
2023-04-24,8.25,7.940000057220459,8.15999984741211,8.100000381469727,20439300
2023-04-25,8.020000457763672,7.730000019073486,8.0,7.739999771118164,21849100
2023-04-26,7.909999847412109,7.650000095367432,7.869999885559082,7.739999771118164,21396700
2023-04-27,7.909999847412109,7.71999979019165,7.829999923706055,7.820000171661377,21385500
2023-04-28,8.0,7.619999885559082,7.769999980926514,7.75,24924400
2023-05-01,7.820000171661377,7.659999847412109,7.75,7.78000020980835,19134200
2023-05-02,7.909999847412109,7.429999828338623,7.71999979019165,7.590000152587891,38008000
2023-05-03,7.679999828338623,7.449999809265137,7.619999885559082,7.559999942779541,24322400
2023-05-04,7.519999980926514,7.28000020980835,7.46999979019165,7.380000114440918,29989300
2023-05-05,7.550000190734863,7.320000171661377,7.440000057220459,7.409999847412109,45601300
2023-05-08,7.855000019073486,7.590000152587891,7.639999866485596,7.739999771118164,105304000
2023-05-09,9.6899995803833,8.654999732971191,9.220000267028809,9.550000190734863,223573300
2023-05-10,10.300000190734863,9.460000038146973,9.729999542236328,9.9399995803833,149375000
2023-05-11,10.159000396728516,9.710000038146973,10.140000343322754,9.880000114440918,73754100
2023-05-12,10.010000228881836,9.470000267028809,9.859999656677246,9.5,62031700
2023-05-15,9.600000381469727,9.020000457763672,9.210000038146973,9.520000457763672,53555500
2023-05-16,9.630000114440918,9.350000381469727,9.399999618530273,9.470000267028809,42311900
2023-05-17,10.28499984741211,9.460000038146973,9.539999961853027,10.25,63834500
2023-05-18,11.8100004196167,10.390000343322754,10.460000038146973,11.739999771118164,171402300
2023-05-19,12.40999984741211,11.520000457763672,11.970000267028809,11.710000038146973,148321300
2023-05-22,12.104999542236328,11.390000343322754,11.619999885559082,11.84000015258789,76377100
2023-05-23,13.420000076293945,11.869999885559082,11.949999809265137,12.640000343322754,148701800
2023-05-24,12.430000305175781,11.819999694824219,12.050000190734863,12.229999542236328,90496900
2023-05-25,13.220000267028809,12.34000015258789,13.180000305175781,12.84000015258789,106557800
2023-05-26,14.194999694824219,12.819999694824219,12.84000015258789,13.649999618530273,127311200
2023-05-30,15.005000114440918,14.239999771118164,14.4399995803833,14.710000038146973,159089300
2023-05-31,14.789999961853027,13.819999694824219,14.1899995803833,14.710000038146973,130392200
2023-06-01,15.220000267028809,14.199999809265137,14.460000038146973,14.539999961853027,126015100
2023-06-02,15.029999732971191,14.15999984741211,14.649999618530273,14.520000457763672,79328400
2023-06-05,15.699999809265137,14.364999771118164,14.364999771118164,15.239999771118164,109017800
2023-06-06,15.579999923706055,14.920000076293945,15.300000190734863,15.460000038146973,74284300
2023-06-07,17.15999984741211,14.520000457763672,16.010000228881836,14.6899995803833,227244100
2023-06-08,15.59000015258789,14.390000343322754,14.4399995803833,15.1899995803833,115591600
2023-06-09,15.979999542236328,14.819999694824219,15.359999656677246,15.020000457763672,93983400
2023-06-12,16.030000686645508,15.329999923706055,15.4399995803833,15.649999618530273,89900400
2023-06-13,16.270000457763672,15.163000106811523,16.18000030517578,16.0,112765900
2023-06-14,16.190000534057617,15.4399995803833,15.930000305175781,15.90999984741211,70871900
2023-06-15,16.790000915527344,15.489999771118164,15.65999984741211,16.600000381469727,91200900
2023-06-16,16.90999984741211,16.010000228881836,16.8700008392334,16.299999237060547,90473900
2023-06-20,16.889999389648438,15.579999923706055,15.989999771118164,15.789999961853027,81335000
2023-06-21,15.755000114440918,14.369999885559082,15.65999984741211,14.640000343322754,97885000
2023-06-22,14.4399995803833,13.859999656677246,14.300000190734863,14.050000190734863,103461000
2023-06-23,14.140000343322754,13.5600004196167,13.640000343322754,14.029999732971191,74640600
2023-06-26,14.420000076293945,13.829999923706055,13.869999885559082,13.9399995803833,50679900
2023-06-27,14.760000228881836,13.960000038146973,14.220000267028809,14.609999656677246,55410500
2023-06-28,15.430000305175781,14.46500015258789,14.529999732971191,15.279999732971191,66001000
2023-06-29,15.569999694824219,15.0600004196167,15.399999618530273,15.199999809265137,46300900
2023-06-30,15.800000190734863,15.229999542236328,15.479999542236328,15.329999923706055,42081000
2023-07-03,15.59000015258789,15.1899995803833,15.489999771118164,15.520000457763672,26037400
2023-07-05,15.770000457763672,15.229999542236328,15.425000190734863,15.699999809265137,39179900
2023-07-06,15.383000373840332,14.619999885559082,15.319999694824219,15.130000114440918,56534000
2023-07-07,15.899999618530273,15.1899995803833,15.229999542236328,15.34000015258789,48109800
2023-07-10,16.329999923706055,14.944999694824219,15.369999885559082,16.299999237060547,62823600
2023-07-11,16.93000030517578,16.149999618530273,16.469999313354492,16.489999771118164,63236600
2023-07-12,16.940000534057617,16.40999984741211,16.780000686645508,16.59000015258789,50079400
2023-07-13,17.260000228881836,16.631000518798828,16.700000762939453,16.739999771118164,58397800
2023-07-14,17.0,16.270000457763672,16.760000228881836,16.399999618530273,45018700
2023-07-17,17.59000015258789,16.31999969482422,16.420000076293945,17.399999618530273,63505000
2023-07-18,18.1299991607666,17.190000534057617,17.8799991607666,18.079999923706055,87365700
2023-07-19,18.9950008392334,17.760000228881836,18.020000457763672,18.049999237060547,89044600
2023-07-20,18.0,16.979999542236328,17.540000915527344,17.1299991607666,62711600
2023-07-21,17.489999771118164,16.0,17.469999313354492,16.43000030517578,63260300
2023-07-24,16.690000534057617,16.1200008392334,16.610000610351562,16.31999969482422,36133600
2023-07-25,16.860000610351562,16.350000381469727,16.350000381469727,16.549999237060547,36612900
2023-07-26,16.690000534057617,16.1299991607666,16.399999618530273,16.43000030517578,35804800
2023-07-27,17.190000534057617,16.0,16.799999237060547,16.149999618530273,50685200
2023-07-28,17.969999313354492,16.739999771118164,17.209999084472656,17.809999465942383,106125600
2023-07-31,19.9950008392334,18.3799991607666,18.81999969482422,19.84000015258789,142173800
2023-08-01,20.239999771118164,19.229999542236328,19.459999084472656,19.989999771118164,99336200
2023-08-02,19.6200008392334,18.149999618530273,19.260000228881836,18.969999313354492,98215800
2023-08-03,19.299999237060547,18.610000610351562,18.6299991607666,18.709999084472656,54345900
2023-08-04,19.079999923706055,18.079999923706055,18.874000549316406,18.200000762939453,71979800
2023-08-07,18.389999389648438,17.010000228881836,18.25,17.989999771118164,133808400
2023-08-08,17.489999771118164,16.100000381469727,17.489999771118164,17.040000915527344,143014200
2023-08-09,16.920000076293945,15.100000381469727,16.760000228881836,15.25,126230400
2023-08-10,15.869999885559082,15.25,15.4399995803833,15.40999984741211,73129100
2023-08-11,15.579999923706055,14.90999984741211,15.050000190734863,15.40999984741211,56489900
2023-08-14,15.739999771118164,14.949999809265137,15.199999809265137,15.720000267028809,47511400
2023-08-15,15.869999885559082,15.289999961853027,15.609999656677246,15.369999885559082,44000400
2023-08-16,15.725000381469727,15.119999885559082,15.210000038146973,15.449999809265137,40394600
2023-08-17,15.437000274658203,14.03499984741211,15.390000343322754,14.149999618530273,91086700
2023-08-18,14.600000381469727,13.680000305175781,13.880000114440918,14.399999618530273,70047000
2023-08-21,14.779999732971191,14.34000015258789,14.420000076293945,14.5,43206200
2023-08-22,15.130000114440918,14.630000114440918,14.760000228881836,14.670000076293945,52106900
2023-08-23,15.470000267028809,14.420000076293945,14.5,15.300000190734863,53523300
2023-08-24,15.710000038146973,13.875,15.699999809265137,14.140000343322754,93586200
2023-08-25,14.649999618530273,14.010000228881836,14.140000343322754,14.529999732971191,55668900
2023-08-28,14.880000114440918,14.5,14.6899995803833,14.640000343322754,35964700
2023-08-29,15.630000114440918,14.5,14.600000381469727,15.399999618530273,47213200
2023-08-30,16.350000381469727,15.329999923706055,15.460000038146973,16.329999923706055,65674100
2023-08-31,15.850000381469727,14.649999618530273,15.600000381469727,14.979999542236328,101517200
2023-09-01,15.364999771118164,14.829999923706055,15.15999984741211,15.180000305175781,45107800
2023-09-05,15.420000076293945,14.899999618530273,15.079999923706055,15.210000038146973,33818400
2023-09-06,15.619999885559082,15.079999923706055,15.170000076293945,15.300000190734863,38738100
2023-09-07,15.239999771118164,14.289999961853027,14.880000114440918,15.210000038146973,51798800
2023-09-08,15.609999656677246,15.085000038146973,15.119999885559082,15.130000114440918,33862000
2023-09-11,16.100000381469727,15.359999656677246,15.40999984741211,15.789999961853027,55294700
2023-09-12,16.149999618530273,15.430000305175781,15.460000038146973,15.59000015258789,39497900
2023-09-13,15.850000381469727,15.420000076293945,15.630000114440918,15.600000381469727,34354400
2023-09-14,16.040000915527344,15.470000267028809,15.6899995803833,15.829999923706055,38572500
2023-09-15,15.899999618530273,15.170000076293945,15.770000457763672,15.329999923706055,56161900
2023-09-18,15.630000114440918,15.069999694824219,15.180000305175781,15.460000038146973,37404100
2023-09-19,15.519000053405762,14.949999809265137,15.34000015258789,15.149999618530273,37804800
2023-09-20,15.425000190734863,14.732999801635742,15.25,14.739999771118164,37640500
2023-09-21,14.598999977111816,13.680000305175781,14.34000015258789,14.0,72831500
2023-09-22,14.414999961853027,14.029999732971191,14.229999542236328,14.130000114440918,47714500
2023-09-25,14.239999771118164,13.819999694824219,14.0,14.220000267028809,39693900
2023-09-26,14.170000076293945,13.880000114440918,13.949999809265137,13.960000038146973,37276200
2023-09-27,14.960000038146973,14.15999984741211,14.199999809265137,14.850000381469727,62780600
2023-09-28,15.960000038146973,14.824999809265137,15.140000343322754,15.770000457763672,66590800
2023-09-29,16.809999465942383,15.960000038146973,16.110000610351562,16.0,77919600
2023-10-02,16.440000534057617,15.770000457763672,16.030000686645508,15.880000114440918,41043900
2023-10-03,15.770000457763672,14.819999694824219,15.609999656677246,14.899999618530273,51578100
2023-10-04,15.850000381469727,15.15999984741211,15.460000038146973,15.729999542236328,52786200
2023-10-05,15.899999618530273,15.40999984741211,15.5600004196167,15.8100004196167,49648100
2023-10-06,16.69499969482422,15.510000228881836,15.5600004196167,16.610000610351562,65511400
2023-10-09,17.829999923706055,16.219999313354492,16.25,17.610000610351562,106161200
2023-10-10,18.399999618530273,17.6200008392334,18.059999465942383,17.799999237060547,99971500
2023-10-11,18.440000534057617,17.729999542236328,17.8700008392334,17.920000076293945,55745600
2023-10-12,18.239999771118164,17.551000595092773,17.920000076293945,17.940000534057617,57940900
2023-10-13,18.15999984741211,17.270000457763672,18.059999465942383,17.360000610351562,54541600
2023-10-16,17.459999084472656,16.670000076293945,17.209999084472656,17.360000610351562,44987300
2023-10-17,18.030000686645508,16.90999984741211,17.0,17.84000015258789,54401300
2023-10-18,18.219999313354492,17.190000534057617,17.809999465942383,17.200000762939453,44208300
2023-10-19,17.579999923706055,16.969999313354492,17.440000534057617,17.059999465942383,46303200
2023-10-20,16.940000534057617,15.8100004196167,16.850000381469727,16.110000610351562,63738300
2023-10-23,16.34000015258789,15.210000038146973,15.899999618530273,16.200000762939453,55967200
2023-10-24,16.93000030517578,16.299999237060547,16.3799991607666,16.639999389648438,39833800
2023-10-25,16.6299991607666,15.579999923706055,16.56999969482422,15.59000015258789,46706500
2023-10-26,15.90999984741211,15.050000190734863,15.600000381469727,15.289999961853027,49351800
2023-10-27,15.600000381469727,14.960000038146973,15.479999542236328,15.069999694824219,39913600
2023-10-30,15.289999961853027,14.5600004196167,15.270000457763672,14.6899995803833,46886400
2023-10-31,15.010000228881836,14.550000190734863,14.579999923706055,14.800000190734863,40195400
2023-11-01,14.960000038146973,14.479999542236328,14.800000190734863,14.920000076293945,54419100
2023-11-02,18.299999237060547,17.209999084472656,17.479999542236328,17.969999313354492,170406800
2023-11-03,19.07900047302246,17.760000228881836,18.020000457763672,18.889999389648438,109039500
2023-11-06,19.079999923706055,17.93000030517578,18.989999771118164,18.540000915527344,79952600
2023-11-07,19.170000076293945,18.530000686645508,18.860000610351562,18.799999237060547,56289100
2023-11-08,18.93000030517578,18.149999618530273,18.850000381469727,18.489999771118164,46063100
2023-11-09,18.8700008392334,18.15999984741211,18.65999984741211,18.270000457763672,48454200
2023-11-10,19.719999313354492,18.059999465942383,18.155000686645508,19.670000076293945,92748000
