Date,High_SOFI,Low_SOFI,Open_SOFI,Close_SOFI,Volume_SOFI
2021-01-04,12.59000015258789,11.800000190734863,12.59000015258789,12.199999809265137,1371400
2021-01-05,12.279999732971191,12.09000015258789,12.149999618530273,12.149999618530273,1304000
2021-01-06,12.199999809265137,11.890000343322754,12.149999618530273,12.119999885559082,1105700
2021-01-07,22.0,12.050000190734863,12.199999809265137,19.139999389648438,64877000
2021-01-08,22.0,17.889999389648438,21.459999084472656,18.739999771118164,35657000
2021-01-11,19.75,18.649999618530273,19.3700008392334,18.989999771118164,11702200
2021-01-12,19.190000534057617,18.25,18.979999542236328,18.450000762939453,7138600
2021-01-13,19.59000015258789,18.530000686645508,18.899999618530273,19.110000610351562,8226400
2021-01-14,19.450000762939453,18.920000076293945,19.399999618530273,19.15999984741211,7705100
2021-01-15,21.049999237060547,19.110000610351562,19.31999969482422,20.15999984741211,13024900
2021-01-19,24.219999313354492,21.059999465942383,21.899999618530273,22.59000015258789,22266200
2021-01-20,24.6200008392334,22.110000610351562,23.860000610351562,22.3700008392334,10236100
2021-01-21,23.049999237060547,21.5,23.0,22.389999389648438,6971500
2021-01-22,22.989999771118164,21.190000534057617,22.09000015258789,21.649999618530273,6727300
2021-01-25,22.850000381469727,20.0,22.15999984741211,20.479999542236328,9701800
2021-01-26,21.31999969482422,19.5,20.399999618530273,19.56999969482422,9172400
2021-01-27,19.25,17.899999618530273,19.0,18.18000030517578,16297600
2021-01-28,20.920000076293945,19.100000381469727,20.420000076293945,20.280000686645508,12032100
2021-01-29,26.969999313354492,21.799999237060547,23.190000534057617,25.139999389648438,36434600
2021-02-01,28.260000228881836,25.139999389648438,25.850000381469727,25.780000686645508,18319100
2021-02-02,26.18000030517578,23.850000381469727,26.010000228881836,24.329999923706055,8973900
2021-02-03,25.75,24.510000228881836,24.799999237060547,24.950000762939453,4251500
2021-02-04,25.1200008392334,23.420000076293945,24.06999969482422,25.059999465942383,8449800
2021-02-05,24.520000457763672,22.899999618530273,24.290000915527344,23.100000381469727,12226800
2021-02-08,24.389999389648438,22.799999237060547,23.399999618530273,23.0,7344500
2021-02-09,24.0,22.75,22.93000030517578,23.1200008392334,6375300
2021-02-10,23.790000915527344,22.25,23.700000762939453,22.989999771118164,6308100
2021-02-11,23.950000762939453,22.31999969482422,23.0,23.06999969482422,8551100
2021-02-12,24.479999542236328,22.809999465942383,22.84000015258789,23.899999618530273,5847400
2021-02-16,24.700000762939453,23.559999465942383,24.450000762939453,24.299999237060547,6134900
2021-02-17,24.299999237060547,23.0,24.270000457763672,23.8799991607666,4731300
2021-02-18,23.31999969482422,22.260000228881836,22.600000381469727,23.229999542236328,5747000
2021-02-19,23.600000381469727,22.600000381469727,23.5,22.690000534057617,5138800
2021-02-22,22.836999893188477,21.020000457763672,22.5,21.290000915527344,6530300
2021-02-23,20.600000381469727,16.84000015258789,19.989999771118164,20.1200008392334,12561900
2021-02-24,20.299999237060547,19.0,20.0,19.40999984741211,7947300
2021-02-25,21.0,18.524999618530273,20.43000030517578,18.719999313354492,7962300
2021-02-26,19.219999313354492,17.767000198364258,18.850000381469727,18.43000030517578,9106700
2021-03-01,19.850000381469727,19.049999237060547,19.739999771118164,19.34000015258789,4422200
2021-03-02,19.610000610351562,18.6200008392334,19.399999618530273,18.770000457763672,3809000
2021-03-03,19.0,17.100000381469727,18.780000686645508,17.219999313354492,7175500
2021-03-04,17.579999923706055,14.75,17.299999237060547,16.059999465942383,15322900
2021-03-05,17.8799991607666,13.140000343322754,16.40999984741211,17.719999313354492,18226600
2021-03-08,17.700000762939453,15.760000228881836,16.84000015258789,16.110000610351562,7871800
2021-03-09,18.389999389648438,16.549999237060547,17.25,17.479999542236328,8573200
2021-03-10,19.479999542236328,17.799999237060547,18.280000686645508,19.059999465942383,7508200
2021-03-11,19.81999969482422,18.700000762939453,19.5,19.360000610351562,4959600
2021-03-12,19.290000915527344,18.139999389648438,18.3799991607666,19.020000457763672,2859100
2021-03-15,19.579999923706055,18.469999313354492,19.020000457763672,19.479999542236328,3515900
2021-03-16,19.479999542236328,18.010000228881836,19.270000457763672,18.450000762939453,3023700
2021-03-17,19.354999542236328,17.5,17.610000610351562,19.149999618530273,3651400
2021-03-18,19.100000381469727,18.049999237060547,18.5,18.139999389648438,2999200
2021-03-19,18.43000030517578,17.059999465942383,17.770000457763672,18.25,3667400
2021-03-22,18.489999771118164,17.81999969482422,18.280000686645508,18.270000457763672,2317000
2021-03-23,18.18000030517578,17.270000457763672,17.959999084472656,17.899999618530273,2939000
2021-03-24,17.819000244140625,16.25,17.559999465942383,16.479999542236328,4642100
2021-03-25,16.790000915527344,15.109999656677246,15.699999809265137,16.6299991607666,5364400
2021-03-26,17.719999313354492,16.520000457763672,17.139999389648438,17.100000381469727,4598700
2021-03-29,17.09000015258789,16.219999313354492,16.979999542236328,16.440000534057617,2827900
2021-03-30,17.219999313354492,15.899999618530273,16.270000457763672,16.5,2634400
2021-03-31,17.360000610351562,16.68000030517578,16.969999313354492,17.149999618530273,2665300
2021-04-01,17.639999389648438,16.90999984741211,17.510000228881836,17.270000457763672,2322600
2021-04-05,17.84000015258789,16.65999984741211,17.739999771118164,16.719999313354492,2506600
2021-04-06,17.30299949645996,16.5,16.510000228881836,17.260000228881836,1849500
2021-04-07,17.3700008392334,16.899999618530273,17.25,17.200000762939453,1988100
2021-04-08,18.639999389648438,17.020000457763672,17.030000686645508,18.139999389648438,2527700
2021-04-09,18.260000228881836,17.600000381469727,17.959999084472656,17.770000457763672,1655000
2021-04-12,17.959999084472656,16.850000381469727,17.8700008392334,17.0,2309300
2021-04-13,17.049999237060547,16.510000228881836,16.65999984741211,16.829999923706055,2235000
2021-04-14,17.239999771118164,16.459999084472656,16.940000534057617,16.68000030517578,2418200
2021-04-15,16.8700008392334,16.229999542236328,16.75,16.280000686645508,2088900
2021-04-16,16.440000534057617,15.930000305175781,16.139999389648438,16.31999969482422,2167000
2021-04-19,16.1200008392334,15.15999984741211,16.040000915527344,15.390000343322754,3816600
2021-04-20,15.84000015258789,14.739999771118164,15.5,14.869999885559082,3430900
2021-04-21,15.779999732971191,14.699999809265137,14.850000381469727,15.210000038146973,3494000
2021-04-22,16.469999313354492,15.399999618530273,15.9399995803833,15.84000015258789,3141200
2021-04-23,16.6299991607666,15.619999885559082,16.389999389648438,16.170000076293945,3029400
2021-04-26,16.8700008392334,16.020000457763672,16.479999542236328,16.68000030517578,1964800
2021-04-27,17.549999237060547,16.75,17.149999618530273,17.399999618530273,2583000
2021-04-28,17.700000762939453,17.059999465942383,17.25,17.549999237060547,1771200
2021-04-29,17.8700008392334,16.815000534057617,17.8700008392334,17.43000030517578,2095200
2021-04-30,17.3700008392334,16.940000534057617,17.0,17.0,1385100
2021-05-03,17.149999618530273,16.18000030517578,17.0,16.3700008392334,1636500
2021-05-04,16.399999618530273,15.710000038146973,16.190000534057617,16.170000076293945,1985800
2021-05-05,16.299999237060547,15.479999542236328,16.239999771118164,15.539999961853027,290200
2021-05-06,15.559000015258789,14.899999618530273,15.5,15.0,2630300
2021-05-07,16.988000869750977,14.869999885559082,15.199999809265137,16.510000228881836,5987800
2021-05-10,17.554000854492188,16.270000457763672,17.399999618530273,16.3700008392334,4997000
2021-05-11,16.329999923706055,15.079999923706055,15.149999618530273,15.170000076293945,5043000
2021-05-12,15.550000190734863,14.899999618530273,15.130000114440918,15.050000190734863,4218100
2021-05-13,15.449999809265137,14.140000343322754,15.199999809265137,14.609999656677246,3765200
2021-05-14,15.489999771118164,14.619999885559082,14.960000038146973,14.9399995803833,2838700
2021-05-17,15.899999618530273,14.949999809265137,15.020000457763672,15.479999542236328,2563400
2021-05-18,17.399999618530273,15.800000190734863,16.0,16.799999237060547,5163700
2021-05-19,17.739999771118164,16.200000762939453,16.309999465942383,17.43000030517578,4685700
2021-05-20,18.75,17.75,17.75,18.399999618530273,5498600
2021-05-21,18.850000381469727,18.280000686645508,18.700000762939453,18.780000686645508,3054800
2021-05-24,20.079999923706055,18.8700008392334,19.0,19.780000686645508,5276200
2021-05-25,21.799999237060547,19.84000015258789,20.5,20.18000030517578,9338500
2021-05-26,20.280000686645508,19.010000228881836,20.040000915527344,19.899999618530273,6073300
2021-05-27,20.040000915527344,19.25,19.8799991607666,19.790000915527344,4097900
2021-05-28,20.649999618530273,19.299999237060547,19.770000457763672,20.149999618530273,5370500
2021-06-01,22.899999618530273,20.43000030517578,21.974000930786133,22.649999618530273,9159400
2021-06-02,24.950000762939453,22.649999618530273,23.65999984741211,23.209999084472656,14678900
2021-06-03,23.5,22.350000381469727,22.84000015258789,22.68000030517578,5879000
2021-06-04,22.871000289916992,20.0,22.871000289916992,20.81999969482422,13434200
2021-06-07,21.465999603271484,20.309999465942383,20.702999114990234,21.209999084472656,4755400
2021-06-08,24.200000762939453,20.649999618530273,21.020000457763672,23.889999389648438,11306900
2021-06-09,24.459999084472656,22.229999542236328,24.25,22.709999084472656,9407300
2021-06-10,23.399999618530273,21.43000030517578,22.829999923706055,23.020000457763672,6526500
2021-06-11,23.299999237060547,22.158000946044922,23.100000381469727,22.399999618530273,2769400
2021-06-14,22.579999923706055,21.389999389648438,22.25,21.81999969482422,4099800
2021-06-15,21.68000030517578,20.690000534057617,21.59000015258789,20.799999237060547,3531200
2021-06-16,22.639999389648438,21.100000381469727,21.209999084472656,21.829999923706055,9596000
2021-06-17,23.270000457763672,21.399999618530273,22.0,22.700000762939453,7359600
2021-06-18,23.68000030517578,22.219999313354492,22.719999313354492,23.040000915527344,5991500
2021-06-21,23.200000762939453,22.219999313354492,22.81999969482422,22.510000228881836,3590300
2021-06-22,22.81999969482422,21.09000015258789,22.65999984741211,21.200000762939453,6586300
2021-06-23,21.700000762939453,20.899999618530273,21.329999923706055,21.399999618530273,5328500
2021-06-24,21.649999618530273,20.809999465942383,21.520000457763672,20.8700008392334,6475100
2021-06-25,19.899999618530273,18.5,19.770000457763672,18.5,36679200
2021-06-28,19.969999313354492,17.649999618530273,18.170000076293945,19.260000228881836,56821000
2021-06-29,20.989999771118164,18.639999389648438,20.520000457763672,18.8700008392334,57158300
2021-06-30,19.799999237060547,19.0,19.326000213623047,19.170000076293945,27479600
2021-07-01,19.239999771118164,18.15999984741211,19.229999542236328,18.25,19839100
2021-07-02,18.579999923706055,17.75,18.274999618530273,18.079999923706055,25687900
2021-07-06,18.084999084472656,17.219999313354492,18.084999084472656,17.350000381469727,20245500
2021-07-07,17.579999923706055,16.799999237060547,17.559999465942383,16.940000534057617,17530000
2021-07-08,16.799999237060547,16.100000381469727,16.299999237060547,16.6200008392334,18443700
2021-07-09,17.299999237060547,16.43000030517578,16.920000076293945,16.450000762939453,17663000
2021-07-12,16.84000015258789,16.219999313354492,16.510000228881836,16.420000076293945,14071000
2021-07-13,16.6200008392334,15.800000190734863,16.3799991607666,16.0,16623000
2021-07-14,16.21500015258789,15.369999885559082,16.048999786376953,15.520000457763672,19069000
2021-07-15,16.420000076293945,15.449999809265137,15.619999885559082,15.989999771118164,16186000
2021-07-16,16.190000534057617,15.220000267028809,16.100000381469727,15.300000190734863,14214600
2021-07-19,15.529999732971191,14.869999885559082,15.0,15.170000076293945,14780900
2021-07-20,15.289999961853027,14.939000129699707,15.180000305175781,15.0600004196167,11683000
2021-07-21,16.649999618530273,15.104000091552734,15.140000343322754,16.559999465942383,27892400
2021-07-22,16.600000381469727,15.710000038146973,16.489999771118164,16.049999237060547,18833300
2021-07-23,16.048999786376953,15.4399995803833,15.890000343322754,15.699999809265137,10370000
2021-07-26,16.09000015258789,15.479999542236328,15.760000228881836,15.510000228881836,8994900
2021-07-27,15.5,14.720000267028809,15.489999771118164,14.920000076293945,16735400
2021-07-28,15.479000091552734,15.079999923706055,15.119999885559082,15.369999885559082,10131600
2021-07-29,16.239999771118164,15.510000228881836,15.875,15.600000381469727,12748300
2021-07-30,15.789999961853027,15.350000381469727,15.354999542236328,15.4399995803833,6653700
2021-08-02,16.31999969482422,15.40999984741211,15.579999923706055,15.729999542236328,15097600
2021-08-03,16.048999786376953,15.010000228881836,15.770000457763672,15.109999656677246,16166800
2021-08-04,16.579999923706055,15.199999809265137,15.229999542236328,16.389999389648438,25718500
2021-08-05,16.729999542236328,15.880000114440918,16.604999542236328,16.059999465942383,14501500
2021-08-06,16.940000534057617,16.059999465942383,16.059999465942383,16.709999084472656,13993700
2021-08-09,17.31999969482422,16.559999465942383,16.989999771118164,16.90999984741211,15571300
2021-08-10,17.270000457763672,16.559999465942383,17.020000457763672,16.989999771118164,12830200
2021-08-11,17.270000457763672,16.514999389648438,17.15999984741211,16.899999618530273,17104700
2021-08-12,17.520000457763672,16.739999771118164,16.969999313354492,17.459999084472656,35861400
2021-08-13,15.529999732971191,14.90999984741211,15.350000381469727,14.989999771118164,59983500
2021-08-16,15.140000343322754,14.180000305175781,15.005000114440918,14.289999961853027,26155000
2021-08-17,14.699999809265137,13.5600004196167,14.079999923706055,13.75,31925000
2021-08-18,14.579999923706055,13.850000381469727,13.979999542236328,14.220000267028809,20754500
2021-08-19,14.119999885559082,13.770000457763672,13.989999771118164,13.819999694824219,15576700
2021-08-20,14.270000457763672,13.899999618530273,13.979999542236328,14.039999961853027,17618000
2021-08-23,14.5,14.220000267028809,14.265000343322754,14.430000305175781,13277100
2021-08-24,14.930000305175781,14.470000267028809,14.479999542236328,14.760000228881836,13649900
2021-08-25,15.079999923706055,14.510000228881836,14.800000190734863,14.850000381469727,13785300
2021-08-26,14.789999961853027,14.199999809265137,14.762999534606934,14.359999656677246,16743800
2021-08-27,14.40999984741211,14.039999961853027,14.3100004196167,14.039999961853027,19756400
2021-08-30,14.380000114440918,14.01099967956543,14.178999900817871,14.1899995803833,15445700
2021-08-31,14.25,13.970000267028809,14.180000305175781,14.180000305175781,14530700
2021-09-01,14.6899995803833,14.109999656677246,14.142999649047852,14.569999694824219,16856500
2021-09-02,15.199999809265137,14.399999618530273,14.600000381469727,15.0600004196167,19534100
2021-09-03,15.529999732971191,14.920000076293945,15.020000457763672,15.15999984741211,18793200
2021-09-07,16.1299991607666,15.460000038146973,15.5,15.84000015258789,21664600
2021-09-08,16.006000518798828,15.135000228881836,15.8100004196167,15.470000267028809,15621400
2021-09-09,15.84000015258789,15.260000228881836,15.3100004196167,15.6899995803833,18395800
2021-09-10,15.90999984741211,15.229999542236328,15.770000457763672,15.289999961853027,17029500
2021-09-13,15.390000343322754,14.670000076293945,15.329999923706055,15.010000228881836,20253100
2021-09-14,15.329999923706055,14.380000114440918,15.022000312805176,14.5,24475700
2021-09-15,15.5,14.630999565124512,14.84000015258789,15.449999809265137,34832000
2021-09-16,15.65999984741211,15.229999542236328,15.470999717712402,15.5,24121300
2021-09-17,15.579999923706055,15.0600004196167,15.520000457763672,15.09000015258789,55126300
2021-09-20,14.90999984741211,14.420000076293945,14.579999923706055,14.569999694824219,27954600
2021-09-21,15.279999732971191,14.5600004196167,14.619999885559082,15.170000076293945,23601500
2021-09-22,17.084999084472656,15.609999656677246,15.859999656677246,16.84000015258789,55383300
2021-09-23,17.350000381469727,16.670000076293945,17.200000762939453,17.139999389648438,29369500
2021-09-24,17.790000915527344,16.6200008392334,16.860000610351562,17.639999389648438,22923000
2021-09-27,18.079999923706055,16.850000381469727,17.65999984741211,17.700000762939453,35517600
2021-09-28,17.670000076293945,16.795000076293945,17.399999618530273,17.040000915527344,25569500
2021-09-29,17.170000076293945,16.010000228881836,16.350000381469727,16.010000228881836,38323200
2021-09-30,16.059999465942383,15.300000190734863,15.899999618530273,15.880000114440918,38688800
2021-10-01,16.489999771118164,15.75,15.880000114440918,16.450000762939453,18850300
2021-10-04,16.68000030517578,15.880000114440918,16.290000915527344,16.09000015258789,21849700
2021-10-05,16.760000228881836,16.079999923706055,16.145000457763672,16.25,13941200
2021-10-06,16.639999389648438,15.920000076293945,16.0,16.6200008392334,11896400
2021-10-07,17.09000015258789,16.34000015258789,16.937000274658203,16.399999618530273,15267800
2021-10-08,16.649999618530273,16.170000076293945,16.527000427246094,16.209999084472656,11054400
2021-10-11,18.510000228881836,16.829999923706055,16.899999618530273,18.389999389648438,69669600
2021-10-12,19.020000457763672,17.84000015258789,18.170000076293945,18.969999313354492,47239700
2021-10-13,19.309999465942383,18.489999771118164,19.0,18.920000076293945,31335900
2021-10-14,19.809999465942383,18.94499969482422,19.799999237060547,19.6200008392334,33917700
2021-10-15,19.860000610351562,19.31999969482422,19.559999465942383,19.3799991607666,22190300
2021-10-18,21.0,19.1200008392334,19.18000030517578,20.850000381469727,48421800
2021-10-19,21.079999923706055,20.184999465942383,21.040000915527344,20.219999313354492,26292200
2021-10-20,21.190000534057617,19.8700008392334,20.364999771118164,21.049999237060547,25757100
2021-10-21,21.774999618530273,20.764999389648438,20.889999389648438,20.989999771118164,24771700
2021-10-22,21.059999465942383,20.200000762939453,20.860000610351562,20.579999923706055,18994500
2021-10-25,21.079999923706055,20.100000381469727,20.6200008392334,20.690000534057617,15053100
2021-10-26,20.969999313354492,19.459999084472656,20.94499969482422,19.959999084472656,26725500
2021-10-27,20.479999542236328,19.139999389648438,20.0,19.25,17585700
2021-10-28,20.200000762939453,19.479999542236328,19.55500030517578,19.90999984741211,15070700
2021-10-29,20.15999984741211,19.690000534057617,19.799999237060547,20.09000015258789,11538000
2021-11-01,22.809999465942383,20.280000686645508,20.530000686645508,22.6200008392334,52780200
2021-11-02,22.93000030517578,21.600000381469727,22.670000076293945,22.68000030517578,35482300
2021-11-03,23.6299991607666,22.440000534057617,22.670000076293945,22.959999084472656,26468800
2021-11-04,23.549999237060547,22.829999923706055,23.18000030517578,23.290000915527344,18496800
2021-11-05,23.2189998626709,22.239999771118164,22.889999389648438,22.56999969482422,19635300
2021-11-08,23.06999969482422,22.44499969482422,22.6299991607666,22.739999771118164,16884900
2021-11-09,23.25,21.610000610351562,23.139999389648438,22.139999389648438,24573000
2021-11-10,21.850000381469727,19.850000381469727,21.139999389648438,20.420000076293945,46108800
2021-11-11,24.649999618530273,22.600000381469727,23.989999771118164,22.969999313354492,72680100
2021-11-12,23.600000381469727,22.170000076293945,23.170000076293945,22.760000228881836,29275500
2021-11-15,24.1200008392334,22.75,22.975000381469727,22.920000076293945,30384300
2021-11-16,22.6299991607666,21.420000076293945,22.600000381469727,21.670000076293945,41386800
2021-11-17,22.040000915527344,21.024999618530273,21.850000381469727,21.1200008392334,18998300
2021-11-18,21.31999969482422,20.200000762939453,21.200000762939453,20.56999969482422,25447500
2021-11-19,21.100000381469727,19.940000534057617,20.110000610351562,20.3700008392334,25321200
2021-11-22,20.600000381469727,18.31999969482422,20.520000457763672,18.75,39766000
2021-11-23,18.655000686645508,17.3799991607666,18.534000396728516,17.809999465942383,31341700
2021-11-24,18.579999923706055,17.35099983215332,17.450000762939453,18.329999923706055,28778600
2021-11-26,18.31999969482422,17.799999237060547,17.875,18.209999084472656,13253100
2021-11-29,18.690000534057617,17.8700008392334,18.579999923706055,18.43000030517578,23366900
2021-11-30,18.540000915527344,17.1299991607666,18.25,17.200000762939453,67190100
2021-12-01,17.90999984741211,16.229999542236328,17.41200065612793,16.389999389648438,34471500
2021-12-02,16.625,15.960000038146973,16.40999984741211,16.43000030517578,27033800
2021-12-03,16.440000534057617,14.619999885559082,16.43000030517578,15.1899995803833,64350700
2021-12-06,15.84000015258789,14.5,15.0600004196167,15.720000267028809,34134800
2021-12-07,16.719999313354492,16.1200008392334,16.139999389648438,16.6200008392334,30846600
2021-12-08,17.165000915527344,16.25,16.790000915527344,16.940000534057617,25262600
2021-12-09,16.90999984741211,15.550000190734863,16.65999984741211,15.65999984741211,32398900
2021-12-10,15.869999885559082,14.869999885559082,15.789999961853027,15.010000228881836,41344200
2021-12-13,15.25,14.020000457763672,14.890000343322754,14.579999923706055,40507500
2021-12-14,14.720000267028809,14.15999984741211,14.270000457763672,14.479999542236328,26707800
2021-12-15,15.279999732971191,14.029999732971191,14.4399995803833,15.15999984741211,33540400
2021-12-16,15.4399995803833,14.180000305175781,15.355999946594238,14.270000457763672,43018000
2021-12-17,14.770000457763672,13.65999984741211,14.079999923706055,14.649999618530273,44408700
2021-12-20,15.210000038146973,14.279999732971191,14.479999542236328,14.59000015258789,31658600
2021-12-21,15.170000076293945,14.720000267028809,14.869999885559082,14.970000267028809,27695600
2021-12-22,15.369999885559082,14.729999542236328,14.859999656677246,14.989999771118164,24332100
2021-12-23,15.1899995803833,14.729999542236328,14.980999946594238,15.09000015258789,19824000
2021-12-27,15.489999771118164,14.850000381469727,15.109999656677246,15.390000343322754,19826700
2021-12-28,15.489999771118164,14.670000076293945,15.279999732971191,14.850000381469727,24049700
2021-12-29,14.833000183105469,14.180000305175781,14.831000328063965,14.470000267028809,20899600
2021-12-30,16.350000381469727,14.5,14.505000114440918,15.949999809265137,41348700
2021-12-31,16.489999771118164,15.739999771118164,15.925000190734863,15.8100004196167,30798200
2022-01-03,16.1299991607666,15.449999809265137,16.100000381469727,15.680000305175781,27500900
2022-01-04,15.861000061035156,14.59000015258789,15.609999656677246,15.050000190734863,34175900
2022-01-05,15.229999542236328,14.039999961853027,14.880000114440918,14.100000381469727,35103100
2022-01-06,14.270000457763672,13.010000228881836,14.015999794006348,13.779999732971191,46269400
2022-01-07,14.399999618530273,13.619999885559082,13.821000099182129,13.739999771118164,28716200
2022-01-10,13.489999771118164,12.819999694824219,13.454999923706055,13.369999885559082,37040300
2022-01-11,14.140000343322754,13.25,13.295000076293945,13.9399995803833,24517400
2022-01-12,14.420000076293945,13.75,14.300000190734863,13.859999656677246,24842400
2022-01-13,14.039999961853027,13.055000305175781,14.0,13.09000015258789,29900800
2022-01-14,13.319999694824219,12.65999984741211,12.95199966430664,13.199999809265137,32460700
2022-01-18,13.109999656677246,12.020000457763672,12.800000190734863,12.0600004196167,50314700
2022-01-19,14.390000343322754,13.369999885559082,14.369999885559082,13.710000038146973,186755800
2022-01-20,16.469999313354492,14.010000228881836,14.270000457763672,15.0,268936000
2022-01-21,14.984999656677246,13.640000343322754,14.984999656677246,13.890000343322754,135687400
2022-01-24,13.350000381469727,11.829999923706055,13.010000228881836,13.300000190734863,136949000
2022-01-25,13.449999809265137,12.579999923706055,12.746000289916992,12.760000228881836,72818300
2022-01-26,13.859999656677246,12.449999809265137,13.140000343322754,12.579999923706055,83654000
2022-01-27,12.789999961853027,11.270000457763672,12.720000267028809,11.359999656677246,83981800
2022-01-28,11.34000015258789,10.510000228881836,11.34000015258789,11.100000381469727,78767700
2022-01-31,12.494999885559082,11.050000190734863,11.199999809265137,12.479999542236328,73077100
2022-02-01,13.550000190734863,12.369999885559082,12.682000160217285,13.270000457763672,89022400
2022-02-02,13.0600004196167,11.899999618530273,13.029999732971191,12.15999984741211,73581200
2022-02-03,12.220000267028809,11.380000114440918,11.770000457763672,11.569999694824219,55485600
2022-02-04,12.074999809265137,11.15999984741211,11.539999961853027,11.890000343322754,46870800
2022-02-07,12.399999618530273,11.661999702453613,11.932000160217285,11.720000267028809,37906200
2022-02-08,12.149999618530273,11.529999732971191,11.720000267028809,12.130000114440918,32936100
2022-02-09,12.989999771118164,12.1899995803833,12.40999984741211,12.859999656677246,47536700
2022-02-10,13.40999984741211,12.289999961853027,12.425000190734863,12.390000343322754,57391400
2022-02-11,13.25,12.289999961853027,12.725000381469727,12.399999618530273,76947100
2022-02-14,12.869999885559082,11.920000076293945,12.588000297546387,12.0,73358600
2022-02-15,12.63700008392334,11.970000267028809,12.260000228881836,12.579999923706055,51170300
2022-02-16,13.279999732971191,12.602999687194824,12.609999656677246,13.079999923706055,58488200
2022-02-17,13.170000076293945,12.149999618530273,12.90999984741211,12.180000305175781,44690000
2022-02-18,12.229999542236328,11.170000076293945,12.173999786376953,11.390000343322754,59994500
2022-02-22,11.15999984741211,10.1899995803833,11.029999732971191,10.260000228881836,76018700
2022-02-23,10.6899995803833,9.819999694824219,10.678999900817871,9.819999694824219,62010000
2022-02-24,10.380000114440918,8.819999694824219,8.859999656677246,10.329999923706055,76026500
2022-02-25,10.720000267028809,9.970000267028809,10.470000267028809,10.670000076293945,46588100
2022-02-28,11.760000228881836,10.670000076293945,10.680000305175781,11.449999809265137,64380500
2022-03-01,11.979999542236328,11.199999809265137,11.960000038146973,11.199999809265137,107850300
2022-03-02,13.0,11.510000228881836,12.949999809265137,11.579999923706055,147527000
2022-03-03,11.510000228881836,10.61400032043457,11.489999771118164,10.6899995803833,70875700
2022-03-04,11.010000228881836,9.920000076293945,10.642000198364258,10.0,63130700
2022-03-07,10.220000267028809,9.59000015258789,9.975000381469727,9.619999885559082,54287700
2022-03-08,10.08899974822998,9.279999732971191,9.510000228881836,9.720000267028809,50878200
2022-03-09,10.09000015258789,9.645000457763672,9.960000038146973,9.869999885559082,53891100
2022-03-10,9.819999694824219,9.180000305175781,9.710000038146973,9.40999984741211,47638400
2022-03-11,9.536999702453613,8.520000457763672,9.510000228881836,8.550000190734863,71568500
2022-03-14,8.449999809265137,7.735000133514404,8.449999809265137,7.929999828338623,75632700
2022-03-15,8.289999961853027,7.789999961853027,7.960000038146973,8.199999809265137,52317400
2022-03-16,8.760000228881836,8.050000190734863,8.079999923706055,8.569999694824219,84406700
2022-03-17,9.079999923706055,8.380000114440918,8.550000190734863,8.90999984741211,67654100
2022-03-18,9.975000381469727,8.819999694824219,8.920000076293945,9.869999885559082,66667100
2022-03-21,9.930000305175781,9.329999923706055,9.819999694824219,9.569999694824219,39791700
2022-03-22,10.0600004196167,9.25,9.5600004196167,9.720000267028809,56998400
2022-03-23,9.779999732971191,9.324999809265137,9.600000381469727,9.369999885559082,38946300
2022-03-24,9.508999824523926,9.069999694824219,9.399999618530273,9.470000267028809,30175800
2022-03-25,9.420000076293945,8.90999984741211,9.420000076293945,9.010000228881836,42524700
2022-03-28,9.279999732971191,8.84000015258789,9.029999732971191,9.25,33300900
2022-03-29,10.210000038146973,9.220000267028809,9.25,10.140000343322754,72805100
2022-03-30,10.569999694824219,9.631999969482422,10.029999732971191,9.770000457763672,59785700
2022-03-31,9.869999885559082,9.420000076293945,9.819999694824219,9.449999809265137,33702800
2022-04-01,9.619999885559082,9.210000038146973,9.470000267028809,9.329999923706055,29654500
2022-04-04,10.029999732971191,9.399999618530273,9.420000076293945,9.770000457763672,34363300
2022-04-05,10.095000267028809,9.09000015258789,9.829999923706055,9.119999885559082,47197100
2022-04-06,9.029999732971191,8.460000038146973,8.979999542236328,8.75,56769400
2022-04-07,8.385000228881836,7.639999866485596,8.274999618530273,8.119999885559082,109248300
2022-04-08,8.100000381469727,7.78000020980835,8.069999694824219,7.869999885559082,39037800
2022-04-11,7.929999828338623,7.559999942779541,7.699999809265137,7.71999979019165,37461600
2022-04-12,8.09000015258789,7.369999885559082,7.809999942779541,7.480000019073486,58650300
2022-04-13,7.679999828338623,7.239999771118164,7.449999809265137,7.610000133514404,39309500
2022-04-14,7.659999847412109,7.21999979019165,7.659999847412109,7.260000228881836,42198000
2022-04-18,7.315000057220459,6.96999979019165,7.260000228881836,7.130000114440918,50207800
2022-04-19,7.579999923706055,7.050000190734863,7.110000133514404,7.409999847412109,39488900
2022-04-20,7.360000133514404,6.929999828338623,7.360000133514404,6.949999809265137,56574300
2022-04-21,7.110000133514404,6.480000019073486,7.03000020980835,6.599999904632568,66530900
2022-04-22,6.679999828338623,6.320000171661377,6.599999904632568,6.389999866485596,45591900
2022-04-25,6.610000133514404,6.230000019073486,6.269999980926514,6.550000190734863,37571500
2022-04-26,6.5,6.139999866485596,6.5,6.289999961853027,49526100
2022-04-27,6.460000038146973,6.090000152587891,6.25,6.150000095367432,42697500
2022-04-28,6.539999961853027,6.019999980926514,6.300000190734863,6.449999809265137,46069000
2022-04-29,6.75,6.099999904632568,6.369999885559082,6.119999885559082,33526800
2022-05-02,6.340000152587891,6.010000228881836,6.105000019073486,6.329999923706055,43738400
2022-05-03,6.420000076293945,6.179999828338623,6.28000020980835,6.400000095367432,27381700
2022-05-04,7.170000076293945,6.199999809265137,6.360000133514404,7.139999866485596,77128300
2022-05-05,7.110000133514404,6.570000171661377,7.050000190734863,6.829999923706055,46638700
2022-05-06,6.869999885559082,6.34499979019165,6.820000171661377,6.440000057220459,50526800
2022-05-09,6.389999866485596,5.789999961853027,6.230000019073486,5.96999979019165,51638700
2022-05-10,5.800000190734863,4.820000171661377,5.75,5.25,125633800
2022-05-11,5.610000133514404,4.949999809265137,5.210000038146973,5.489999771118164,76698100
2022-05-12,5.789999961853027,5.050000190734863,5.309999942779541,5.659999847412109,66310000
2022-05-13,6.860000133514404,6.010000228881836,6.079999923706055,6.75,74842000
2022-05-16,7.235000133514404,6.835000038146973,7.019999980926514,6.909999847412109,60528400
2022-05-17,7.340000152587891,6.960000038146973,7.090000152587891,7.050000190734863,54578600
2022-05-18,7.559999942779541,6.800000190734863,6.929999828338623,7.230000019073486,54156900
2022-05-19,7.989999771118164,7.150000095367432,7.25,7.75,57737200
2022-05-20,8.039999961853027,7.130000114440918,8.020000457763672,7.489999771118164,56792900
2022-05-23,7.489999771118164,7.099999904632568,7.360000133514404,7.269999980926514,33054600
2022-05-24,7.150000095367432,6.619999885559082,7.070000171661377,6.71999979019165,38264600
2022-05-25,7.159999847412109,6.677999973297119,6.739999771118164,7.010000228881836,35566800
2022-05-26,7.389999866485596,6.90500020980835,7.070000171661377,7.139999866485596,35132100
2022-05-27,7.679999828338623,7.190000057220459,7.289999961853027,7.550000190734863,38264400
2022-05-31,7.699999809265137,7.260000228881836,7.494999885559082,7.480000019073486,61518900
2022-06-01,7.619999885559082,6.949999809265137,7.494999885559082,7.050000190734863,36804600
2022-06-02,7.420000076293945,6.954999923706055,7.039999961853027,7.420000076293945,28783000
2022-06-03,7.25,6.889999866485596,7.150000095367432,6.980000019073486,29389200
2022-06-06,7.264999866485596,6.769999980926514,7.079999923706055,6.860000133514404,39384000
2022-06-07,6.900000095367432,6.671000003814697,6.75,6.860000133514404,26378400
2022-06-08,6.96999979019165,6.610000133514404,6.78000020980835,6.659999847412109,30467700
2022-06-09,6.690000057220459,6.110000133514404,6.679999828338623,6.110000133514404,35450400
2022-06-10,6.25,5.849999904632568,5.96999979019165,5.940000057220459,37492800
2022-06-13,5.73799991607666,5.34499979019165,5.610000133514404,5.610000133514404,51080200
2022-06-14,6.038000106811523,5.71999979019165,5.75,5.925000190734863,39077700
2022-06-15,6.170000076293945,5.682000160217285,5.949999809265137,5.940000057220459,59845400
2022-06-16,5.840000152587891,5.440000057220459,5.710000038146973,5.46999979019165,32073700
2022-06-17,5.849999904632568,5.510000228881836,5.570000171661377,5.699999809265137,53969200
2022-06-21,5.979000091552734,5.71999979019165,5.820000171661377,5.71999979019165,32297200
2022-06-22,5.820000171661377,5.539999961853027,5.619999885559082,5.599999904632568,34436600
2022-06-23,5.920000076293945,5.625,5.650000095367432,5.78000020980835,28993800
2022-06-24,6.179999828338623,5.789999961853027,5.880000114440918,6.130000114440918,87590000
2022-06-27,6.210000038146973,5.849999904632568,6.099999904632568,5.929999828338623,26805000
2022-06-28,5.96999979019165,5.5,5.929999828338623,5.559999942779541,31351800
2022-06-29,5.550000190734863,5.340000152587891,5.519999980926514,5.539999961853027,32700600
2022-06-30,5.510000228881836,5.230000019073486,5.429999828338623,5.269999980926514,27760700
2022-07-01,5.485000133514404,5.170000076293945,5.260000228881836,5.409999847412109,21703300
2022-07-05,5.840000152587891,5.139999866485596,5.329999923706055,5.840000152587891,28258400
2022-07-06,6.099999904632568,5.78000020980835,5.800000190734863,5.900000095367432,25041500
2022-07-07,6.28000020980835,5.849999904632568,5.900000095367432,6.260000228881836,30799700
2022-07-08,6.369999885559082,5.929999828338623,6.0,6.190000057220459,26898900
2022-07-11,6.090000152587891,5.820000171661377,6.034999847412109,6.010000228881836,18679700
2022-07-12,6.230000019073486,5.900000095367432,6.019999980926514,6.039999961853027,18008300
2022-07-13,6.059999942779541,5.75,5.849999904632568,5.949999809265137,25769500
2022-07-14,5.96999979019165,5.760000228881836,5.880000114440918,5.909999847412109,17285100
2022-07-15,6.300000190734863,5.929999828338623,6.039999961853027,6.289999961853027,22335800
2022-07-18,6.59499979019165,6.309999942779541,6.329999923706055,6.349999904632568,20005800
2022-07-19,6.630000114440918,6.269999980926514,6.480000019073486,6.619999885559082,21273600
2022-07-20,7.079999923706055,6.659999847412109,6.690000057220459,6.96999979019165,24765700
2022-07-21,7.150000095367432,6.900000095367432,6.974999904632568,7.039999961853027,19858400
2022-07-22,7.059999942779541,6.519999980926514,7.050000190734863,6.619999885559082,21258200
2022-07-25,6.610000133514404,6.369999885559082,6.570000171661377,6.460000038146973,14153800
2022-07-26,6.369999885559082,6.119999885559082,6.369999885559082,6.139999866485596,16325700
2022-07-27,6.46999979019165,6.190000057220459,6.25,6.440000057220459,17437400
2022-07-28,6.559999942779541,6.090000152587891,6.449999809265137,6.300000190734863,21965900
2022-07-29,6.369999885559082,6.150000095367432,6.269999980926514,6.309999942779541,19058700
2022-08-01,6.409999847412109,6.139999866485596,6.269999980926514,6.360000133514404,21109900
2022-08-02,6.630000114440918,6.309999942779541,6.340000152587891,6.409999847412109,49460900
2022-08-03,8.420000076293945,7.050000190734863,7.28000020980835,8.229999542236328,147719800
2022-08-04,8.520000457763672,7.860000133514404,8.170000076293945,8.229999542236328,61791900
2022-08-05,8.260000228881836,7.820000171661377,8.020000457763672,7.960000038146973,43574400
2022-08-08,8.489999771118164,7.880000114440918,8.140000343322754,7.980000019073486,56810700
2022-08-09,7.760000228881836,7.25,7.699999809265137,7.389999866485596,50017000
2022-08-10,7.949999809265137,7.510000228881836,7.78000020980835,7.809999942779541,51807800
2022-08-11,8.140000343322754,7.364999771118164,8.079999923706055,7.420000076293945,65326100
2022-08-12,7.699999809265137,7.300000190734863,7.53000020980835,7.650000095367432,35779800
2022-08-15,7.699999809265137,7.389999866485596,7.570000171661377,7.619999885559082,38003000
2022-08-16,7.809000015258789,7.190000057220459,7.5,7.579999923706055,56783500
2022-08-17,7.449999809265137,6.820000171661377,7.429999828338623,6.880000114440918,75554900
2022-08-18,6.960000038146973,6.619999885559082,6.949999809265137,6.679999828338623,38842700
2022-08-19,6.53000020980835,6.269999980926514,6.519999980926514,6.329999923706055,47048200
2022-08-22,6.329999923706055,6.010000228881836,6.150000095367432,6.099999904632568,41817600
2022-08-23,6.25,6.010000228881836,6.150000095367432,6.170000076293945,55901700
2022-08-24,6.869999885559082,6.369999885559082,6.695000171661377,6.449999809265137,114014000
2022-08-25,6.71999979019165,6.389999866485596,6.630000114440918,6.690000057220459,53630800
2022-08-26,6.889999866485596,6.119999885559082,6.860000133514404,6.179999828338623,74661000
2022-08-29,6.22599983215332,5.96999979019165,6.090000152587891,6.0,55367700
2022-08-30,6.130000114440918,5.809999942779541,6.079999923706055,5.909999847412109,38113900
2022-08-31,6.079999923706055,5.869999885559082,5.96999979019165,5.920000076293945,32515900
2022-09-01,5.860000133514404,5.610000133514404,5.815000057220459,5.849999904632568,34316400
2022-09-02,6.0,5.699999809265137,5.989999771118164,5.739999771118164,29739700
2022-09-06,5.789999961853027,5.570000171661377,5.75,5.650000095367432,28734800
2022-09-07,5.849999904632568,5.570000171661377,5.599999904632568,5.820000171661377,25290200
2022-09-08,6.190000057220459,5.679999828338623,5.690000057220459,6.190000057220459,38945300
2022-09-09,6.340000152587891,6.170000076293945,6.230000019073486,6.329999923706055,30872900
2022-09-12,6.489999771118164,6.289999961853027,6.349999904632568,6.409999847412109,28634000
2022-09-13,6.139999866485596,5.789999961853027,6.019999980926514,5.840000152587891,44931900
2022-09-14,6.190000057220459,5.900000095367432,6.059999942779541,6.170000076293945,62819300
2022-09-15,6.650000095367432,6.099999904632568,6.130000114440918,6.409999847412109,58733500
2022-09-16,6.269999980926514,6.010000228881836,6.235000133514404,6.050000190734863,44028900
2022-09-19,6.099999904632568,5.889999866485596,5.949999809265137,6.079999923706055,30714100
2022-09-20,6.119999885559082,5.880000114440918,6.0,5.889999866485596,27278200
2022-09-21,6.039999961853027,5.690000057220459,5.889999866485596,5.690000057220459,36073900
2022-09-22,5.789999961853027,5.360000133514404,5.71999979019165,5.360000133514404,41535300
2022-09-23,5.369999885559082,5.159999847412109,5.260000228881836,5.309999942779541,40071900
2022-09-26,5.510000228881836,5.079999923706055,5.300000190734863,5.079999923706055,65463200
2022-09-27,5.329999923706055,5.0,5.230000019073486,5.079999923706055,35622200
2022-09-28,5.28000020980835,5.039999961853027,5.079999923706055,5.25,29843200
2022-09-29,5.159999847412109,4.789999961853027,5.119999885559082,4.840000152587891,56776400
2022-09-30,5.090000152587891,4.809999942779541,4.820000171661377,4.880000114440918,33884400
2022-10-03,5.21999979019165,4.809999942779541,4.940000057220459,5.130000114440918,33619400
2022-10-04,5.460000038146973,5.25,5.264999866485596,5.400000095367432,37930500
2022-10-05,5.320000171661377,5.070000171661377,5.269999980926514,5.28000020980835,36209300
2022-10-06,5.46999979019165,5.170000076293945,5.269999980926514,5.289999961853027,28449200
2022-10-07,5.150000095367432,4.960000038146973,5.130000114440918,5.010000228881836,27856200
2022-10-10,5.034999847412109,4.909999847412109,5.010000228881836,4.96999979019165,22211500
2022-10-11,5.170000076293945,4.769999980926514,4.949999809265137,5.0,35828900
2022-10-12,5.119999885559082,4.880000114440918,4.980000019073486,5.079999923706055,26339800
2022-10-13,5.21999979019165,4.840000152587891,4.889999866485596,5.090000152587891,32629000
2022-10-14,5.28000020980835,4.809999942779541,5.190000057220459,4.809999942779541,35776200
2022-10-17,5.099999904632568,4.849999904632568,4.949999809265137,5.070000171661377,33347900
2022-10-18,5.349999904632568,5.150000095367432,5.25,5.25,37401900
2022-10-19,5.21999979019165,4.96999979019165,5.210000038146973,4.989999771118164,35412300
2022-10-20,5.190000057220459,4.960000038146973,4.974999904632568,5.010000228881836,30718900
2022-10-21,5.159999847412109,4.900000095367432,4.96999979019165,5.150000095367432,33980000
2022-10-24,5.199999809265137,4.96999979019165,5.139999866485596,5.170000076293945,32703200
2022-10-25,5.679999828338623,5.190000057220459,5.199999809265137,5.659999847412109,49264000
2022-10-26,5.769999980926514,5.5,5.525000095367432,5.539999961853027,37510600
2022-10-27,5.659999847412109,5.343999862670898,5.619999885559082,5.349999904632568,26942700
2022-10-28,5.46999979019165,5.289999961853027,5.369999885559082,5.449999809265137,28751000
2022-10-31,5.670000076293945,5.360000133514404,5.559999942779541,5.440000057220459,61549200
2022-11-01,6.46999979019165,5.670000076293945,6.460000038146973,5.730000019073486,159097200
2022-11-02,5.699999809265137,5.03000020980835,5.675000190734863,5.119999885559082,106803800
2022-11-03,5.389999866485596,5.010000228881836,5.03000020980835,5.360000133514404,55484100
2022-11-04,5.510000228881836,5.059999942779541,5.494999885559082,5.179999828338623,53554200
2022-11-07,5.284999847412109,5.119999885559082,5.230000019073486,5.179999828338623,39915100
2022-11-08,5.300000190734863,5.050000190734863,5.179999828338623,5.099999904632568,48009700
2022-11-09,5.059999942779541,4.940000057220459,5.03000020980835,4.980000019073486,45924000
2022-11-10,5.440000057220459,5.090000152587891,5.269999980926514,5.340000152587891,69817600
2022-11-11,6.0,5.320000171661377,5.320000171661377,5.949999809265137,84353300
2022-11-14,6.050000190734863,5.71999979019165,5.889999866485596,5.860000133514404,47833200
2022-11-15,6.130000114440918,5.800000190734863,6.099999904632568,5.849999904632568,59806400
2022-11-16,5.769999980926514,5.46999979019165,5.769999980926514,5.53000020980835,43267800
2022-11-17,5.510000228881836,5.28000020980835,5.340000152587891,5.380000114440918,34036700
2022-11-18,5.489999771118164,5.159999847412109,5.480000019073486,5.179999828338623,36633900
2022-11-21,5.190000057220459,4.800000190734863,5.130000114440918,4.869999885559082,99355000
2022-11-22,4.900000095367432,4.599999904632568,4.900000095367432,4.639999866485596,76694100
2022-11-23,4.708000183105469,4.53000020980835,4.670000076293945,4.659999847412109,58395300
2022-11-25,4.670000076293945,4.510000228881836,4.670000076293945,4.599999904632568,28016500
2022-11-28,4.630000114440918,4.409999847412109,4.539999961853027,4.449999809265137,46991100
2022-11-29,4.570000171661377,4.441999912261963,4.460000038146973,4.559999942779541,40676700
2022-11-30,4.849999904632568,4.519999980926514,4.550000190734863,4.829999923706055,49235500
2022-12-01,4.909999847412109,4.670000076293945,4.860000133514404,4.739999771118164,34842000
2022-12-02,4.699999809265137,4.519999980926514,4.599999904632568,4.699999809265137,23866400
2022-12-05,4.730000019073486,4.46999979019165,4.699999809265137,4.53000020980835,28384800
2022-12-06,4.550000190734863,4.260000228881836,4.539999961853027,4.320000171661377,41048400
2022-12-07,4.369999885559082,4.239999771118164,4.300000190734863,4.300000190734863,21933400
2022-12-08,4.429999828338623,4.25,4.349999904632568,4.400000095367432,19767400
2022-12-09,4.400000095367432,4.309999942779541,4.360000133514404,4.340000152587891,16804200
2022-12-12,4.480000019073486,4.269999980926514,4.309999942779541,4.449999809265137,23353200
2022-12-13,4.769999980926514,4.349999904632568,4.690000057220459,4.429999828338623,33682400
2022-12-14,4.920000076293945,4.53000020980835,4.570000171661377,4.699999809265137,68775700
2022-12-15,4.760000228881836,4.5,4.579999923706055,4.630000114440918,37157400
2022-12-16,4.679999828338623,4.5,4.579999923706055,4.639999866485596,31419300
2022-12-19,4.659999847412109,4.400000095367432,4.659999847412109,4.429999828338623,27122400
2022-12-20,4.760000228881836,4.449999809265137,4.53000020980835,4.570000171661377,34033400
2022-12-21,4.730000019073486,4.559999942779541,4.650000095367432,4.639999866485596,24848900
2022-12-22,4.625,4.369999885559082,4.579999923706055,4.579999923706055,30665900
2022-12-23,4.619999885559082,4.460999965667725,4.550000190734863,4.610000133514404,19435300
2022-12-27,4.579999923706055,4.349999904632568,4.550000190734863,4.389999866485596,24110700
2022-12-28,4.429999828338623,4.239999771118164,4.380000114440918,4.369999885559082,35043300
2022-12-29,4.630000114440918,4.320000171661377,4.400000095367432,4.590000152587891,33261900
2022-12-30,4.650000095367432,4.449999809265137,4.489999771118164,4.610000133514404,28240200
2023-01-03,4.75,4.429999828338623,4.650000095367432,4.5,29303200
2023-01-04,4.880000114440918,4.494999885559082,4.539999961853027,4.769999980926514,48731400
2023-01-05,4.730000019073486,4.559999942779541,4.659999847412109,4.630000114440918,30512000
2023-01-06,4.695000171661377,4.489999771118164,4.659999847412109,4.619999885559082,31589500
2023-01-09,5.0,4.670000076293945,4.670000076293945,4.820000171661377,50435000
2023-01-10,5.130000114440918,4.78000020980835,4.800000190734863,5.119999885559082,42334400
2023-01-11,5.190000057220459,4.980000019073486,5.150000095367432,5.150000095367432,41602100
2023-01-12,5.380000114440918,4.989999771118164,5.190000057220459,5.360000133514404,49408800
2023-01-13,5.489999771118164,5.190000057220459,5.224999904632568,5.440000057220459,32477100
2023-01-17,5.71999979019165,5.360000133514404,5.449999809265137,5.639999866485596,37801400
2023-01-18,5.699999809265137,5.480000019073486,5.650000095367432,5.559999942779541,38396700
2023-01-19,5.53000020980835,5.309999942779541,5.409999847412109,5.409999847412109,32006500
2023-01-20,5.75,5.431000232696533,5.485000133514404,5.670000076293945,31135600
2023-01-23,5.889999866485596,5.630000114440918,5.710000038146973,5.869999885559082,39018500
2023-01-24,6.0,5.730000019073486,5.775000095367432,5.789999961853027,32563800
2023-01-25,5.869999885559082,5.539999961853027,5.639999866485596,5.789999961853027,30127800
2023-01-26,5.940000057220459,5.650000095367432,5.900000095367432,5.710000038146973,29992300
2023-01-27,6.039999961853027,5.630000114440918,5.690000057220459,5.940000057220459,48503500
2023-01-30,7.005000114440918,6.369999885559082,6.590000152587891,6.679999828338623,164184300
2023-01-31,6.949999809265137,6.510000228881836,6.659999847412109,6.929999828338623,68287100
2023-02-01,7.46999979019165,6.860000133514404,6.929999828338623,7.380000114440918,75445300
2023-02-02,8.239999771118164,7.449999809265137,7.670000076293945,7.71999979019165,106231100
2023-02-03,7.985000133514404,7.309999942779541,7.400000095367432,7.460000038146973,55989100
2023-02-06,7.639999866485596,7.260000228881836,7.349999904632568,7.409999847412109,41269900
2023-02-07,7.449999809265137,7.139999866485596,7.369999885559082,7.380000114440918,40804000
2023-02-08,7.494999885559082,7.190000057220459,7.320000171661377,7.199999809265137,25636300
2023-02-09,7.364999771118164,6.840000152587891,7.269999980926514,6.889999866485596,50352400
2023-02-10,6.889999866485596,6.639999866485596,6.760000228881836,6.809999942779541,37285300
2023-02-13,6.900000095367432,6.679999828338623,6.75,6.760000228881836,23626800
2023-02-14,6.820000171661377,6.429999828338623,6.659999847412109,6.739999771118164,28449700
2023-02-15,7.289999961853027,6.800000190734863,6.820000171661377,7.25,35683800
2023-02-16,7.28000020980835,6.949999809265137,7.073999881744385,6.980000019073486,30458000
2023-02-17,6.960000038146973,6.510000228881836,6.889999866485596,6.619999885559082,30999500
2023-02-21,6.570000171661377,6.329999923706055,6.460000038146973,6.420000076293945,26332900
2023-02-22,6.579999923706055,6.369999885559082,6.400000095367432,6.539999961853027,22778900
2023-02-23,6.690000057220459,6.389999866485596,6.650000095367432,6.550000190734863,19210200
2023-02-24,6.449999809265137,6.309999942779541,6.380000114440918,6.380000114440918,16954200
2023-02-27,6.5,6.3420000076293945,6.449999809265137,6.420000076293945,19082100
2023-02-28,6.699999809265137,6.449999809265137,6.460000038146973,6.599999904632568,17430600
2023-03-01,6.619999885559082,6.429999828338623,6.579999923706055,6.440000057220459,19827300
2023-03-02,6.510000228881836,6.230000019073486,6.300000190734863,6.449999809265137,18003500
2023-03-03,6.789999961853027,6.460000038146973,6.480000019073486,6.71999979019165,25456400
2023-03-06,6.96999979019165,6.670000076293945,6.800000190734863,6.679999828338623,26214300
2023-03-07,6.710000038146973,6.420000076293945,6.710000038146973,6.510000228881836,28344300
2023-03-08,6.599999904632568,6.381999969482422,6.480000019073486,6.46999979019165,16558600
2023-03-09,6.554999828338623,6.065000057220459,6.420000076293945,6.090000152587891,27793300
2023-03-10,5.920000076293945,5.210000038146973,5.900000095367432,5.579999923706055,86809700
2023-03-13,5.570000171661377,5.099999904632568,5.460000038146973,5.489999771118164,59761300
2023-03-14,5.739999771118164,5.429999828338623,5.690000057220459,5.550000190734863,36750400
2023-03-15,5.460000038146973,5.275000095367432,5.335000038146973,5.409999847412109,34260500
2023-03-16,5.539999961853027,5.28000020980835,5.349999904632568,5.449999809265137,25128700
2023-03-17,5.539999961853027,5.329999923706055,5.46999979019165,5.460000038146973,27173200
2023-03-20,5.539999961853027,5.190000057220459,5.46999979019165,5.21999979019165,33271400
2023-03-21,5.599999904632568,5.320000171661377,5.349999904632568,5.570000171661377,29210300
2023-03-22,6.03000020980835,5.539999961853027,5.789999961853027,5.559999942779541,62273300
2023-03-23,5.880000114440918,5.570000171661377,5.650000095367432,5.78000020980835,35687800
2023-03-24,5.829999923706055,5.639999866485596,5.675000190734863,5.739999771118164,18657400
2023-03-27,5.880000114440918,5.730000019073486,5.820000171661377,5.760000228881836,24284700
2023-03-28,5.789999961853027,5.510000228881836,5.739999771118164,5.590000152587891,23185400
2023-03-29,5.920000076293945,5.650000095367432,5.690000057220459,5.75,28461800
2023-03-30,5.929999828338623,5.619999885559082,5.869999885559082,5.71999979019165,25094700
2023-03-31,6.170000076293945,5.670000076293945,5.75,6.070000171661377,41786800
2023-04-03,6.275000095367432,5.940000057220459,6.139999866485596,6.03000020980835,32121400
2023-04-04,6.099999904632568,5.835000038146973,6.099999904632568,5.889999866485596,19465200
2023-04-05,5.869999885559082,5.579999923706055,5.869999885559082,5.739999771118164,30541900
2023-04-06,5.809999942779541,5.610000133514404,5.699999809265137,5.75,25308100
2023-04-10,5.920000076293945,5.659999847412109,5.690000057220459,5.909999847412109,21151200
2023-04-11,6.019999980926514,5.860000133514404,5.909999847412109,5.96999979019165,26455400
2023-04-12,6.059999942779541,5.670000076293945,6.059999942779541,5.820000171661377,35905000
2023-04-13,5.980000019073486,5.823999881744385,5.909999847412109,5.860000133514404,20527100
2023-04-14,6.03000020980835,5.769999980926514,5.989999771118164,5.920000076293945,24086000
2023-04-17,6.0,5.809999942779541,5.889999866485596,5.960000038146973,24908100
2023-04-18,6.019999980926514,5.894999980926514,6.0,5.980000019073486,17036300
2023-04-19,6.099999904632568,5.869999885559082,5.900000095367432,6.079999923706055,18337500
2023-04-20,6.045000076293945,5.880000114440918,5.980000019073486,5.920000076293945,18844900
2023-04-21,5.989999771118164,5.849999904632568,5.900000095367432,5.940000057220459,16723200
2023-04-24,5.949999809265137,5.789999961853027,5.920000076293945,5.829999923706055,20058000
2023-04-25,5.840000152587891,5.71999979019165,5.775000095367432,5.75,21036200
2023-04-26,5.880000114440918,5.659999847412109,5.809999942779541,5.670000076293945,24210900
2023-04-27,6.190000057220459,5.75,5.769999980926514,6.059999942779541,43199900
2023-04-28,6.300000190734863,5.940000057220459,6.150000095367432,6.230000019073486,55605100
2023-05-01,6.539999961853027,5.460000038146973,6.519999980926514,5.46999979019165,125423700
2023-05-02,5.300000190734863,4.71999979019165,5.260000228881836,4.90500020980835,115499500
2023-05-03,5.078999996185303,4.75,4.96999979019165,4.849999904632568,64212800
2023-05-04,4.914999961853027,4.590000152587891,4.78000020980835,4.894999980926514,59715600
2023-05-05,5.170000076293945,4.989999771118164,5.010000228881836,5.159999847412109,40830500
2023-05-08,5.489999771118164,5.179999828338623,5.179999828338623,5.46999979019165,39933900
2023-05-09,5.550000190734863,5.340000152587891,5.349999904632568,5.409999847412109,26785200
2023-05-10,5.599999904632568,5.380000114440918,5.579999923706055,5.480000019073486,28624400
2023-05-11,5.440000057220459,5.119999885559082,5.440000057220459,5.139999866485596,36075600
2023-05-12,5.21999979019165,4.925000190734863,5.170000076293945,5.019999980926514,44397600
2023-05-15,4.840000152587891,4.449999809265137,4.679999828338623,4.769999980926514,103290700
2023-05-16,4.820000171661377,4.610000133514404,4.789999961853027,4.760000228881836,38510800
2023-05-17,4.980000019073486,4.690000057220459,4.760000228881836,4.960000038146973,42730500
2023-05-18,5.135000228881836,4.920000076293945,4.980000019073486,5.070000171661377,35183400
2023-05-19,5.130000114440918,4.909999847412109,5.070000171661377,4.929999828338623,25737600
2023-05-22,5.340000152587891,4.920000076293945,4.989999771118164,5.260000228881836,42509300
2023-05-23,5.489999771118164,5.21999979019165,5.239999771118164,5.289999961853027,43878300
2023-05-24,5.329999923706055,5.130000114440918,5.199999809265137,5.309999942779541,23887800
2023-05-25,5.400000095367432,5.090000152587891,5.389999866485596,5.210000038146973,24474900
2023-05-26,5.480000019073486,5.21999979019165,5.239999771118164,5.409999847412109,26982900
2023-05-30,6.050000190734863,5.590000152587891,5.809999942779541,6.03000020980835,68003300
2023-05-31,7.019999980926514,6.099999904632568,6.199999809265137,6.940000057220459,152429200
2023-06-01,7.260000228881836,6.630000114440918,6.710000038146973,6.820000171661377,108760600
2023-06-02,7.110000133514404,6.710000038146973,7.110000133514404,7.03000020980835,63316100
2023-06-05,7.599999904632568,7.074999809265137,7.119999885559082,7.25,69556200
2023-06-06,7.755000114440918,7.139999866485596,7.179999828338623,7.650000095367432,56839700
2023-06-07,8.0,7.639999866485596,7.860000133514404,7.739999771118164,60872200
2023-06-08,8.199999809265137,7.659999847412109,7.690000057220459,8.119999885559082,66988400
2023-06-09,8.8100004196167,8.109999656677246,8.25,8.180000305175781,84720300
2023-06-12,9.300000190734863,8.399999618530273,8.460000038146973,9.15999984741211,117905100
2023-06-13,9.609999656677246,8.890000343322754,9.539999961853027,9.539999961853027,108293500
2023-06-14,10.229999542236328,9.289999961853027,9.789999961853027,9.739999771118164,128420300
2023-06-15,9.579999923706055,8.880000114440918,9.180000305175781,9.550000190734863,97639300
2023-06-16,9.180000305175781,8.5,8.90999984741211,8.600000381469727,107236500
2023-06-20,8.640000343322754,8.199999809265137,8.3100004196167,8.59000015258789,49114900
2023-06-21,8.770000457763672,8.34000015258789,8.510000228881836,8.630000114440918,37733600
2023-06-22,8.6899995803833,8.350000381469727,8.539999961853027,8.489999771118164,30149500
2023-06-23,8.289999961853027,7.710000038146973,7.909999847412109,8.279999732971191,62118500
2023-06-26,8.65999984741211,8.140000343322754,8.239999771118164,8.199999809265137,33526600
2023-06-27,8.720000267028809,8.319999694824219,8.329999923706055,8.640000343322754,39402300
2023-06-28,9.09000015258789,8.579999923706055,8.59000015258789,8.869999885559082,36374400
2023-06-29,9.279999732971191,8.600000381469727,9.069999694824219,8.710000038146973,42722400
2023-06-30,9.40999984741211,8.319999694824219,8.920000076293945,8.34000015258789,98034000
2023-07-03,8.640000343322754,8.350000381469727,8.359999656677246,8.520000457763672,26842000
2023-07-05,8.680000305175781,8.3100004196167,8.489999771118164,8.380000114440918,26954600
2023-07-06,8.260000228881836,7.855000019073486,8.229999542236328,8.100000381469727,38013800
2023-07-07,8.300000190734863,8.029999732971191,8.09000015258789,8.050000190734863,22681400
2023-07-10,8.720000267028809,8.039999961853027,8.100000381469727,8.710000038146973,38750100
2023-07-11,9.199999809265137,8.75,8.8100004196167,9.069999694824219,52586400
2023-07-12,9.390000343322754,9.0,9.34000015258789,9.199999809265137,41158600
2023-07-13,9.239999771118164,8.770000457763672,8.920000076293945,9.15999984741211,43361100
2023-07-14,9.449999809265137,8.9399995803833,9.220000267028809,9.079999923706055,38350800
2023-07-17,9.805000305175781,8.989999771118164,9.039999961853027,9.479999542236328,48308500
2023-07-18,9.739999771118164,9.432999610900879,9.550000190734863,9.569999694824219,33895900
2023-07-19,10.130000114440918,9.645000457763672,9.760000228881836,9.850000381469727,50051500
2023-07-20,9.989999771118164,9.369999885559082,9.630000114440918,9.569999694824219,41587700
2023-07-21,9.699999809265137,9.260000228881836,9.675000190734863,9.430000305175781,34444800
2023-07-24,9.5600004196167,9.295000076293945,9.4399995803833,9.449999809265137,26643500
2023-07-25,9.779999732971191,9.3100004196167,9.399999618530273,9.329999923706055,38811100
2023-07-26,9.539999961853027,9.210000038146973,9.260000228881836,9.520000457763672,34922300
2023-07-27,9.729999542236328,8.9399995803833,9.710000038146973,9.09000015258789,45958200
2023-07-28,9.600000381469727,9.15999984741211,9.359999656677246,9.550000190734863,58205300
2023-07-31,11.699999809265137,10.300000190734863,10.390000343322754,11.449999809265137,210958900
2023-08-01,11.100000381469727,10.3100004196167,11.0600004196167,10.350000381469727,88881800
2023-08-02,10.279999732971191,9.720000267028809,10.119999885559082,10.079999923706055,62865900
2023-08-03,10.170000076293945,9.859999656677246,9.920000076293945,10.050000190734863,37651500
2023-08-04,10.100000381469727,9.470000267028809,10.079999923706055,9.5,42370200
2023-08-07,9.569999694824219,9.15999984741211,9.5,9.390000343322754,31682000
2023-08-08,9.449999809265137,9.010000228881836,9.029999732971191,9.3100004196167,28127800
2023-08-09,9.270000457763672,8.800000190734863,9.270000457763672,8.989999771118164,43368300
2023-08-10,9.239999771118164,8.720000267028809,9.09000015258789,8.720000267028809,37657800
2023-08-11,8.699999809265137,8.420000076293945,8.529999732971191,8.649999618530273,26833600
2023-08-14,8.710000038146973,8.359999656677246,8.520000457763672,8.680000305175781,27735500
2023-08-15,8.600000381469727,8.34000015258789,8.600000381469727,8.369999885559082,23709300
2023-08-16,8.430000305175781,8.210000038146973,8.229999542236328,8.260000228881836,23398900
2023-08-17,8.40999984741211,8.079999923706055,8.350000381469727,8.109999656677246,29582400
2023-08-18,8.289999961853027,7.889999866485596,7.920000076293945,8.220000267028809,27173100
2023-08-21,8.329999923706055,8.079999923706055,8.25,8.289999961853027,22676600
2023-08-22,8.470000267028809,8.109999656677246,8.399999618530273,8.149999618530273,23164700
2023-08-23,8.470000267028809,8.0600004196167,8.079999923706055,8.430000305175781,21855700
2023-08-24,8.5,8.079999923706055,8.479999542236328,8.119999885559082,26080600
2023-08-25,8.430000305175781,8.0600004196167,8.119999885559082,8.289999961853027,24163700
2023-08-28,8.420000076293945,8.170000076293945,8.380000114440918,8.229999542236328,17488700
2023-08-29,8.579999923706055,8.15999984741211,8.180000305175781,8.460000038146973,24487400
2023-08-30,8.779999732971191,8.359999656677246,8.460000038146973,8.739999771118164,26123600
2023-08-31,8.869999885559082,8.520000457763672,8.779999732971191,8.65999984741211,26175600
2023-09-01,8.925000190734863,8.720000267028809,8.770000457763672,8.789999961853027,17694500
2023-09-05,8.875,8.619999885559082,8.75,8.75,18906300
2023-09-06,8.8100004196167,8.430000305175781,8.729999542236328,8.539999961853027,23909700
2023-09-07,8.579999923706055,8.220000267028809,8.350000381469727,8.569999694824219,19320700
2023-09-08,8.670000076293945,8.449999809265137,8.539999961853027,8.550000190734863,15045300
2023-09-11,8.920000076293945,8.640000343322754,8.649999618530273,8.899999618530273,19320600
2023-09-12,9.187999725341797,8.789999961853027,8.789999961853027,9.0,25495600
2023-09-13,9.09000015258789,8.770000457763672,9.0,8.800000190734863,16819200
2023-09-14,9.180000305175781,8.859999656677246,8.890000343322754,9.050000190734863,23642000
2023-09-15,9.140000343322754,8.880000114440918,9.0,9.069999694824219,30416800
2023-09-18,9.069999694824219,8.630000114440918,9.050000190734863,8.670000076293945,22678700
2023-09-19,8.869999885559082,8.539999961853027,8.649999618530273,8.619999885559082,18091600
2023-09-20,8.789999961853027,8.3100004196167,8.670000076293945,8.319999694824219,21643900
2023-09-21,8.149999618530273,7.909999847412109,8.109999656677246,7.949999809265137,29426500
2023-09-22,8.050000190734863,7.440000057220459,8.029999732971191,7.539999961853027,38736100
2023-09-25,7.65500020980835,7.400000095367432,7.460000038146973,7.510000228881836,23107800
2023-09-26,7.590000152587891,7.369999885559082,7.400000095367432,7.400000095367432,22544900
2023-09-27,7.6570000648498535,7.389999866485596,7.480000019073486,7.599999904632568,28227000
2023-09-28,7.840000152587891,7.53000020980835,7.599999904632568,7.769999980926514,23539600
2023-09-29,8.300000190734863,7.909999847412109,7.920000076293945,7.989999771118164,28742000
2023-10-02,8.15999984741211,7.800000190734863,8.079999923706055,7.840000152587891,20000300
2023-10-03,7.75,7.179999828338623,7.710000038146973,7.28000020980835,36674900
2023-10-04,7.489999771118164,7.139999866485596,7.409999847412109,7.46999979019165,23978900
2023-10-05,7.710000038146973,7.300000190734863,7.420000076293945,7.650000095367432,17072900
2023-10-06,8.029999732971191,7.5,7.510000228881836,7.989999771118164,23311700
2023-10-09,8.199999809265137,7.769999980926514,7.78000020980835,8.180000305175781,17191900
2023-10-10,8.529999732971191,8.210000038146973,8.25,8.359999656677246,20874200
2023-10-11,8.725000381469727,8.449999809265137,8.449999809265137,8.59000015258789,22512700
2023-10-12,8.664999961853027,8.279999732971191,8.640000343322754,8.390000343322754,22155400
2023-10-13,8.475000381469727,8.0649995803833,8.4399995803833,8.119999885559082,21977600
2023-10-16,8.350000381469727,8.079999923706055,8.239999771118164,8.25,16675200
2023-10-17,8.359999656677246,8.079999923706055,8.100000381469727,8.25,18473600
2023-10-18,8.260000228881836,7.690000057220459,8.1899995803833,7.769999980926514,26281300
2023-10-19,7.980000019073486,7.590000152587891,7.75,7.630000114440918,26767700
2023-10-20,7.679999828338623,7.320000171661377,7.550000190734863,7.369999885559082,27223700
2023-10-23,7.5,6.96999979019165,7.28000020980835,7.260000228881836,29748000
2023-10-24,7.574999809265137,7.260000228881836,7.400000095367432,7.380000114440918,23335900
2023-10-25,7.269999980926514,7.019999980926514,7.239999771118164,7.079999923706055,31058500
2023-10-26,7.170000076293945,6.795000076293945,7.039999961853027,6.900000095367432,47046900
2023-10-27,7.079999923706055,6.849999904632568,7.070000171661377,6.869999885559082,45332100
2023-10-30,7.880000114440918,6.679999828338623,7.599999904632568,6.940000057220459,125927200
2023-10-31,7.570000171661377,7.03000020980835,7.039999961853027,7.550000190734863,63310400
2023-11-01,7.75,7.349999904632568,7.639999866485596,7.579999923706055,42359700
2023-11-02,8.199999809265137,7.880000114440918,7.900000095367432,8.170000076293945,45933900
2023-11-03,8.479999542236328,8.0,8.279999732971191,8.010000228881836,41472500
2023-11-06,8.0600004196167,7.369999885559082,8.050000190734863,7.489999771118164,46262100
2023-11-07,7.599999904632568,7.329999923706055,7.5,7.420000076293945,34068100
2023-11-08,7.394999980926514,7.119999885559082,7.380000114440918,7.309999942779541,28150800
2023-11-09,7.170000076293945,6.570000171661377,7.159999847412109,6.849999904632568,86607400
2023-11-10,6.949999809265137,6.739999771118164,6.920000076293945,6.940000057220459,29494800
