Date,High_STLAP.PA,Low_STLAP.PA,Open_STLAP.PA,Close_STLAP.PA,Volume_STLAP.PA
2020-02-18,6.889999866485596,6.889999866485596,6.889999866485596,6.889999866485596,0
2020-02-19,6.889999866485596,6.889999866485596,6.889999866485596,6.889999866485596,0
2020-02-20,6.889999866485596,6.889999866485596,6.889999866485596,6.889999866485596,0
2020-02-21,6.889999866485596,6.889999866485596,6.889999866485596,6.889999866485596,0
2020-02-24,6.889999866485596,6.889999866485596,6.889999866485596,6.889999866485596,0
2020-02-25,6.889999866485596,6.889999866485596,6.889999866485596,6.889999866485596,0
2020-02-26,6.889999866485596,6.889999866485596,6.889999866485596,6.889999866485596,0
2020-02-27,6.889999866485596,6.889999866485596,6.889999866485596,6.889999866485596,0
2020-02-28,6.889999866485596,6.889999866485596,6.889999866485596,6.889999866485596,0
2020-03-02,6.889999866485596,6.889999866485596,6.889999866485596,6.889999866485596,0
2020-03-03,6.889999866485596,6.889999866485596,6.889999866485596,6.889999866485596,0
2020-03-04,6.889999866485596,6.889999866485596,6.889999866485596,6.889999866485596,0
2020-03-05,6.889999866485596,6.889999866485596,6.889999866485596,6.889999866485596,0
2020-03-06,6.889999866485596,6.889999866485596,6.889999866485596,6.889999866485596,0
2020-03-09,6.889999866485596,6.889999866485596,6.889999866485596,6.889999866485596,0
2020-03-10,6.889999866485596,6.889999866485596,6.889999866485596,6.889999866485596,0
2020-03-11,6.889999866485596,6.889999866485596,6.889999866485596,6.889999866485596,0
2020-03-12,6.889999866485596,6.889999866485596,6.889999866485596,6.889999866485596,0
2020-03-13,6.889999866485596,6.889999866485596,6.889999866485596,6.889999866485596,0
2020-03-16,6.889999866485596,6.889999866485596,6.889999866485596,6.889999866485596,0
2020-03-17,6.889999866485596,6.889999866485596,6.889999866485596,6.889999866485596,0
2020-03-18,6.889999866485596,6.889999866485596,6.889999866485596,6.889999866485596,0
2020-03-19,6.889999866485596,6.889999866485596,6.889999866485596,6.889999866485596,0
2020-03-20,6.889999866485596,6.889999866485596,6.889999866485596,6.889999866485596,0
2020-03-23,6.889999866485596,6.889999866485596,6.889999866485596,6.889999866485596,0
2020-03-24,6.889999866485596,6.889999866485596,6.889999866485596,6.889999866485596,0
2020-03-25,6.889999866485596,6.889999866485596,6.889999866485596,6.889999866485596,0
2020-03-26,6.889999866485596,6.889999866485596,6.889999866485596,6.889999866485596,0
2020-03-27,6.889999866485596,6.889999866485596,6.889999866485596,6.889999866485596,0
2020-03-30,6.889999866485596,6.889999866485596,6.889999866485596,6.889999866485596,0
2020-03-31,6.889999866485596,6.889999866485596,6.889999866485596,6.889999866485596,0
2020-04-01,6.889999866485596,6.889999866485596,6.889999866485596,6.889999866485596,0
2020-04-02,6.889999866485596,6.889999866485596,6.889999866485596,6.889999866485596,0
2020-04-03,6.889999866485596,6.889999866485596,6.889999866485596,6.889999866485596,0
2020-04-06,6.889999866485596,6.889999866485596,6.889999866485596,6.889999866485596,0
2020-04-07,6.889999866485596,6.889999866485596,6.889999866485596,6.889999866485596,0
2020-04-08,6.889999866485596,6.889999866485596,6.889999866485596,6.889999866485596,0
2020-04-09,6.889999866485596,6.889999866485596,6.889999866485596,6.889999866485596,0
2020-04-14,6.889999866485596,6.889999866485596,6.889999866485596,6.889999866485596,0
2020-04-15,6.889999866485596,6.889999866485596,6.889999866485596,6.889999866485596,0
2020-04-16,6.889999866485596,6.889999866485596,6.889999866485596,6.889999866485596,0
2020-04-17,6.889999866485596,6.889999866485596,6.889999866485596,6.889999866485596,0
2020-04-20,6.889999866485596,6.889999866485596,6.889999866485596,6.889999866485596,0
2020-04-21,6.889999866485596,6.889999866485596,6.889999866485596,6.889999866485596,0
2020-04-22,6.889999866485596,6.889999866485596,6.889999866485596,6.889999866485596,0
2020-04-23,6.889999866485596,6.889999866485596,6.889999866485596,6.889999866485596,0
2020-04-24,6.889999866485596,6.889999866485596,6.889999866485596,6.889999866485596,0
2020-04-27,6.889999866485596,6.889999866485596,6.889999866485596,6.889999866485596,0
2020-04-28,6.889999866485596,6.889999866485596,6.889999866485596,6.889999866485596,0
2020-04-29,6.889999866485596,6.889999866485596,6.889999866485596,6.889999866485596,0
2020-04-30,6.889999866485596,6.889999866485596,6.889999866485596,6.889999866485596,0
2020-05-04,6.536244869232178,6.536244869232178,6.536244869232178,6.536244869232178,0
2020-05-05,6.536244869232178,6.536244869232178,6.536244869232178,6.536244869232178,0
2020-05-06,6.536244869232178,6.536244869232178,6.536244869232178,6.536244869232178,0
2020-05-07,6.536244869232178,6.536244869232178,6.536244869232178,6.536244869232178,0
2020-05-08,6.536244869232178,6.536244869232178,6.536244869232178,6.536244869232178,0
2020-05-11,6.536244869232178,6.536244869232178,6.536244869232178,6.536244869232178,0
2020-05-12,6.536244869232178,6.536244869232178,6.536244869232178,6.536244869232178,0
2020-05-13,6.536244869232178,6.536244869232178,6.536244869232178,6.536244869232178,0
2020-05-14,6.536244869232178,6.536244869232178,6.536244869232178,6.536244869232178,0
2020-05-15,6.536244869232178,6.536244869232178,6.536244869232178,6.536244869232178,0
2020-05-18,6.536244869232178,6.536244869232178,6.536244869232178,6.536244869232178,0
2020-05-19,6.536244869232178,6.536244869232178,6.536244869232178,6.536244869232178,0
2020-05-20,6.536244869232178,6.536244869232178,6.536244869232178,6.536244869232178,0
2020-05-21,6.536244869232178,6.536244869232178,6.536244869232178,6.536244869232178,0
2020-05-22,6.536244869232178,6.536244869232178,6.536244869232178,6.536244869232178,0
2020-05-25,6.536244869232178,6.536244869232178,6.536244869232178,6.536244869232178,0
2020-05-26,6.536244869232178,6.536244869232178,6.536244869232178,6.536244869232178,0
2020-05-27,6.536244869232178,6.536244869232178,6.536244869232178,6.536244869232178,0
2020-05-28,6.536244869232178,6.536244869232178,6.536244869232178,6.536244869232178,0
2020-05-29,6.536244869232178,6.536244869232178,6.536244869232178,6.536244869232178,0
2020-06-01,6.536244869232178,6.536244869232178,6.536244869232178,6.536244869232178,0
2020-06-02,6.536244869232178,6.536244869232178,6.536244869232178,6.536244869232178,0
2020-06-03,6.536244869232178,6.536244869232178,6.536244869232178,6.536244869232178,0
2020-06-04,6.536244869232178,6.536244869232178,6.536244869232178,6.536244869232178,0
2020-06-05,6.536244869232178,6.536244869232178,6.536244869232178,6.536244869232178,0
2020-06-08,6.536244869232178,6.536244869232178,6.536244869232178,6.536244869232178,0
2020-06-09,6.536244869232178,6.536244869232178,6.536244869232178,6.536244869232178,0
2020-06-10,6.536244869232178,6.536244869232178,6.536244869232178,6.536244869232178,0
2020-06-11,6.536244869232178,6.536244869232178,6.536244869232178,6.536244869232178,0
2020-06-12,6.536244869232178,6.536244869232178,6.536244869232178,6.536244869232178,0
2020-06-15,6.536244869232178,6.536244869232178,6.536244869232178,6.536244869232178,0
2020-06-16,6.536244869232178,6.536244869232178,6.536244869232178,6.536244869232178,0
2020-06-17,6.536244869232178,6.536244869232178,6.536244869232178,6.536244869232178,0
2020-06-18,6.536244869232178,6.536244869232178,6.536244869232178,6.536244869232178,0
2020-06-19,6.536244869232178,6.536244869232178,6.536244869232178,6.536244869232178,0
2020-06-22,6.536244869232178,6.536244869232178,6.536244869232178,6.536244869232178,0
2020-06-23,6.536244869232178,6.536244869232178,6.536244869232178,6.536244869232178,0
2020-06-24,6.536244869232178,6.536244869232178,6.536244869232178,6.536244869232178,0
2020-06-25,6.536244869232178,6.536244869232178,6.536244869232178,6.536244869232178,0
2020-06-26,6.536244869232178,6.536244869232178,6.536244869232178,6.536244869232178,0
2020-06-29,6.536244869232178,6.536244869232178,6.536244869232178,6.536244869232178,0
2020-06-30,6.536244869232178,6.536244869232178,6.536244869232178,6.536244869232178,0
2020-07-01,6.536244869232178,6.536244869232178,6.536244869232178,6.536244869232178,0
2020-07-02,6.536244869232178,6.536244869232178,6.536244869232178,6.536244869232178,0
2020-07-03,6.536244869232178,6.536244869232178,6.536244869232178,6.536244869232178,0
2020-07-06,6.536244869232178,6.536244869232178,6.536244869232178,6.536244869232178,0
2020-07-07,6.536244869232178,6.536244869232178,6.536244869232178,6.536244869232178,0
2020-07-08,6.536244869232178,6.536244869232178,6.536244869232178,6.536244869232178,0
2020-07-09,6.536244869232178,6.536244869232178,6.536244869232178,6.536244869232178,0
2020-07-10,6.536244869232178,6.536244869232178,6.536244869232178,6.536244869232178,0
2020-07-13,6.536244869232178,6.536244869232178,6.536244869232178,6.536244869232178,0
2020-07-14,6.536244869232178,6.536244869232178,6.536244869232178,6.536244869232178,0
2020-07-15,6.536244869232178,6.536244869232178,6.536244869232178,6.536244869232178,0
2020-07-16,6.536244869232178,6.536244869232178,6.536244869232178,6.536244869232178,0
2020-07-17,6.536244869232178,6.536244869232178,6.536244869232178,6.536244869232178,0
2020-07-20,6.536244869232178,6.536244869232178,6.536244869232178,6.536244869232178,0
2020-07-21,6.536244869232178,6.536244869232178,6.536244869232178,6.536244869232178,0
2020-07-22,6.536244869232178,6.536244869232178,6.536244869232178,6.536244869232178,0
2020-07-23,6.536244869232178,6.536244869232178,6.536244869232178,6.536244869232178,0
2020-07-24,6.536244869232178,6.536244869232178,6.536244869232178,6.536244869232178,0
2020-07-27,6.536244869232178,6.536244869232178,6.536244869232178,6.536244869232178,0
2020-07-28,6.536244869232178,6.536244869232178,6.536244869232178,6.536244869232178,0
2020-07-29,6.536244869232178,6.536244869232178,6.536244869232178,6.536244869232178,0
2020-07-30,6.536244869232178,6.536244869232178,6.536244869232178,6.536244869232178,0
2020-07-31,6.536244869232178,6.536244869232178,6.536244869232178,6.536244869232178,0
2020-08-03,6.536244869232178,6.536244869232178,6.536244869232178,6.536244869232178,0
2020-08-04,6.536244869232178,6.536244869232178,6.536244869232178,6.536244869232178,0
2020-08-05,6.536244869232178,6.536244869232178,6.536244869232178,6.536244869232178,0
2020-08-06,6.536244869232178,6.536244869232178,6.536244869232178,6.536244869232178,0
2020-08-07,6.536244869232178,6.536244869232178,6.536244869232178,6.536244869232178,0
2020-08-10,6.536244869232178,6.536244869232178,6.536244869232178,6.536244869232178,0
2020-08-11,6.536244869232178,6.536244869232178,6.536244869232178,6.536244869232178,0
2020-08-12,6.536244869232178,6.536244869232178,6.536244869232178,6.536244869232178,0
2020-08-13,6.536244869232178,6.536244869232178,6.536244869232178,6.536244869232178,0
2020-08-14,6.536244869232178,6.536244869232178,6.536244869232178,6.536244869232178,0
2020-08-17,6.536244869232178,6.536244869232178,6.536244869232178,6.536244869232178,0
2020-08-18,6.536244869232178,6.536244869232178,6.536244869232178,6.536244869232178,0
2020-08-19,6.536244869232178,6.536244869232178,6.536244869232178,6.536244869232178,0
2020-08-20,6.536244869232178,6.536244869232178,6.536244869232178,6.536244869232178,0
2020-08-21,6.536244869232178,6.536244869232178,6.536244869232178,6.536244869232178,0
2020-08-24,6.536244869232178,6.536244869232178,6.536244869232178,6.536244869232178,0
2020-08-25,6.536244869232178,6.536244869232178,6.536244869232178,6.536244869232178,0
2020-08-26,6.536244869232178,6.536244869232178,6.536244869232178,6.536244869232178,0
2020-08-27,6.536244869232178,6.536244869232178,6.536244869232178,6.536244869232178,0
2020-08-28,6.536244869232178,6.536244869232178,6.536244869232178,6.536244869232178,0
2020-08-31,6.536244869232178,6.536244869232178,6.536244869232178,6.536244869232178,0
2020-09-01,6.536244869232178,6.536244869232178,6.536244869232178,6.536244869232178,0
2020-09-02,6.536244869232178,6.536244869232178,6.536244869232178,6.536244869232178,0
2020-09-03,6.536244869232178,6.536244869232178,6.536244869232178,6.536244869232178,0
2020-09-04,6.536244869232178,6.536244869232178,6.536244869232178,6.536244869232178,0
2020-09-07,6.536244869232178,6.536244869232178,6.536244869232178,6.536244869232178,0
2020-09-08,6.536244869232178,6.536244869232178,6.536244869232178,6.536244869232178,0
2020-09-09,6.536244869232178,6.536244869232178,6.536244869232178,6.536244869232178,0
2020-09-10,6.536244869232178,6.536244869232178,6.536244869232178,6.536244869232178,0
2020-09-11,6.536244869232178,6.536244869232178,6.536244869232178,6.536244869232178,0
2020-09-14,6.536244869232178,6.536244869232178,6.536244869232178,6.536244869232178,0
2020-09-15,6.536244869232178,6.536244869232178,6.536244869232178,6.536244869232178,0
2020-09-16,6.536244869232178,6.536244869232178,6.536244869232178,6.536244869232178,0
2020-09-17,6.536244869232178,6.536244869232178,6.536244869232178,6.536244869232178,0
2020-09-18,6.536244869232178,6.536244869232178,6.536244869232178,6.536244869232178,0
2020-09-21,6.536244869232178,6.536244869232178,6.536244869232178,6.536244869232178,0
2020-09-22,6.536244869232178,6.536244869232178,6.536244869232178,6.536244869232178,0
2020-09-23,6.536244869232178,6.536244869232178,6.536244869232178,6.536244869232178,0
2020-09-24,6.536244869232178,6.536244869232178,6.536244869232178,6.536244869232178,0
2020-09-25,6.536244869232178,6.536244869232178,6.536244869232178,6.536244869232178,0
2020-09-28,6.536244869232178,6.536244869232178,6.536244869232178,6.536244869232178,0
2020-09-29,6.536244869232178,6.536244869232178,6.536244869232178,6.536244869232178,0
2020-09-30,6.536244869232178,6.536244869232178,6.536244869232178,6.536244869232178,0
2020-10-01,6.536244869232178,6.536244869232178,6.536244869232178,6.536244869232178,0
2020-10-02,6.536244869232178,6.536244869232178,6.536244869232178,6.536244869232178,0
2020-10-05,6.536244869232178,6.536244869232178,6.536244869232178,6.536244869232178,0
2020-10-06,6.536244869232178,6.536244869232178,6.536244869232178,6.536244869232178,0
2020-10-07,6.536244869232178,6.536244869232178,6.536244869232178,6.536244869232178,0
2020-10-08,6.536244869232178,6.536244869232178,6.536244869232178,6.536244869232178,0
2020-10-09,6.536244869232178,6.536244869232178,6.536244869232178,6.536244869232178,0
2020-10-12,6.536244869232178,6.536244869232178,6.536244869232178,6.536244869232178,0
2020-10-13,6.536244869232178,6.536244869232178,6.536244869232178,6.536244869232178,0
2020-10-14,6.536244869232178,6.536244869232178,6.536244869232178,6.536244869232178,0
2020-10-15,6.536244869232178,6.536244869232178,6.536244869232178,6.536244869232178,0
2020-10-16,6.536244869232178,6.536244869232178,6.536244869232178,6.536244869232178,0
2020-10-19,6.536244869232178,6.536244869232178,6.536244869232178,6.536244869232178,0
2020-10-20,6.536244869232178,6.536244869232178,6.536244869232178,6.536244869232178,0
2020-10-21,6.536244869232178,6.536244869232178,6.536244869232178,6.536244869232178,0
2020-10-22,6.536244869232178,6.536244869232178,6.536244869232178,6.536244869232178,0
2020-10-23,6.536244869232178,6.536244869232178,6.536244869232178,6.536244869232178,0
2020-10-26,6.536244869232178,6.536244869232178,6.536244869232178,6.536244869232178,0
2020-10-27,6.536244869232178,6.536244869232178,6.536244869232178,6.536244869232178,0
2020-10-28,6.536244869232178,6.536244869232178,6.536244869232178,6.536244869232178,0
2020-10-29,6.536244869232178,6.536244869232178,6.536244869232178,6.536244869232178,0
2020-10-30,6.536244869232178,6.536244869232178,6.536244869232178,6.536244869232178,0
2020-11-02,6.536244869232178,6.536244869232178,6.536244869232178,6.536244869232178,0
2020-11-03,6.536244869232178,6.536244869232178,6.536244869232178,6.536244869232178,0
2020-11-04,6.536244869232178,6.536244869232178,6.536244869232178,6.536244869232178,0
2020-11-05,6.536244869232178,6.536244869232178,6.536244869232178,6.536244869232178,0
2020-11-06,6.536244869232178,6.536244869232178,6.536244869232178,6.536244869232178,0
2020-11-09,6.536244869232178,6.536244869232178,6.536244869232178,6.536244869232178,0
2020-11-10,6.536244869232178,6.536244869232178,6.536244869232178,6.536244869232178,0
2020-11-11,6.536244869232178,6.536244869232178,6.536244869232178,6.536244869232178,0
2020-11-12,6.536244869232178,6.536244869232178,6.536244869232178,6.536244869232178,0
2020-11-13,6.536244869232178,6.536244869232178,6.536244869232178,6.536244869232178,0
2020-11-16,6.536244869232178,6.536244869232178,6.536244869232178,6.536244869232178,0
2020-11-17,6.536244869232178,6.536244869232178,6.536244869232178,6.536244869232178,0
2020-11-18,6.536244869232178,6.536244869232178,6.536244869232178,6.536244869232178,0
2020-11-19,6.536244869232178,6.536244869232178,6.536244869232178,6.536244869232178,0
2020-11-20,6.536244869232178,6.536244869232178,6.536244869232178,6.536244869232178,0
2020-11-23,6.536244869232178,6.536244869232178,6.536244869232178,6.536244869232178,0
2020-11-24,6.536244869232178,6.536244869232178,6.536244869232178,6.536244869232178,0
2020-11-25,6.536244869232178,6.536244869232178,6.536244869232178,6.536244869232178,0
2020-11-26,6.536244869232178,6.536244869232178,6.536244869232178,6.536244869232178,0
2020-11-27,6.536244869232178,6.536244869232178,6.536244869232178,6.536244869232178,0
2020-11-30,6.536244869232178,6.536244869232178,6.536244869232178,6.536244869232178,0
2020-12-01,6.536244869232178,6.536244869232178,6.536244869232178,6.536244869232178,0
2020-12-02,6.536244869232178,6.536244869232178,6.536244869232178,6.536244869232178,0
2020-12-03,6.536244869232178,6.536244869232178,6.536244869232178,6.536244869232178,0
2020-12-04,6.536244869232178,6.536244869232178,6.536244869232178,6.536244869232178,0
2020-12-07,6.536244869232178,6.536244869232178,6.536244869232178,6.536244869232178,0
2020-12-08,6.536244869232178,6.536244869232178,6.536244869232178,6.536244869232178,0
2020-12-09,6.536244869232178,6.536244869232178,6.536244869232178,6.536244869232178,0
2020-12-10,6.536244869232178,6.536244869232178,6.536244869232178,6.536244869232178,0
2020-12-11,6.536244869232178,6.536244869232178,6.536244869232178,6.536244869232178,0
2020-12-14,6.536244869232178,6.536244869232178,6.536244869232178,6.536244869232178,0
2020-12-15,6.536244869232178,6.536244869232178,6.536244869232178,6.536244869232178,0
2020-12-16,6.536244869232178,6.536244869232178,6.536244869232178,6.536244869232178,0
2020-12-17,6.536244869232178,6.536244869232178,6.536244869232178,6.536244869232178,0
2020-12-18,6.536244869232178,6.536244869232178,6.536244869232178,6.536244869232178,0
2020-12-21,6.536244869232178,6.536244869232178,6.536244869232178,6.536244869232178,0
2020-12-22,6.536244869232178,6.536244869232178,6.536244869232178,6.536244869232178,0
2020-12-23,6.536244869232178,6.536244869232178,6.536244869232178,6.536244869232178,0
2020-12-24,6.536244869232178,6.536244869232178,6.536244869232178,6.536244869232178,0
2020-12-28,6.536244869232178,6.536244869232178,6.536244869232178,6.536244869232178,0
2020-12-29,6.536244869232178,6.536244869232178,6.536244869232178,6.536244869232178,0
2020-12-30,6.536244869232178,6.536244869232178,6.536244869232178,6.536244869232178,0
2020-12-31,6.536244869232178,6.536244869232178,6.536244869232178,6.536244869232178,0
2021-01-04,6.536244869232178,6.536244869232178,6.536244869232178,6.536244869232178,0
2021-01-05,6.536244869232178,6.536244869232178,6.536244869232178,6.536244869232178,0
2021-01-06,6.536244869232178,6.536244869232178,6.536244869232178,6.536244869232178,0
2021-01-07,6.536244869232178,6.536244869232178,6.536244869232178,6.536244869232178,0
2021-01-08,6.536244869232178,6.536244869232178,6.536244869232178,6.536244869232178,0
2021-01-11,6.536244869232178,6.536244869232178,6.536244869232178,6.536244869232178,0
2021-01-12,6.536244869232178,6.536244869232178,6.536244869232178,6.536244869232178,0
2021-01-13,6.536244869232178,6.536244869232178,6.536244869232178,6.536244869232178,0
2021-01-14,6.536244869232178,6.536244869232178,6.536244869232178,6.536244869232178,0
2021-01-15,6.536244869232178,6.536244869232178,6.536244869232178,6.536244869232178,0
2021-01-18,12.935884475708008,12.15229320526123,12.209212303161621,12.75184440612793,8116612
2021-01-19,13.518359184265137,13.04403018951416,13.16735553741455,13.148383140563965,15509722
2021-01-20,13.457645416259766,13.161664009094238,13.442465782165527,13.190123558044434,8337097
2021-01-21,13.39503288269043,12.933985710144043,13.281194686889648,12.933985710144043,12044383
2021-01-22,12.87137508392334,12.434992790222168,12.806865692138672,12.522269248962402,12064903
2021-01-25,12.757535934448242,11.877182960510254,12.62282657623291,11.95876693725586,11305713
2021-01-26,12.287001609802246,11.877182960510254,11.896156311035156,12.178854942321777,8066455
2021-01-27,12.332537651062012,11.668478012084961,12.307872772216797,11.761445999145508,12119618
2021-01-28,12.065016746520996,11.344037055969238,11.649504661560059,12.038454055786133,7786167
2021-01-29,12.099167823791504,11.670374870300293,11.873388290405273,11.871491432189941,7423603
2021-02-01,12.09537410736084,11.803187370300293,12.066913604736328,11.951177597045898,4416840
2021-02-02,12.395149230957031,12.051734924316406,12.08588695526123,12.300284385681152,5271528
2021-02-03,12.712000846862793,12.266132354736328,12.632312774658203,12.332537651062012,5593384
2021-02-04,12.501399040222168,12.262336730957031,12.427404403686523,12.410327911376953,7346556
2021-02-05,12.768919944763184,12.342023849487305,12.45396614074707,12.670260429382324,7248850
2021-02-08,12.99090576171875,12.729076385498047,12.806865692138672,12.897936820983887,3527241
2021-02-09,12.930191993713379,12.715794563293457,12.930191993713379,12.780303955078125,4763287
2021-02-10,12.935884475708008,12.461554527282715,12.856196403503418,12.539344787597656,5396180
2021-02-11,12.806865692138672,12.472938537597656,12.708206176757812,12.486220359802246,5063921
2021-02-12,12.620929718017578,12.357202529907227,12.45017147064209,12.577290534973145,4165660
2021-02-15,12.770816802978516,12.624724388122559,12.641799926757812,12.68923282623291,3506307
2021-02-16,12.835326194763184,12.62662124633789,12.753741264343262,12.808764457702637,3297354
2021-02-17,12.806865692138672,12.45017147064209,12.721487045288086,12.495706558227539,4987883
2021-02-18,12.744255065917969,12.472938537597656,12.5032958984375,12.59057331085205,6680156
2021-02-19,12.723383903503418,12.39704704284668,12.543140411376953,12.693026542663574,6207003
2021-02-22,12.57349681854248,12.368586540222168,12.556421279907227,12.522269248962402,4915899
2021-02-23,12.757535934448242,12.408430099487305,12.531756401062012,12.56021499633789,5502482
2021-02-24,12.913116455078125,12.56021499633789,12.6361083984375,12.888450622558594,5193388
2021-02-25,13.085770606994629,12.844813346862793,12.901732444763184,12.844813346862793,5369135
2021-02-26,12.882759094238281,12.5697021484375,12.712000846862793,12.73476791381836,6549771
2021-03-01,13.279296875,12.911218643188477,12.958650588989258,13.182534217834473,4476282
2021-03-02,13.338113784790039,13.095257759094238,13.165458679199219,13.174944877624512,3960350
2021-03-03,13.60184097290039,13.002289772033691,13.423493385314941,13.146485328674316,7779986
2021-03-04,13.266016006469727,12.820146560668945,13.23945426940918,13.11423110961914,6701655
2021-03-05,13.334319114685059,12.9700345993042,12.996598243713379,12.97762393951416,6517476
2021-03-08,13.751728057861328,13.074386596679688,13.241351127624512,13.730857849121094,5597879
2021-03-09,13.99837875366211,13.65686321258545,13.806751251220703,13.979406356811523,5276591
2021-03-10,14.26779842376709,13.9452543258667,13.964227676391602,14.26779842376709,4781079
2021-03-11,14.664336204528809,14.337998390197754,14.349382400512695,14.43665885925293,7370598
2021-03-12,14.635876655578613,14.347484588623047,14.364561080932617,14.633978843688965,5607455
2021-03-15,15.149999618530273,14.807999610900879,14.9399995803833,14.84000015258789,5929244
2021-03-16,15.053999900817871,14.680000305175781,14.970000267028809,14.732000350952148,4308378
2021-03-17,14.961999893188477,14.649999618530273,14.699999809265137,14.9399995803833,6112930
2021-03-18,15.399999618530273,15.026000022888184,15.133999824523926,15.399999618530273,6446643
2021-03-19,15.229999542236328,14.748000144958496,15.15999984741211,14.850000381469727,20355248
2021-03-22,14.887999534606934,14.569999694824219,14.71399974822998,14.682000160217285,5290848
2021-03-23,14.673999786376953,14.11400032043457,14.640000343322754,14.199999809265137,5609198
2021-03-24,14.411999702453613,13.989999771118164,14.116000175476074,14.185999870300293,4644497
2021-03-25,14.413999557495117,14.067999839782715,14.100000381469727,14.407999992370605,3626972
2021-03-26,14.633999824523926,14.423999786376953,14.628000259399414,14.612000465393066,3347923
2021-03-29,14.784000396728516,14.526000022888184,14.699999809265137,14.640000343322754,2626048
2021-03-30,15.12399959564209,14.696000099182129,14.75,15.10200023651123,3343466
2021-03-31,15.27400016784668,15.008000373840332,15.149999618530273,15.079999923706055,4759269
2021-04-01,15.192000389099121,15.005999565124512,15.175999641418457,15.119999885559082,3618268
2021-04-06,15.430000305175781,15.236000061035156,15.32800006866455,15.305999755859375,4081912
2021-04-07,15.446000099182129,15.130000114440918,15.3100004196167,15.246000289916992,2946918
2021-04-08,15.418000221252441,14.815999984741211,15.368000030517578,14.925999641418457,3337244
2021-04-09,15.064000129699707,14.777999877929688,14.989999771118164,14.777999877929688,4367897
2021-04-12,15.088000297546387,14.710000038146973,14.75,14.911999702453613,3188622
2021-04-13,15.223999977111816,14.890000343322754,14.899999618530273,15.152000427246094,3971255
2021-04-14,15.25,14.97599983215332,15.210000038146973,15.053999900817871,2850179
2021-04-15,15.140000343322754,14.96399974822998,15.050000190734863,15.026000022888184,3445387
2021-04-16,15.279999732971191,15.095999717712402,15.119999885559082,15.244000434875488,5353893
2021-04-19,15.178000450134277,14.76200008392334,15.017999649047852,14.803999900817871,4611204
2021-04-20,14.918000221252441,14.145999908447266,14.800000190734863,14.21399974822998,5435186
2021-04-21,14.513999938964844,13.979999542236328,14.253999710083008,14.347999572753906,4642228
2021-04-22,14.461999893188477,14.163999557495117,14.461999893188477,14.387999534606934,3707489
2021-04-23,14.473999977111816,14.248000144958496,14.312000274658203,14.394000053405762,3623502
2021-04-26,14.420000076293945,14.156000137329102,14.390000343322754,14.343999862670898,2731990
2021-04-27,14.381999969482422,14.211999893188477,14.326000213623047,14.307999610900879,3309187
2021-04-28,14.435999870300293,14.25,14.258000373840332,14.40999984741211,2769039
2021-04-29,14.454000473022461,13.732000350952148,14.446000099182129,13.838000297546387,5874362
2021-04-30,14.043999671936035,13.765999794006348,13.920000076293945,13.807999610900879,4768487
2021-05-03,14.045999526977539,13.784000396728516,13.819999694824219,14.027999877929688,2423147
2021-05-04,14.180000305175781,13.758000373840332,14.010000228881836,13.90999984741211,5004871
2021-05-05,14.887999534606934,13.960000038146973,14.093999862670898,14.887999534606934,7437575
2021-05-06,15.008000373840332,14.694000244140625,14.899999618530273,14.918000221252441,3693161
2021-05-07,15.052000045776367,14.817999839782715,15.0,14.944000244140625,4327314
2021-05-10,15.140000343322754,14.979999542236328,15.0,15.100000381469727,2422958
2021-05-11,15.027999877929688,14.538000106811523,14.878000259399414,14.645999908447266,4861339
2021-05-12,14.793999671936035,14.496000289916992,14.642000198364258,14.723999977111816,2559580
2021-05-13,14.718000411987305,14.168000221252441,14.460000038146973,14.633999824523926,2616241
2021-05-14,14.857999801635742,14.498000144958496,14.803999900817871,14.857999801635742,3058554
2021-05-17,15.116000175476074,14.859999656677246,14.970000267028809,15.095999717712402,3765451
2021-05-18,15.369999885559082,14.970000267028809,15.180000305175781,15.064000129699707,3313785
2021-05-19,15.0600004196167,14.54800033569336,14.95199966430664,14.710000038146973,3416564
2021-05-20,15.01200008392334,14.727999687194824,14.87600040435791,15.01200008392334,2591370
2021-05-21,15.394000053405762,15.034000396728516,15.067999839782715,15.277999877929688,4659128
2021-05-24,15.460000038146973,15.255999565124512,15.326000213623047,15.38599967956543,1257361
2021-05-25,15.600000381469727,15.38599967956543,15.402000427246094,15.446000099182129,2894268
2021-05-26,15.539999961853027,15.317999839782715,15.491999626159668,15.430000305175781,1952663
2021-05-27,16.020000457763672,15.345999717712402,15.394000053405762,16.020000457763672,5548566
2021-05-28,16.191999435424805,15.866000175476074,16.0,16.077999114990234,3875285
2021-05-31,16.36400032043457,16.02400016784668,16.035999298095703,16.253999710083008,1439659
2021-06-01,16.58799934387207,16.29800033569336,16.3439998626709,16.29800033569336,3432095
2021-06-02,16.535999298095703,16.270000457763672,16.3439998626709,16.489999771118164,2503853
2021-06-03,16.72599983215332,16.329999923706055,16.489999771118164,16.667999267578125,3168690
2021-06-04,17.20199966430664,16.68199920654297,16.75,17.15399932861328,3355547
2021-06-07,17.5,17.1200008392334,17.18000030517578,17.441999435424805,4089687
2021-06-08,17.554000854492188,17.224000930786133,17.437999725341797,17.420000076293945,4279657
2021-06-09,17.54800033569336,17.118000030517578,17.459999084472656,17.22599983215332,3792598
2021-06-10,17.214000701904297,16.658000946044922,17.100000381469727,17.0,4177236
2021-06-11,17.18400001525879,16.88800048828125,16.898000717163086,17.166000366210938,3698817
2021-06-14,17.29800033569336,16.88800048828125,17.239999771118164,16.941999435424805,3524590
2021-06-15,17.052000045776367,16.871999740600586,16.940000534057617,16.878000259399414,1996503
2021-06-16,17.076000213623047,16.695999145507812,16.98200035095215,16.902000427246094,3080269
2021-06-17,17.148000717163086,16.884000778198242,16.95199966430664,16.95599937438965,2554734
2021-06-18,17.09600067138672,16.45199966430664,16.899999618530273,16.472000122070312,4552711
2021-06-21,17.038000106811523,16.106000900268555,16.284000396728516,17.007999420166016,3054151
2021-06-22,17.148000717163086,16.9060001373291,17.076000213623047,16.979999542236328,1723114
2021-06-23,17.284000396728516,16.95800018310547,17.13599967956543,16.95800018310547,2494678
2021-06-24,17.152000427246094,16.93199920654297,17.049999237060547,17.00200080871582,2307034
2021-06-25,17.148000717163086,16.920000076293945,17.100000381469727,17.030000686645508,1789261
2021-06-28,17.142000198364258,16.836000442504883,17.040000915527344,16.836000442504883,2372690
2021-06-29,17.040000915527344,16.785999298095703,16.893999099731445,16.785999298095703,3249138
2021-06-30,16.902000427246094,16.360000610351562,16.79800033569336,16.540000915527344,3906559
2021-07-01,16.736000061035156,16.51799964904785,16.676000595092773,16.68000030517578,2589918
2021-07-02,16.836000442504883,16.624000549316406,16.76799964904785,16.68199920654297,2003339
2021-07-05,16.968000411987305,16.5,16.600000381469727,16.941999435424805,2818806
2021-07-06,17.1299991607666,16.6560001373291,16.97599983215332,16.709999084472656,3349864
2021-07-07,16.989999771118164,16.441999435424805,16.799999237060547,16.582000732421875,3385289
2021-07-08,16.506000518798828,15.87600040435791,16.479999542236328,16.049999237060547,4901497
2021-07-09,16.506000518798828,16.145999908447266,16.176000595092773,16.47800064086914,3628468
2021-07-12,16.56999969482422,16.280000686645508,16.510000228881836,16.469999313354492,2574174
2021-07-13,16.51799964904785,16.187999725341797,16.47800064086914,16.242000579833984,2202712
2021-07-14,16.441999435424805,16.115999221801758,16.149999618530273,16.25,1992150
2021-07-15,16.229999542236328,15.89799976348877,16.13800048828125,16.013999938964844,2668692
2021-07-16,16.040000915527344,15.637999534606934,15.947999954223633,15.697999954223633,2906114
2021-07-19,15.60200023651123,14.868000030517578,15.5,15.116000175476074,4455315
2021-07-20,15.345999717712402,14.935999870300293,15.12399959564209,15.180000305175781,3782975
2021-07-21,15.779999732971191,15.211999893188477,15.277999877929688,15.680000305175781,2979829
2021-07-22,15.911999702453613,15.545999526977539,15.850000381469727,15.569999694824219,1812265
2021-07-23,15.925999641418457,15.657999992370605,15.744000434875488,15.723999977111816,1574938
2021-07-26,15.961999893188477,15.180000305175781,15.644000053405762,15.899999618530273,1292545
2021-07-27,15.833999633789062,15.649999618530273,15.833999633789062,15.684000015258789,1047104
2021-07-28,15.878000259399414,15.630000114440918,15.6899995803833,15.824000358581543,1201086
2021-07-29,16.402000427246094,15.87399959564209,15.895999908447266,16.336000442504883,2979200
2021-07-30,16.299999237060547,15.899999618530273,16.187999725341797,16.190000534057617,2037054
2021-08-02,16.554000854492188,16.261999130249023,16.350000381469727,16.374000549316406,2022745
2021-08-03,17.222000122070312,16.826000213623047,17.0,17.04599952697754,4756049
2021-08-04,17.506000518798828,17.107999801635742,17.110000610351562,17.422000885009766,3897277
2021-08-05,17.610000610351562,17.281999588012695,17.399999618530273,17.426000595092773,2440308
2021-08-06,17.986000061035156,17.441999435424805,17.441999435424805,17.832000732421875,3232755
2021-08-09,18.143999099731445,17.854000091552734,17.899999618530273,17.95199966430664,2948355
2021-08-10,18.030000686645508,17.893999099731445,17.959999084472656,17.950000762939453,2200582
2021-08-11,18.06999969482422,17.881999969482422,17.979999542236328,18.01799964904785,2195289
2021-08-12,18.49799919128418,18.04400062561035,18.079999923706055,18.464000701904297,2930017
2021-08-13,18.729999542236328,18.469999313354492,18.469999313354492,18.583999633789062,2260163
2021-08-16,18.59600067138672,18.1200008392334,18.323999404907227,18.329999923706055,2111404
2021-08-17,18.239999771118164,17.829999923706055,18.209999084472656,17.829999923706055,2772495
2021-08-18,18.013999938964844,17.694000244140625,17.892000198364258,17.961999893188477,2362899
2021-08-19,17.694000244140625,17.209999084472656,17.600000381469727,17.351999282836914,4014138
2021-08-20,17.393999099731445,17.02199935913086,17.299999237060547,17.148000717163086,2779074
2021-08-23,17.600000381469727,17.100000381469727,17.45800018310547,17.197999954223633,2080038
2021-08-24,17.389999389648438,17.086000442504883,17.3700008392334,17.25200080871582,1597428
2021-08-25,17.36400032043457,17.15999984741211,17.32200050354004,17.280000686645508,1781353
2021-08-26,17.31999969482422,17.055999755859375,17.1560001373291,17.055999755859375,4516543
2021-08-27,17.209999084472656,17.031999588012695,17.055999755859375,17.15399932861328,2101398
2021-08-30,17.280000686645508,17.013999938964844,17.22800064086914,17.013999938964844,2330394
2021-08-31,17.101999282836914,16.770000457763672,17.02400016784668,16.937999725341797,3771020
2021-09-01,17.118000030517578,16.784000396728516,17.100000381469727,16.833999633789062,2204675
2021-09-02,17.131999969482422,16.881999969482422,16.923999786376953,17.131999969482422,1903213
2021-09-03,17.332000732421875,17.062000274658203,17.18000030517578,17.139999389648438,2160405
2021-09-06,17.302000045776367,17.13599967956543,17.194000244140625,17.236000061035156,1112574
2021-09-07,17.280000686645508,16.969999313354492,17.200000762939453,17.100000381469727,1497803
2021-09-08,16.850000381469727,16.576000213623047,16.850000381469727,16.621999740600586,3252154
2021-09-09,16.718000411987305,16.38599967956543,16.5,16.68199920654297,3267568
2021-09-10,16.950000762939453,16.68199920654297,16.77400016784668,16.70199966430664,1724656
2021-09-13,16.91200065612793,16.63800048828125,16.70800018310547,16.865999221801758,2523852
2021-09-14,17.17799949645996,16.889999389648438,16.93400001525879,16.959999084472656,3234023
2021-09-15,17.441999435424805,17.059999465942383,17.076000213623047,17.3439998626709,2700098
2021-09-16,17.733999252319336,17.3700008392334,17.5,17.413999557495117,3921795
2021-09-17,17.663999557495117,16.950000762939453,17.552000045776367,16.950000762939453,7596465
2021-09-20,16.6560001373291,15.913999557495117,16.624000549316406,16.06800079345703,5793757
2021-09-21,16.34000015258789,15.920000076293945,16.149999618530273,16.025999069213867,2664650
2021-09-22,16.54800033569336,16.131999969482422,16.15999984741211,16.54800033569336,3249524
2021-09-23,16.780000686645508,16.45400047302246,16.709999084472656,16.74799919128418,2783166
2021-09-24,16.898000717163086,16.534000396728516,16.77400016784668,16.785999298095703,1878567
2021-09-27,16.969999313354492,16.687999725341797,16.950000762939453,16.926000595092773,2384309
2021-09-28,17.158000946044922,16.417999267578125,16.95199966430664,16.450000762939453,3959154
2021-09-29,16.75,16.468000411987305,16.516000747680664,16.65399932861328,2108671
2021-09-30,16.90999984741211,16.45800018310547,16.809999465942383,16.576000213623047,2576122
2021-10-01,16.45599937438965,15.949999809265137,16.219999313354492,16.277999877929688,2704734
2021-10-04,16.374000549316406,15.970000267028809,16.20400047302246,16.139999389648438,1887290
2021-10-05,16.610000610351562,16.11199951171875,16.1299991607666,16.552000045776367,2853390
2021-10-06,16.384000778198242,15.777999877929688,16.360000610351562,15.979999542236328,2298082
2021-10-07,16.583999633789062,16.13800048828125,16.18000030517578,16.583999633789062,2508497
2021-10-08,16.739999771118164,16.513999938964844,16.549999237060547,16.676000595092773,2043500
2021-10-11,16.93000030517578,16.558000564575195,16.56999969482422,16.826000213623047,1635398
2021-10-12,16.908000946044922,16.520000457763672,16.54599952697754,16.851999282836914,1624362
2021-10-13,17.288000106811523,16.812000274658203,16.836000442504883,16.81999969482422,2240745
2021-10-14,17.190000534057617,16.884000778198242,16.993999481201172,16.996000289916992,1622223
2021-10-15,17.280000686645508,17.100000381469727,17.1200008392334,17.200000762939453,1556554
2021-10-18,17.266000747680664,16.850000381469727,17.200000762939453,16.881999969482422,2254271
2021-10-19,17.01799964904785,16.736000061035156,16.974000930786133,16.781999588012695,1383430
2021-10-20,16.871999740600586,16.43199920654297,16.799999237060547,16.808000564575195,3203967
2021-10-21,16.992000579833984,16.57200050354004,16.66200065612793,16.878000259399414,1514229
2021-10-22,17.034000396728516,16.450000762939453,16.549999237060547,16.851999282836914,1733487
2021-10-25,17.576000213623047,16.799999237060547,16.81599998474121,17.483999252319336,2525185
2021-10-26,17.700000762939453,17.42799949645996,17.579999923706055,17.54599952697754,2030099
2021-10-27,17.5939998626709,17.336000442504883,17.513999938964844,17.555999755859375,2246859
2021-10-28,17.989999771118164,17.263999938964844,17.600000381469727,17.304000854492188,2980587
2021-10-29,17.275999069213867,16.979999542236328,17.11400032043457,17.238000869750977,2900583
2021-11-01,17.576000213623047,17.215999603271484,17.253999710083008,17.420000076293945,1612615
2021-11-02,17.540000915527344,17.326000213623047,17.336000442504883,17.450000762939453,1297027
2021-11-03,17.597999572753906,17.393999099731445,17.493999481201172,17.527999877929688,1749428
2021-11-04,17.81399917602539,17.525999069213867,17.649999618530273,17.625999450683594,2009116
2021-11-05,17.805999755859375,17.474000930786133,17.554000854492188,17.70400047302246,2215134
2021-11-08,17.695999145507812,17.437999725341797,17.667999267578125,17.549999237060547,1936248
2021-11-09,17.739999771118164,17.426000595092773,17.48200035095215,17.445999145507812,2202719
2021-11-10,17.926000595092773,17.488000869750977,17.493999481201172,17.868000030517578,1906701
2021-11-11,17.95599937438965,17.76799964904785,17.833999633789062,17.860000610351562,4004204
2021-11-12,17.944000244140625,17.687999725341797,17.8799991607666,17.875999450683594,2003370
2021-11-15,18.04199981689453,17.760000228881836,17.8439998626709,17.95400047302246,2029815
2021-11-16,18.20199966430664,17.92799949645996,17.92799949645996,18.076000213623047,2144354
2021-11-17,18.142000198364258,17.874000549316406,18.11199951171875,17.95199966430664,1543712
2021-11-18,18.0939998626709,17.847999572753906,17.950000762939453,17.95800018310547,2056637
2021-11-19,18.034000396728516,17.242000579833984,17.979999542236328,17.510000228881836,5193620
2021-11-22,17.57200050354004,17.299999237060547,17.45800018310547,17.48200035095215,1957968
2021-11-23,17.29599952697754,17.0,17.256000518798828,17.0,3030864
2021-11-24,17.038000106811523,16.506000518798828,17.0,16.79199981689453,3334989
2021-11-25,16.892000198364258,16.58799934387207,16.86199951171875,16.711999893188477,2611631
2021-11-26,16.22599983215332,15.539999961853027,16.040000915527344,15.567999839782715,7164294
2021-11-29,15.887999534606934,15.465999603271484,15.76200008392334,15.53600025177002,4635825
2021-11-30,15.371999740600586,14.90999984741211,15.300000190734863,15.11400032043457,6418330
2021-12-01,16.059999465942383,15.265999794006348,15.381999969482422,15.973999977111816,4552859
2021-12-02,16.214000701904297,15.73799991607666,15.8100004196167,15.96399974822998,3192403
2021-12-03,16.20400047302246,15.652000427246094,16.143999099731445,15.758000373840332,3496221
2021-12-06,16.34000015258789,15.723999977111816,15.824000358581543,16.270000457763672,3449771
2021-12-07,16.988000869750977,16.426000595092773,16.496000289916992,16.868000030517578,4732321
2021-12-08,16.875999450683594,16.299999237060547,16.72800064086914,16.673999786376953,3246200
2021-12-09,16.757999420166016,16.440000534057617,16.649999618530273,16.469999313354492,1957534
2021-12-10,16.709999084472656,16.280000686645508,16.399999618530273,16.506000518798828,2870871
2021-12-13,16.729999542236328,16.33799934387207,16.628000259399414,16.33799934387207,1739792
2021-12-14,16.506000518798828,16.25,16.4060001373291,16.256000518798828,1916245
2021-12-15,16.54800033569336,16.229999542236328,16.426000595092773,16.304000854492188,2533868
2021-12-16,16.91200065612793,16.59600067138672,16.65999984741211,16.833999633789062,2822566
2021-12-17,16.76799964904785,16.33799934387207,16.694000244140625,16.472000122070312,4077677
2021-12-20,16.04199981689453,15.644000053405762,16.0,15.789999961853027,4216221
2021-12-21,16.299999237060547,15.954000473022461,16.097999572753906,16.299999237060547,2077612
2021-12-22,16.440000534057617,16.131999969482422,16.299999237060547,16.440000534057617,1558426
2021-12-23,16.63599967956543,16.469999313354492,16.5,16.555999755859375,1384153
2021-12-24,16.5939998626709,16.420000076293945,16.54599952697754,16.420000076293945,357632
2021-12-27,16.833999633789062,16.444000244140625,16.444000244140625,16.804000854492188,1484967
2021-12-28,17.011999130249023,16.809999465942383,16.8700008392334,16.832000732421875,1558458
2021-12-29,16.899999618530273,16.5939998626709,16.841999053955078,16.709999084472656,1696273
2021-12-30,16.785999298095703,16.615999221801758,16.742000579833984,16.67799949645996,1579505
2021-12-31,16.72800064086914,16.58799934387207,16.670000076293945,16.67799949645996,416576
2022-01-03,17.413999557495117,16.670000076293945,16.670000076293945,17.31399917602539,2473673
2022-01-04,17.83799934387207,17.18400001525879,17.43000030517578,17.709999084472656,3251816
2022-01-05,18.422000885009766,17.68199920654297,17.850000381469727,18.402000427246094,4687973
2022-01-06,18.615999221801758,17.84000015258789,18.09000015258789,18.239999771118164,3284924
2022-01-07,18.5,17.850000381469727,18.3799991607666,17.993999481201172,2709205
2022-01-10,18.270000457763672,17.81800079345703,18.167999267578125,17.8799991607666,2200951
2022-01-11,18.101999282836914,17.850000381469727,17.850000381469727,18.031999588012695,2233108
2022-01-12,18.492000579833984,18.07200050354004,18.200000762939453,18.365999221801758,2846388
2022-01-13,19.0,18.299999237060547,18.299999237060547,19.0,3900609
2022-01-14,19.15399932861328,18.63800048828125,18.893999099731445,18.979999542236328,2865619
2022-01-17,19.327999114990234,19.003999710083008,19.104000091552734,19.139999389648438,2542192
2022-01-18,19.20599937438965,18.76799964904785,19.100000381469727,19.100000381469727,3012353
2022-01-19,19.347999572753906,18.760000228881836,18.968000411987305,18.993999481201172,3055227
2022-01-20,19.214000701904297,18.507999420166016,18.908000946044922,18.784000396728516,3864018
2022-01-21,18.302000045776367,17.770000457763672,18.02199935913086,18.110000610351562,7642977
2022-01-24,18.097999572753906,16.763999938964844,17.996000289916992,16.763999938964844,6713959
2022-01-25,17.083999633789062,16.3799991607666,17.06399917602539,16.591999053955078,5663093
2022-01-26,17.459999084472656,16.663999557495117,16.700000762939453,17.399999618530273,5524496
2022-01-27,17.79800033569336,17.010000228881836,17.284000396728516,17.54599952697754,5412430
2022-01-28,17.38800048828125,16.833999633789062,17.350000381469727,17.06800079345703,4466984
2022-01-31,17.600000381469727,16.804000854492188,17.365999221801758,16.968000411987305,3611074
2022-02-01,17.3799991607666,17.106000900268555,17.152000427246094,17.3439998626709,3399335
2022-02-02,17.628000259399414,17.350000381469727,17.43000030517578,17.47800064086914,3610080
2022-02-03,17.628000259399414,17.332000732421875,17.43600082397461,17.3799991607666,2578067
2022-02-04,17.408000946044922,16.341999053955078,17.34000015258789,16.45599937438965,6024708
2022-02-07,16.780000686645508,16.309999465942383,16.700000762939453,16.309999465942383,3602417
2022-02-08,16.72599983215332,16.211999893188477,16.309999465942383,16.43199920654297,3243358
2022-02-09,17.131999969482422,16.576000213623047,16.610000610351562,17.101999282836914,3214087
2022-02-10,17.200000762939453,16.742000579833984,17.197999954223633,16.950000762939453,3864238
2022-02-11,17.010000228881836,16.61199951171875,16.649999618530273,16.757999420166016,3489592
2022-02-14,16.43400001525879,15.838000297546387,16.219999313354492,16.33799934387207,5771013
2022-02-15,17.02199935913086,16.18199920654297,16.209999084472656,17.016000747680664,4041448
2022-02-16,17.281999588012695,17.02400016784668,17.148000717163086,17.172000885009766,3258286
2022-02-17,17.215999603271484,16.719999313354492,17.139999389648438,16.86400032043457,3888609
2022-02-18,17.06399917602539,16.579999923706055,16.902000427246094,16.70599937438965,3831232
2022-02-21,17.360000610351562,16.06599998474121,16.875999450683594,16.308000564575195,3598444
2022-02-22,16.56599998474121,15.645999908447266,15.784000396728516,16.336000442504883,6552903
2022-02-23,17.507999420166016,16.913999557495117,16.989999771118164,17.077999114990234,8177815
2022-02-24,16.79400062561035,15.711999893188477,16.079999923706055,16.052000045776367,10986359
2022-02-25,16.899999618530273,15.883999824523926,16.440000534057617,16.899999618530273,7198676
2022-02-28,16.493999481201172,15.814000129699707,16.236000061035156,16.384000778198242,8540432
2022-03-01,16.554000854492188,15.23799991607666,16.281999588012695,15.23799991607666,8921125
2022-03-02,15.60200023651123,14.736000061035156,15.095999717712402,15.411999702453613,8006261
2022-03-03,15.720000267028809,14.868000030517578,15.529999732971191,14.954000473022461,5787381
2022-03-04,14.843999862670898,13.723999977111816,14.668000221252441,13.814000129699707,9336483
2022-03-07,13.571999549865723,12.15999984741211,12.800000190734863,12.934000015258789,12180840
2022-03-08,13.565999984741211,12.510000228881836,12.569999694824219,12.956000328063965,7026446
2022-03-09,14.498000144958496,13.315999984741211,13.555999755859375,14.498000144958496,8075363
2022-03-10,14.65999984741211,13.36400032043457,14.652000427246094,13.489999771118164,7463526
2022-03-11,14.001999855041504,13.37399959564209,13.682000160217285,13.489999771118164,6738185
2022-03-14,14.267999649047852,13.75,13.925999641418457,14.015999794006348,6279809
2022-03-15,14.29800033569336,13.534000396728516,13.850000381469727,14.156000137329102,4086984
2022-03-16,15.210000038146973,14.479999542236328,14.644000053405762,15.062000274658203,7087181
2022-03-17,15.25,14.442000389099121,15.184000015258789,14.71399974822998,5397695
2022-03-18,14.795999526977539,14.170000076293945,14.75,14.668000221252441,6554971
2022-03-21,14.866000175476074,14.520000457763672,14.668000221252441,14.60200023651123,4729165
2022-03-22,15.029999732971191,14.564000129699707,14.604000091552734,14.821999549865723,3931190
2022-03-23,15.199999809265137,14.407999992370605,15.0,14.588000297546387,4504158
2022-03-24,14.748000144958496,14.319999694824219,14.541999816894531,14.411999702453613,3890713
2022-03-25,14.534000396728516,14.253999710083008,14.5,14.442000389099121,4034920
2022-03-28,14.729999542236328,14.434000015258789,14.5,14.449999809265137,4057781
2022-03-29,15.513999938964844,14.618000030517578,14.67199993133545,15.404000282287598,6184411
2022-03-30,15.404000282287598,15.045999526977539,15.399999618530273,15.163999557495117,3035711
2022-03-31,15.5,14.79800033569336,15.22599983215332,14.79800033569336,4141664
2022-04-01,15.0,14.685999870300293,14.791999816894531,14.777999877929688,3329796
2022-04-04,15.029999732971191,14.46399974822998,14.946000099182129,14.88599967956543,2980212
2022-04-05,14.907999992370605,14.267999649047852,14.899999618530273,14.338000297546387,5069478
2022-04-06,14.319999694824219,13.479999542236328,14.263999938964844,13.704000473022461,6723905
2022-04-07,14.09000015258789,13.538000106811523,13.772000312805176,13.538000106811523,4363767
2022-04-08,14.079999923706055,13.692000389099121,13.965999603271484,13.772000312805176,5442827
2022-04-11,13.973999977111816,13.5,13.621999740600586,13.920000076293945,3659253
2022-04-12,14.119999885559082,13.605999946594238,13.696000099182129,13.866000175476074,3740201
2022-04-13,13.994000434875488,13.649999618530273,13.82800006866455,13.994000434875488,4701453
2022-04-14,14.17199993133545,13.907999992370605,14.039999961853027,14.076000213623047,4690126
2022-04-19,13.51200008392334,13.12600040435791,13.295999526977539,13.350000381469727,6525290
2022-04-20,13.5600004196167,13.263999938964844,13.394000053405762,13.42199993133545,3764875
2022-04-21,13.75,13.354000091552734,13.413999557495117,13.5600004196167,4228256
2022-04-22,13.496000289916992,13.109999656677246,13.378000259399414,13.130000114440918,4277201
2022-04-25,13.003999710083008,12.649999618530273,12.947999954223633,12.836000442504883,4766530
2022-04-26,13.109999656677246,12.37399959564209,13.095999717712402,12.390000343322754,4914710
2022-04-27,12.696000099182129,12.09000015258789,12.5,12.645999908447266,4572858
2022-04-28,13.1899995803833,12.576000213623047,12.802000045776367,12.789999961853027,3564269
2022-04-29,13.144000053405762,12.907999992370605,13.0,13.008000373840332,4669651
2022-05-02,12.899999618530273,12.220000267028809,12.890000343322754,12.609999656677246,4391661
2022-05-03,13.03600025177002,12.696000099182129,12.781999588012695,12.977999687194824,3756238
2022-05-04,13.140000343322754,12.824000358581543,13.100000381469727,12.824000358581543,3386900
2022-05-05,13.470000267028809,12.687999725341797,13.420000076293945,12.727999687194824,5864969
2022-05-06,13.307999610900879,12.569999694824219,12.699999809265137,13.156000137329102,6781806
2022-05-09,13.289999961853027,12.729999542236328,13.182000160217285,12.729999542236328,3958283
2022-05-10,13.157999992370605,12.791999816894531,12.968000411987305,12.854000091552734,4091451
2022-05-11,13.357999801635742,12.937999725341797,13.088000297546387,13.22599983215332,3937336
2022-05-12,13.34000015258789,12.78600025177002,12.904000282287598,13.251999855041504,4628705
2022-05-13,13.789999961853027,13.276000022888184,13.333999633789062,13.744000434875488,5111594
2022-05-16,13.854000091552734,13.565999984741211,13.746000289916992,13.670000076293945,3138458
2022-05-17,13.89799976348877,13.597999572753906,13.803999900817871,13.734000205993652,3757138
2022-05-18,13.887999534606934,13.501999855041504,13.819999694824219,13.52400016784668,2989202
2022-05-19,13.479999542236328,13.022000312805176,13.279999732971191,13.479999542236328,3291848
2022-05-20,14.050000190734863,13.51200008392334,13.666000366210938,13.520000457763672,4201524
2022-05-23,13.902000427246094,13.40999984741211,13.887999534606934,13.59000015258789,3731720
2022-05-24,13.53600025177002,13.133999824523926,13.447999954223633,13.140000343322754,3735647
2022-05-25,13.394000053405762,12.916000366210938,13.329999923706055,13.378000259399414,3452863
2022-05-26,13.777999877929688,13.314000129699707,13.432000160217285,13.70199966430664,4023572
2022-05-27,13.859999656677246,13.62600040435791,13.819999694824219,13.741999626159668,2539808
2022-05-30,14.038000106811523,13.795999526977539,13.899999618530273,14.003999710083008,2413391
2022-05-31,14.173999786376953,13.805999755859375,13.935999870300293,13.932000160217285,3263292
2022-06-01,14.5,14.003999710083008,14.092000007629395,14.152000427246094,4288156
2022-06-02,14.324000358581543,14.168000221252441,14.265999794006348,14.258000373840332,2902365
2022-06-03,14.34000015258789,13.748000144958496,14.272000312805176,13.795999526977539,3653786
2022-06-06,14.140000343322754,13.906000137329102,13.994000434875488,14.027999877929688,2851620
2022-06-07,14.03600025177002,13.765999794006348,13.973999977111816,13.88599967956543,2837953
2022-06-08,14.097999572753906,13.899999618530273,13.920000076293945,13.96399974822998,4099761
2022-06-09,14.026000022888184,13.656000137329102,13.899999618530273,13.71399974822998,3387686
2022-06-10,13.642000198364258,12.937999725341797,13.621999740600586,13.005999565124512,5590516
2022-06-13,12.76200008392334,12.300000190734863,12.673999786376953,12.472000122070312,5560286
2022-06-14,12.670000076293945,12.184000015258789,12.621999740600586,12.46399974822998,4635110
2022-06-15,12.895999908447266,12.5,12.727999687194824,12.826000213623047,4398659
2022-06-16,12.800000190734863,12.086000442504883,12.75,12.157999992370605,5162397
2022-06-17,12.472000122070312,12.118000030517578,12.140000343322754,12.236000061035156,5757339
2022-06-20,12.423999786376953,12.173999786376953,12.277999877929688,12.394000053405762,3528659
2022-06-21,12.765999794006348,12.387999534606934,12.430000305175781,12.6899995803833,3121074
2022-06-22,12.604000091552734,12.145999908447266,12.5,12.482000350952148,3735619
2022-06-23,12.567999839782715,12.220000267028809,12.5,12.220000267028809,4086558
2022-06-24,12.447999954223633,12.069999694824219,12.312000274658203,12.432000160217285,3504956
2022-06-27,12.760000228881836,12.29800033569336,12.503999710083008,12.416000366210938,3140744
2022-06-28,12.784000396728516,12.503999710083008,12.503999710083008,12.539999961853027,3713614
2022-06-29,12.312000274658203,12.081999778747559,12.161999702453613,12.187999725341797,5457657
2022-06-30,12.022000312805176,11.630000114440918,12.0,11.781999588012695,6139783
2022-07-01,11.935999870300293,11.510000228881836,11.692000389099121,11.708000183105469,4715308
2022-07-04,11.899999618530273,11.484000205993652,11.899999618530273,11.600000381469727,2825500
2022-07-05,11.729999542236328,11.15999984741211,11.645999908447266,11.239999771118164,5736300
2022-07-06,11.51200008392334,11.1899995803833,11.428000450134277,11.199999809265137,4047445
2022-07-07,12.081999778747559,11.420000076293945,11.420000076293945,12.017999649047852,6218960
2022-07-08,12.48799991607666,11.956000328063965,12.0,12.479999542236328,7034204
2022-07-11,12.456000328063965,11.960000038146973,12.12399959564209,12.192000389099121,2445359
2022-07-12,12.329999923706055,11.989999771118164,12.013999938964844,12.281999588012695,2962344
2022-07-13,12.1899995803833,11.84000015258789,12.145999908447266,12.01200008392334,3786303
2022-07-14,12.081999778747559,11.552000045776367,11.923999786376953,11.685999870300293,3854860
2022-07-15,12.083999633789062,11.605999946594238,11.6899995803833,11.965999603271484,5417368
2022-07-18,12.32800006866455,12.050000190734863,12.21399974822998,12.253999710083008,4253527
2022-07-19,12.784000396728516,12.034000396728516,12.100000381469727,12.715999603271484,3744746
2022-07-20,12.892000198364258,12.359999656677246,12.734000205993652,12.619999885559082,4587044
2022-07-21,12.710000038146973,12.371999740600586,12.508000373840332,12.567999839782715,4373526
2022-07-22,12.706000328063965,12.369999885559082,12.562000274658203,12.649999618530273,3047154
2022-07-25,12.904000282287598,12.470000267028809,12.663999557495117,12.85200023651123,3407205
2022-07-26,12.9399995803833,12.668000221252441,12.781999588012695,12.781999588012695,3206406
2022-07-27,13.020000457763672,12.795999526977539,12.836000442504883,12.928000450134277,2850873
2022-07-28,13.62399959564209,13.199999809265137,13.255999565124512,13.5600004196167,10444374
2022-07-29,13.972000122070312,13.722000122070312,13.819999694824219,13.92199993133545,4921191
2022-08-01,14.305999755859375,14.01200008392334,14.03600025177002,14.04800033569336,3876465
2022-08-02,14.291999816894531,13.958000183105469,14.133999824523926,14.276000022888184,4129733
2022-08-03,14.418000221252441,13.998000144958496,14.319999694824219,14.418000221252441,4393818
2022-08-04,14.708000183105469,14.317999839782715,14.489999771118164,14.326000213623047,4587810
2022-08-05,14.588000297546387,14.223999977111816,14.229999542236328,14.329999923706055,2939824
2022-08-08,14.78600025177002,14.319999694824219,14.383999824523926,14.777999877929688,3480435
2022-08-09,14.842000007629395,14.392000198364258,14.789999961853027,14.407999992370605,2964247
2022-08-10,14.675999641418457,14.263999938964844,14.404000282287598,14.604000091552734,2914667
2022-08-11,14.758000373840332,14.5600004196167,14.699999809265137,14.680000305175781,2894555
2022-08-12,14.923999786376953,14.696000099182129,14.75,14.842000007629395,2125614
2022-08-15,14.949999809265137,14.642000198364258,14.934000015258789,14.920000076293945,1634548
2022-08-16,14.998000144958496,14.800000190734863,14.942000389099121,14.902000427246094,2161362
2022-08-17,15.104000091552734,14.642000198364258,14.989999771118164,14.706000328063965,3301952
2022-08-18,14.944000244140625,14.694000244140625,14.706000328063965,14.87600040435791,1777938
2022-08-19,14.845999717712402,14.418000221252441,14.819999694824219,14.437999725341797,2734965
2022-08-22,14.378000259399414,13.715999603271484,14.350000381469727,13.857999801635742,4531067
2022-08-23,14.116000175476074,13.510000228881836,13.62399959564209,14.034000396728516,3402823
2022-08-24,14.196000099182129,13.800000190734863,14.050000190734863,14.173999786376953,2692891
2022-08-25,14.3100004196167,13.956000328063965,14.253999710083008,14.093999862670898,3217778
2022-08-26,14.338000297546387,13.680000305175781,14.199999809265137,13.744000434875488,3167109
2022-08-29,13.819999694824219,13.491999626159668,13.640000343322754,13.751999855041504,2715114
2022-08-30,13.970000267028809,13.526000022888184,13.871999740600586,13.62399959564209,3614472
2022-08-31,13.793999671936035,13.336000442504883,13.696000099182129,13.336000442504883,3847761
2022-09-01,13.260000228881836,13.079999923706055,13.163999557495117,13.12600040435791,4070807
2022-09-02,13.520000457763672,13.137999534606934,13.300000190734863,13.470000267028809,4067376
2022-09-05,13.192000389099121,12.815999984741211,13.163999557495117,12.815999984741211,4071477
2022-09-06,13.050000190734863,12.779999732971191,12.87399959564209,12.996000289916992,3495150
2022-09-07,13.130000114440918,12.868000030517578,12.887999534606934,13.130000114440918,3323130
2022-09-08,13.232000350952148,12.866000175476074,13.187999725341797,13.121999740600586,2848960
2022-09-09,13.503999710083008,13.163999557495117,13.220000267028809,13.293999671936035,3255436
2022-09-12,13.777999877929688,13.477999687194824,13.482000350952148,13.734000205993652,2648527
2022-09-13,13.9399995803833,13.538000106811523,13.788000106811523,13.5600004196167,3020820
2022-09-14,13.720000267028809,13.355999946594238,13.39799976348877,13.668000221252441,2316862
2022-09-15,13.772000312805176,13.557999610900879,13.581999778747559,13.697999954223633,2057741
2022-09-16,13.57800006866455,13.293999671936035,13.42199993133545,13.390000343322754,8031645
2022-09-19,13.60200023651123,13.23799991607666,13.45199966430664,13.522000312805176,2460982
2022-09-20,13.710000038146973,13.130000114440918,13.592000007629395,13.187999725341797,5022838
2022-09-21,13.321999549865723,12.954000473022461,13.100000381469727,13.321999549865723,3265856
2022-09-22,13.314000129699707,12.977999687194824,13.0600004196167,12.998000144958496,3975434
2022-09-23,12.998000144958496,12.354000091552734,12.998000144958496,12.479999542236328,5602778
2022-09-26,12.954000473022461,12.39799976348877,12.399999618530273,12.729999542236328,4568817
2022-09-27,13.041999816894531,12.744000434875488,12.892000198364258,12.838000297546387,3203283
2022-09-28,12.883999824523926,12.470000267028809,12.670000076293945,12.824000358581543,3542973
2022-09-29,12.920000076293945,12.055999755859375,12.843999862670898,12.215999603271484,5462469
2022-09-30,12.423999786376953,12.053999900817871,12.272000312805176,12.276000022888184,3526880
2022-10-03,12.505999565124512,11.970000267028809,12.12399959564209,12.505999565124512,3842388
2022-10-04,12.942000389099121,12.6899995803833,12.800000190734863,12.92199993133545,3796025
2022-10-05,12.84000015258789,12.387999534606934,12.807999610900879,12.600000381469727,3657745
2022-10-06,12.807999610900879,12.482000350952148,12.723999977111816,12.52400016784668,2557781
2022-10-07,12.630000114440918,12.239999771118164,12.482000350952148,12.300000190734863,2197166
2022-10-10,12.40999984741211,12.100000381469727,12.15999984741211,12.180000305175781,2567648
2022-10-11,12.293999671936035,11.868000030517578,12.121999740600586,12.289999961853027,3239604
2022-10-12,12.289999961853027,11.95199966430664,12.25,12.192000389099121,3068382
2022-10-13,12.51200008392334,11.986000061035156,12.140000343322754,12.48799991607666,3758976
2022-10-14,12.706000328063965,12.416000366210938,12.645999908447266,12.472000122070312,3056197
2022-10-17,12.892000198364258,12.460000038146973,12.640000343322754,12.819999694824219,3201578
2022-10-18,13.293999671936035,12.934000015258789,13.0,13.013999938964844,3023109
2022-10-19,13.1899995803833,12.968000411987305,13.137999534606934,12.970000267028809,1948041
2022-10-20,13.236000061035156,12.854000091552734,12.956000328063965,13.168000221252441,2951062
2022-10-21,13.104000091552734,12.838000297546387,13.088000297546387,13.076000213623047,3605856
2022-10-24,13.593999862670898,13.105999946594238,13.210000038146973,13.465999603271484,3467689
2022-10-25,13.630000114440918,13.25,13.609999656677246,13.531999588012695,2486837
2022-10-26,13.685999870300293,13.399999618530273,13.496000289916992,13.649999618530273,2562831
2022-10-27,13.685999870300293,13.425999641418457,13.637999534606934,13.619999885559082,3065236
2022-10-28,13.569999694824219,13.326000213623047,13.47599983215332,13.552000045776367,2547404
2022-10-31,13.715999603271484,13.437999725341797,13.618000030517578,13.644000053405762,2308973
2022-11-01,14.067999839782715,13.699999809265137,13.732000350952148,13.79800033569336,2887202
2022-11-02,14.026000022888184,13.694000244140625,13.946000099182129,13.708000183105469,3304617
2022-11-03,13.59000015258789,13.092000007629395,13.574000358581543,13.288000106811523,5072968
2022-11-04,13.682000160217285,13.196000099182129,13.208000183105469,13.565999984741211,4899272
2022-11-07,13.781999588012695,13.4399995803833,13.595999717712402,13.767999649047852,3373360
2022-11-08,13.751999855041504,13.539999961853027,13.670000076293945,13.696000099182129,3258556
2022-11-09,13.770000457763672,13.557999610900879,13.71399974822998,13.704000473022461,3013918
2022-11-10,14.196000099182129,13.600000381469727,13.656000137329102,14.168000221252441,5795361
2022-11-11,14.394000053405762,14.12399959564209,14.289999961853027,14.229999542236328,4901974
2022-11-14,14.531999588012695,14.251999855041504,14.277999877929688,14.394000053405762,4453546
2022-11-15,14.604000091552734,14.394000053405762,14.5,14.529999732971191,3424177
2022-11-16,14.5,14.154000282287598,14.470000267028809,14.23799991607666,5248901
2022-11-17,14.383999824523926,14.008000373840332,14.336000442504883,14.116000175476074,3550296
2022-11-18,14.399999618530273,14.194000244140625,14.229999542236328,14.399999618530273,3060374
2022-11-21,14.550000190734863,14.359999656677246,14.399999618530273,14.545999526977539,3401813
2022-11-22,14.736000061035156,14.392000198364258,14.496000289916992,14.687999725341797,2817120
2022-11-23,14.732000350952148,14.449999809265137,14.706000328063965,14.482000350952148,2240101
2022-11-24,14.696000099182129,14.505999565124512,14.520000457763672,14.649999618530273,2304568
2022-11-25,14.678000450134277,14.503999710083008,14.663999557495117,14.64799976348877,1728180
2022-11-28,14.637999534606934,14.470000267028809,14.569999694824219,14.552000045776367,2581813
2022-11-29,14.755999565124512,14.387999534606934,14.619999885559082,14.70199966430664,2959566
2022-11-30,14.928000450134277,14.699999809265137,14.779999732971191,14.883999824523926,4001759
2022-12-01,15.074000358581543,14.842000007629395,14.979999542236328,14.906000137329102,3448896
2022-12-02,14.906000137329102,14.461999893188477,14.906000137329102,14.600000381469727,4327417
2022-12-05,14.666000366210938,14.47599983215332,14.600000381469727,14.657999992370605,4115830
2022-12-06,14.670000076293945,14.407999992370605,14.600000381469727,14.458000183105469,2578724
2022-12-07,14.618000030517578,14.406000137329102,14.491999626159668,14.446000099182129,2998394
2022-12-08,14.447999954223633,14.07800006866455,14.430000305175781,14.07800006866455,4982397
2022-12-09,14.156000137329102,13.567999839782715,14.100000381469727,13.765999794006348,6476743
2022-12-12,13.913999557495117,13.619999885559082,13.680000305175781,13.770000457763672,4445447
2022-12-13,14.105999946594238,13.619999885559082,13.836000442504883,13.802000045776367,3824947
2022-12-14,13.949999809265137,13.777999877929688,13.803999900817871,13.890000343322754,3551765
2022-12-15,13.850000381469727,13.456000328063965,13.800000190734863,13.538000106811523,4619701
2022-12-16,13.600000381469727,13.331999778747559,13.515999794006348,13.36400032043457,3337682
2022-12-19,13.539999961853027,13.378000259399414,13.413999557495117,13.47599983215332,2556279
2022-12-20,13.324000358581543,13.17199993133545,13.281999588012695,13.246000289916992,3970968
2022-12-21,13.54800033569336,13.281999588012695,13.326000213623047,13.543999671936035,2546617
2022-12-22,13.621999740600586,13.062000274658203,13.600000381469727,13.107999801635742,3973259
2022-12-23,13.25,13.062000274658203,13.11400032043457,13.187999725341797,2403985
2022-12-27,13.331999778747559,13.130000114440918,13.303999900817871,13.149999618530273,1454103
2022-12-28,13.22599983215332,13.067999839782715,13.182000160217285,13.109999656677246,1625982
2022-12-29,13.420000076293945,13.052000045776367,13.10200023651123,13.387999534606934,2322993
2022-12-30,13.406000137329102,13.270000457763672,13.359999656677246,13.270000457763672,1841001
2023-01-02,13.661999702453613,13.362000465393066,13.378000259399414,13.645999908447266,2268615
2023-01-03,13.998000144958496,13.618000030517578,13.684000015258789,13.805999755859375,3676414
2023-01-04,14.197999954223633,13.789999961853027,13.842000007629395,14.178000450134277,3293592
2023-01-05,14.395999908447266,14.067999839782715,14.116000175476074,14.342000007629395,2920327
2023-01-06,14.45199966430664,14.027999877929688,14.4399995803833,14.4399995803833,3292299
2023-01-09,14.633999824523926,14.468000411987305,14.5600004196167,14.553999900817871,4682585
2023-01-10,14.734000205993652,14.501999855041504,14.5600004196167,14.663999557495117,3231283
2023-01-11,14.78600025177002,14.534000396728516,14.779999732971191,14.640000343322754,3520584
2023-01-12,14.866000175476074,14.5600004196167,14.715999603271484,14.784000396728516,4020724
2023-01-13,14.77400016784668,14.10200023651123,14.77400016784668,14.220000267028809,7401421
2023-01-16,14.395999908447266,14.119999885559082,14.300000190734863,14.319999694824219,2279868
2023-01-17,14.394000053405762,14.10200023651123,14.329999923706055,14.357999801635742,4518577
2023-01-18,14.458000183105469,14.25,14.399999618530273,14.26200008392334,2974690
2023-01-19,14.204000473022461,13.904000282287598,14.15999984741211,13.907999992370605,4716400
2023-01-20,14.045999526977539,13.779999732971191,14.022000312805176,14.008000373840332,4044772
2023-01-23,14.09000015258789,13.895999908447266,14.07800006866455,14.013999938964844,2720957
2023-01-24,14.145999908447266,13.88599967956543,14.100000381469727,14.029999732971191,2982132
2023-01-25,14.131999969482422,13.803999900817871,13.930000305175781,13.920000076293945,2818665
2023-01-26,14.109999656677246,13.92199993133545,14.029999732971191,14.062000274658203,2640310
2023-01-27,14.229999542236328,14.055999755859375,14.137999534606934,14.206000328063965,3156165
2023-01-30,14.270000457763672,13.923999786376953,14.258000373840332,14.015999794006348,3299314
2023-01-31,14.387999534606934,13.850000381469727,13.972000122070312,14.38599967956543,6367814
2023-02-01,14.62399959564209,14.38599967956543,14.48799991607666,14.494000434875488,4224990
2023-02-02,15.20199966430664,14.5600004196167,14.657999992370605,15.20199966430664,5809032
2023-02-03,15.27400016784668,14.899999618530273,15.0600004196167,15.22599983215332,5983611
2023-02-06,15.14799976348877,14.90999984741211,15.07800006866455,15.055999755859375,4138794
2023-02-07,15.222000122070312,15.04800033569336,15.144000053405762,15.081999778747559,3294836
2023-02-08,15.267999649047852,14.996000289916992,15.170000076293945,15.119999885559082,2689090
2023-02-09,15.710000038146973,15.154000282287598,15.199999809265137,15.668000221252441,5144079
2023-02-10,15.699999809265137,15.369999885559082,15.600000381469727,15.399999618530273,3298959
2023-02-13,15.574000358581543,15.350000381469727,15.350000381469727,15.491999626159668,2139531
2023-02-14,15.711999893188477,15.501999855041504,15.552000045776367,15.567999839782715,3151703
2023-02-15,15.887999534606934,15.541999816894531,15.685999870300293,15.881999969482422,2946537
2023-02-16,16.079999923706055,15.758000373840332,15.949999809265137,15.895999908447266,4578977
2023-02-17,15.984000205993652,15.739999771118164,15.899999618530273,15.949999809265137,2953212
2023-02-20,16.239999771118164,16.020000457763672,16.034000396728516,16.131999969482422,3471859
2023-02-21,16.139999389648438,15.777999877929688,16.079999923706055,15.868000030517578,4628061
2023-02-22,16.413999557495117,15.895999908447266,16.239999771118164,16.219999313354492,8402941
2023-02-23,17.08799934387207,16.45400047302246,16.45800018310547,16.802000045776367,10036429
2023-02-24,17.04400062561035,16.368000030517578,16.968000411987305,16.444000244140625,6167740
2023-02-27,16.74799919128418,16.441999435424805,16.5,16.625999450683594,5526497
2023-02-28,16.742000579833984,16.445999145507812,16.628000259399414,16.530000686645508,5769197
2023-03-01,17.22800064086914,16.615999221801758,16.697999954223633,17.06599998474121,6135573
2023-03-02,17.22800064086914,16.857999801635742,17.0,17.167999267578125,3760031
2023-03-03,17.743999481201172,17.309999465942383,17.332000732421875,17.66200065612793,5174549
2023-03-06,17.781999588012695,17.510000228881836,17.70800018310547,17.577999114990234,3821410
2023-03-07,17.695999145507812,17.450000762939453,17.525999069213867,17.525999069213867,2539313
2023-03-08,17.606000900268555,17.440000534057617,17.450000762939453,17.483999252319336,2451216
2023-03-09,17.47800064086914,17.07200050354004,17.450000762939453,17.191999435424805,4226264
2023-03-10,16.8799991607666,16.531999588012695,16.799999237060547,16.8799991607666,4759428
2023-03-13,16.847999572753906,16.040000915527344,16.847999572753906,16.200000762939453,6788676
2023-03-14,16.441999435424805,15.984000205993652,16.121999740600586,16.395999908447266,4903445
2023-03-15,16.360000610351562,15.63599967956543,16.360000610351562,15.781999588012695,6789727
2023-03-16,16.09000015258789,15.454000473022461,16.049999237060547,15.904000282287598,5144567
2023-03-17,16.190000534057617,15.569999694824219,16.062000274658203,15.715999603271484,5433163
2023-03-20,15.984000205993652,15.234000205993652,15.699999809265137,15.847999572753906,4599431
2023-03-21,16.31999969482422,16.0,16.0,16.200000762939453,3868318
2023-03-22,16.31399917602539,16.1299991607666,16.200000762939453,16.194000244140625,2114180
2023-03-23,16.261999130249023,15.916000366210938,16.139999389648438,16.190000534057617,2727413
2023-03-24,16.025999069213867,15.682000160217285,16.025999069213867,15.916000366210938,3622973
2023-03-27,16.281999588012695,16.020000457763672,16.152000427246094,16.238000869750977,2553708
2023-03-28,16.459999084472656,16.219999313354492,16.399999618530273,16.242000579833984,2734804
2023-03-29,16.399999618530273,16.1560001373291,16.299999237060547,16.399999618530273,3370225
2023-03-30,16.690000534057617,16.468000411987305,16.503999710083008,16.577999114990234,2362031
2023-03-31,16.746000289916992,16.492000579833984,16.625999450683594,16.72800064086914,3468423
2023-04-03,16.833999633789062,16.645999908447266,16.75,16.672000885009766,2343834
2023-04-04,16.860000610351562,16.413999557495117,16.805999755859375,16.43199920654297,3369544
2023-04-05,16.488000869750977,16.07200050354004,16.399999618530273,16.11199951171875,4253698
2023-04-06,16.29400062561035,16.04599952697754,16.214000701904297,16.239999771118164,2987674
2023-04-11,16.77199935913086,16.525999069213867,16.573999404907227,16.77199935913086,4818346
2023-04-12,17.09600067138672,16.724000930786133,16.760000228881836,16.799999237060547,3439349
2023-04-13,17.0,16.766000747680664,16.805999755859375,16.82200050354004,2973597
2023-04-14,17.195999145507812,16.97800064086914,16.992000579833984,17.166000366210938,3185219
2023-04-17,17.323999404907227,16.98200035095215,17.222000122070312,16.98200035095215,3307097
2023-04-18,17.163999557495117,16.920000076293945,17.079999923706055,17.027999877929688,2584162
2023-04-19,17.08799934387207,16.84600067138672,17.08799934387207,16.95199966430664,3905698
2023-04-20,16.79599952697754,15.89799976348877,16.79599952697754,16.052000045776367,8134154
2023-04-21,16.110000610351562,15.710000038146973,15.972000122070312,15.949999809265137,5087280
2023-04-24,15.140000343322754,14.704000473022461,14.960000038146973,14.944000244140625,6135537
2023-04-25,14.904000282287598,14.645999908447266,14.857999801635742,14.763999938964844,4165049
2023-04-26,14.73799991607666,14.494000434875488,14.729999542236328,14.661999702453613,3405802
2023-04-27,14.887999534606934,14.571999549865723,14.62600040435791,14.746000289916992,2592349
2023-04-28,14.991999626159668,14.529999732971191,14.907999992370605,14.991999626159668,2654165
2023-05-02,15.232000350952148,14.696000099182129,15.095999717712402,14.732000350952148,3298211
2023-05-03,14.680000305175781,14.324000358581543,14.680000305175781,14.46399974822998,4167359
2023-05-04,14.472000122070312,14.17199993133545,14.454000473022461,14.36400032043457,3354964
2023-05-05,14.760000228881836,14.378000259399414,14.461999893188477,14.722000122070312,3775875
2023-05-08,14.883999824523926,14.706000328063965,14.791999816894531,14.814000129699707,1891715
2023-05-09,14.977999687194824,14.777999877929688,14.850000381469727,14.928000450134277,2264208
2023-05-10,15.12600040435791,14.881999969482422,14.979999542236328,14.965999603271484,2640650
2023-05-11,15.050000190734863,14.765999794006348,14.965999603271484,14.923999786376953,2431342
2023-05-12,15.086000442504883,14.9399995803833,15.0,14.9399995803833,1950952
2023-05-15,15.045999526977539,14.833999633789062,14.994000434875488,14.892000198364258,1808543
2023-05-16,14.871999740600586,14.555999755859375,14.8100004196167,14.6899995803833,2698116
2023-05-17,14.937999725341797,14.5600004196167,14.567999839782715,14.838000297546387,2488889
2023-05-18,15.239999771118164,14.883999824523926,14.911999702453613,15.144000053405762,2489466
2023-05-19,15.565999984741211,15.206000328063965,15.22599983215332,15.425999641418457,2694463
2023-05-22,15.526000022888184,15.234000205993652,15.479999542236328,15.312000274658203,2336789
2023-05-23,15.3100004196167,15.161999702453613,15.3100004196167,15.25,1811516
2023-05-24,15.093999862670898,14.576000213623047,15.052000045776367,14.62600040435791,4098059
2023-05-25,14.687999725341797,14.411999702453613,14.687999725341797,14.479999542236328,2669403
2023-05-26,14.838000297546387,14.387999534606934,14.618000030517578,14.763999938964844,2651322
2023-05-29,14.956000328063965,14.65999984741211,14.86400032043457,14.763999938964844,1239358
2023-05-30,14.911999702453613,14.699999809265137,14.850000381469727,14.699999809265137,2107399
2023-05-31,14.581999778747559,14.142000198364258,14.543999671936035,14.1899995803833,5053151
2023-06-02,14.866000175476074,14.486000061035156,14.541999816894531,14.776000022888184,3312600
2023-06-05,14.866000175476074,14.64799976348877,14.850000381469727,14.802000045776367,2762440
2023-06-06,14.776000022888184,14.552000045776367,14.723999977111816,14.739999771118164,2735641
2023-06-07,14.954000473022461,14.618000030517578,14.770000457763672,14.954000473022461,2903208
2023-06-08,15.32800006866455,14.85200023651123,14.878000259399414,15.180000305175781,2708400
2023-06-09,15.215999603271484,15.038000106811523,15.180000305175781,15.045999526977539,3039873
2023-06-12,15.390000343322754,15.152000427246094,15.161999702453613,15.281999588012695,2284436
2023-06-13,15.586000442504883,15.368000030517578,15.369999885559082,15.54800033569336,3475271
2023-06-14,15.916000366210938,15.59000015258789,15.600000381469727,15.755999565124512,2990040
2023-06-15,15.779999732971191,15.479999542236328,15.739999771118164,15.729999542236328,2793291
2023-06-16,15.928000450134277,15.680000305175781,15.753999710083008,15.862000465393066,3210099
2023-06-19,15.847999572753906,15.680000305175781,15.793999671936035,15.748000144958496,1937542
2023-06-20,15.751999855041504,15.336000442504883,15.657999992370605,15.38599967956543,3821143
2023-06-21,15.640000343322754,15.37399959564209,15.413999557495117,15.37600040435791,1925688
2023-06-22,15.267999649047852,14.75,15.206000328063965,15.218000411987305,3422267
2023-06-23,15.199999809265137,15.01200008392334,15.13599967956543,15.131999969482422,2577078
2023-06-26,15.300000190734863,14.895999908447266,15.17199993133545,15.178000450134277,1813429
2023-06-27,15.35200023651123,15.057999610900879,15.314000129699707,15.305999755859375,2553344
2023-06-28,15.505999565124512,15.347999572753906,15.394000053405762,15.47599983215332,2191499
2023-06-29,16.15999984741211,15.539999961853027,15.569999694824219,16.007999420166016,5144841
2023-06-30,16.18000030517578,16.027999877929688,16.054000854492188,16.079999923706055,2724539
2023-07-03,16.389999389648438,16.170000076293945,16.170000076293945,16.284000396728516,2522248
2023-07-04,16.408000946044922,16.107999801635742,16.350000381469727,16.257999420166016,2220888
2023-07-05,16.290000915527344,16.059999465942383,16.11199951171875,16.15399932861328,3852235
2023-07-06,16.242000579833984,15.819999694824219,16.134000778198242,15.87600040435791,3509789
2023-07-07,16.236000061035156,15.803999900817871,16.0,16.200000762939453,2946074
2023-07-10,16.38599967956543,16.11400032043457,16.163999557495117,16.263999938964844,2020310
2023-07-11,16.393999099731445,16.170000076293945,16.33799934387207,16.333999633789062,2013081
2023-07-12,16.788000106811523,16.45599937438965,16.469999313354492,16.715999603271484,3572610
2023-07-13,16.899999618530273,16.690000534057617,16.780000686645508,16.81999969482422,2718142
2023-07-14,16.841999053955078,16.658000946044922,16.826000213623047,16.719999313354492,1600483
2023-07-17,16.72800064086914,16.54199981689453,16.667999267578125,16.606000900268555,1885305
2023-07-18,16.663999557495117,16.506000518798828,16.59000015258789,16.591999053955078,1215969
2023-07-19,16.75,16.510000228881836,16.65999984741211,16.577999114990234,1380951
2023-07-20,16.70400047302246,16.450000762939453,16.5,16.652000427246094,1730224
2023-07-21,16.72599983215332,16.461999893188477,16.649999618530273,16.513999938964844,1975590
2023-07-24,16.81599998474121,16.45199966430664,16.49799919128418,16.757999420166016,2085128
2023-07-25,17.0,16.73200035095215,16.841999053955078,16.777999877929688,2567561
2023-07-26,17.3799991607666,16.777999877929688,17.0,17.23200035095215,5526846
2023-07-27,18.18400001525879,17.31399917602539,17.399999618530273,18.13599967956543,6080746
2023-07-28,18.68600082397461,18.059999465942383,18.101999282836914,18.57200050354004,5185839
2023-07-31,18.878000259399414,18.597999572753906,18.68000030517578,18.65399932861328,2861984
2023-08-01,18.6200008392334,17.93000030517578,18.597999572753906,18.309999465942383,5702340
2023-08-02,18.170000076293945,17.790000915527344,17.993999481201172,18.04400062561035,3407253
2023-08-03,18.010000228881836,17.757999420166016,17.950000762939453,17.90399932861328,2798316
2023-08-04,18.059999465942383,17.761999130249023,18.0,17.84600067138672,2172710
2023-08-08,17.841999053955078,17.368000030517578,17.510000228881836,17.56399917602539,2573586
2023-08-09,17.836000442504883,17.392000198364258,17.670000076293945,17.392000198364258,2631373
2023-08-10,17.729999542236328,17.43199920654297,17.552000045776367,17.440000534057617,2713075
2023-08-11,17.229999542236328,16.79400062561035,17.229999542236328,16.847999572753906,4377656
2023-08-14,17.016000747680664,16.70199966430664,16.81399917602539,16.895999908447266,2346247
2023-08-15,16.93400001525879,16.531999588012695,16.908000946044922,16.549999237060547,1974936
2023-08-16,16.851999282836914,16.49799919128418,16.5,16.6560001373291,2967418
2023-08-17,16.634000778198242,16.40999984741211,16.586000442504883,16.469999313354492,2541279
2023-08-18,16.375999450683594,16.15399932861328,16.368000030517578,16.350000381469727,2257937
2023-08-21,16.75,16.305999755859375,16.31399917602539,16.645999908447266,2488593
2023-08-22,16.941999435424805,16.70199966430664,16.856000900268555,16.70599937438965,2611200
2023-08-23,16.79400062561035,16.601999282836914,16.763999938964844,16.718000411987305,2327200
2023-08-24,16.972000122070312,16.511999130249023,16.893999099731445,16.555999755859375,1932177
2023-08-25,16.857999801635742,16.47599983215332,16.51799964904785,16.715999603271484,2514274
2023-08-28,17.011999130249023,16.781999588012695,16.920000076293945,16.926000595092773,1828656
2023-08-29,17.239999771118164,16.923999786376953,17.04800033569336,17.215999603271484,2382155
2023-08-30,17.33799934387207,17.104000091552734,17.260000228881836,17.166000366210938,1510143
2023-08-31,17.270000457763672,17.079999923706055,17.158000946044922,17.145999908447266,3030419
2023-09-01,17.152000427246094,16.743999481201172,17.059999465942383,16.79400062561035,3316138
2023-09-04,17.027999877929688,16.77400016784668,16.908000946044922,16.805999755859375,1910324
2023-09-05,16.90999984741211,16.576000213623047,16.700000762939453,16.9060001373291,3121298
2023-09-06,17.190000534057617,16.88800048828125,17.0,16.922000885009766,2405308
2023-09-07,17.110000610351562,16.893999099731445,16.895999908447266,16.950000762939453,2830600
2023-09-08,17.034000396728516,16.670000076293945,17.007999420166016,16.989999771118164,1891604
2023-09-11,17.3700008392334,17.115999221801758,17.1299991607666,17.365999221801758,2260991
2023-09-12,17.969999313354492,17.469999313354492,17.489999771118164,17.82200050354004,3332488
2023-09-13,18.06999969482422,17.670000076293945,17.695999145507812,17.756000518798828,2361462
2023-09-14,17.715999603271484,17.479999542236328,17.70199966430664,17.579999923706055,2975684
2023-09-15,18.034000396728516,17.27199935913086,17.624000549316406,17.878000259399414,7742448
2023-09-18,18.097999572753906,17.583999633789062,17.99799919128418,17.790000915527344,2327050
2023-09-19,18.1299991607666,17.68600082397461,17.687999725341797,18.054000854492188,2389540
2023-09-20,18.645999908447266,18.1560001373291,18.166000366210938,18.607999801635742,3380957
2023-09-21,18.527999877929688,18.054000854492188,18.416000366210938,18.1560001373291,3465727
2023-09-22,18.423999786376953,17.95400047302246,18.1299991607666,18.284000396728516,3199874
2023-09-25,18.270000457763672,17.777999877929688,18.100000381469727,18.058000564575195,2696689
2023-09-26,18.079999923706055,17.81399917602539,18.034000396728516,17.986000061035156,2832098
2023-09-27,17.944000244140625,17.743999481201172,17.88599967956543,17.851999282836914,3033837
2023-09-28,18.200000762939453,17.715999603271484,17.857999801635742,18.15999984741211,3524110
2023-09-29,18.40999984741211,18.06800079345703,18.238000869750977,18.20199966430664,3268142
2023-10-02,18.284000396728516,17.993999481201172,18.152000427246094,18.104000091552734,2399991
2023-10-03,18.176000595092773,17.761999130249023,18.0,17.808000564575195,2136627
2023-10-04,17.856000900268555,17.100000381469727,17.597999572753906,17.724000930786133,1898841
2023-10-05,17.93400001525879,17.666000366210938,17.722000122070312,17.836000442504883,1222767
2023-10-06,18.079999923706055,17.770000457763672,17.88800048828125,17.989999771118164,1377047
2023-10-09,18.049999237060547,17.70199966430664,17.889999389648438,18.00200080871582,2068953
2023-10-10,18.628000259399414,18.15999984741211,18.15999984741211,18.527999877929688,3611435
2023-10-11,19.20400047302246,18.47599983215332,18.5,18.93000030517578,4403940
2023-10-12,19.20400047302246,18.83799934387207,19.110000610351562,18.923999786376953,3107045
2023-10-13,19.15399932861328,18.75,18.79800033569336,18.81999969482422,3432277
2023-10-16,18.95800018310547,18.440000534057617,18.799999237060547,18.690000534057617,2295374
2023-10-17,18.893999099731445,18.606000900268555,18.663999557495117,18.881999969482422,1295718
2023-10-18,19.173999786376953,18.718000411987305,18.895999908447266,18.777999877929688,2160289
2023-10-19,18.57200050354004,17.974000930786133,18.552000045776367,18.101999282836914,4492884
2023-10-20,17.989999771118164,17.61199951171875,17.979999542236328,17.649999618530273,3233847
2023-10-23,18.04400062561035,17.666000366210938,17.790000915527344,18.02199935913086,2626840
2023-10-24,17.88800048828125,17.63800048828125,17.854000091552734,17.719999313354492,2865221
2023-10-25,17.8700008392334,17.562000274658203,17.676000595092773,17.788000106811523,2490075
2023-10-26,17.81999969482422,17.389999389648438,17.788000106811523,17.663999557495117,2626130
2023-10-27,17.93400001525879,17.0939998626709,17.74799919128418,17.323999404907227,4246868
2023-10-30,17.520000457763672,16.833999633789062,17.459999084472656,17.04599952697754,3986539
2023-10-31,17.709999084472656,16.895999908447266,17.18600082397461,17.607999801635742,4039301
2023-11-01,18.054000854492188,17.63599967956543,17.989999771118164,17.93199920654297,2707548
2023-11-02,18.493999481201172,17.992000579833984,18.040000915527344,18.34600067138672,2885309
2023-11-03,18.760000228881836,18.469999313354492,18.479999542236328,18.697999954223633,2871913
2023-11-06,18.700000762939453,18.31599998474121,18.68400001525879,18.336000442504883,2109031
2023-11-07,18.399999618530273,18.016000747680664,18.11400032043457,18.09000015258789,1832825
2023-11-08,18.459999084472656,17.97800064086914,18.02199935913086,18.31999969482422,1276853
2023-11-09,18.31800079345703,18.107999801635742,18.277999877929688,18.13599967956543,1784708
